company_name,风险评分,风险等级
TCL通讯科技（成都）有限公司,100,A
一众工程咨询集团有限公司,100,A
一匀（成都）科技有限公司,90,A
一城（成都）工程咨询有限公司,90,A
一夫当关体育科技（成都）有限公司,90,A
一智科技（成都）有限公司,80,B
一汽（四川）专用汽车有限公司,70,C
一石数字技术成都有限公司,90,A
一起生活网络成都有限公司,100,A
七迈车科技集团有限公司,65,D
万商云集（成都）科技股份有限公司,95,A
万基泰科工集团（四川）有限公司,90,A
万岩铁路装备（成都）有限责任公司,90,A
万物共算（成都）科技有限责任公司,100,A
万物镜像科技（成都）有限公司,100,A
万瞳智能科技成都有限公司,90,A
万硕（成都）航空科技有限公司,100,A
万维智银（成都）科技有限公司,70,C
万象光形生物科技（成都）有限公司,90,A
三奇忆氧科技（四川）有限公司,80,B
三意科技（成都）有限公司,90,A
三投成都信息科技有限公司,90,A
上亿互动（成都）网络科技有限公司,90,A
上加下信息技术成都有限公司,100,A
上屋云创电子商务有限公司,85,B
上扬软件（成都）有限公司,100,A
上海一诺合创智能科技有限公司,90,A
上海吉诚智讯网络科技有限公司,90,A
上海巨硬铭锡科技有限公司,90,A
上海恒鼎盛科学仪器有限公司,90,A
上海迅投宽谷科技有限公司,100,A
上海龙兵兵数字科技有限公司,90,A
上银优势（成都）科技有限公司,90,A
下一把科技（成都）有限公司,90,A
与川行网络科技（成都）有限公司,90,A
专知利乎成都知识产权运营有限公司,90,A
世优宇宙（成都）科技有限公司,90,A
世纪网通成都科技有限公司,100,A
世邦德（成都）信息科技有限公司,90,A
丙坤数字科技（成都）有限公司,90,A
业兢集团有限公司,85,B
业成科技（成都）有限公司,95,A
东方凯特瑞（成都）环保科技有限公司,65,D
东方日立（成都）电控设备有限公司,95,A
东方电气中能工控网络安全技术（成都）有限责任公司,90,A
东方电气氢能（成都）有限公司,90,A
东方电气洁能科技成都有限公司,100,A
东方电气集团国际合作有限公司,95,A
东方电气集团科学技术研究院有限公司,100,A
东方电气（成都）工程设计咨询有限公司,100,A
东晶锐康晶体（成都）有限公司,50,E
东营慧思远信息科技有限公司,90,A
东营谨秋信息科技有限公司,90,A
东辉众创（成都）科技有限公司,90,A
东领大数据科技成都有限公司,100,A
丝路三芯（成都）智能科技有限公司,90,A
两英里科技成都有限公司,100,A
严格科创产业发展集团（成都）有限公司,100,A
中为新智（成都）科技有限责任公司,90,A
中久安特装备有限公司,90,A
中之保金融科技（成都）有限公司,90,A
中云汇（成都）物联科技有限公司,80,B
中优环境检测成都有限责任公司,100,A
中信国安建工集团有限公司,40,E
中健天康（成都）科技有限公司,90,A
中储粮成都储藏研究院有限公司,100,A
中储粮成都储藏研究院有限公司,100,A
中储粮成都储藏研究院有限公司,100,A
中兴视觉智能科技成都有限公司,90,A
中农同辰空间信息技术有限公司,90,A
中农工科（成都）农业发展有限公司,90,A
中冶交投善筑成都装配式建筑科技发展有限公司,90,A
中冶成都勘察研究总院有限公司,100,A
中凌启创（成都）科技有限公司,90,A
中创为（成都）量子通信技术有限公司,75,C
中创华源科技有限公司,90,A
中创博瑞建设工程有限公司,100,A
中创远大信息技术股份有限公司,90,A
中创金建技术集团有限公司,95,A
中动信息产业集团有限公司,100,A
中化学七化建化工工程（成都）有限公司,100,A
中化融信成都科技有限公司,100,A
中化资本数字科技有限公司,90,A
中卫物联成都科技有限公司,90,A
中和技术有限公司,90,A
中唐工程设计有限公司,100,A
中唐数智科技有限公司,90,A
中唐空铁多式联运有限公司,90,A
中唐空铁科技有限公司,75,C
中唐通信服务有限公司,95,A
中唯信工程顾问集团有限责任公司,100,A
中商巨建智慧交通科技有限公司,90,A
中固维科（成都）动力技术有限公司,100,A
中国五冶集团有限公司,100,A
中国化学工程第七建设有限公司,90,A
中国医药集团总公司四川抗菌素工业研究所,100,A
中国华西工程设计建设有限公司,100,A
中国安能集团第三工程局有限公司,80,B
中国市政工程西南设计研究总院有限公司,95,A
中国建筑西南勘察设计研究院有限公司,70,C
中国建筑西南设计研究院有限公司,95,A
中国成达工程有限公司,70,C
中国核动力研究设计院设备制造厂,95,A
中国民用航空总局第二研究所,100,A
中国水利水电第七工程局成都水电建设工程有限公司,75,C
中国水利水电第七工程局有限公司,60,D
中国水利水电第五工程局有限公司,60,D
中国水利水电第十工程局有限公司,60,D
中国物流股份有限公司成都分公司,85,B
中国电力工程顾问集团西南电力设计院有限公司,95,A
中国电力建设工程咨询环境工程有限公司,100,A
中国电子科技网络信息安全有限公司,95,A
中国电子系统工程第三建设有限公司,85,B
中国电建集团四川工程有限公司,80,B
中国电建集团成都勘测设计研究院有限公司,95,A
中国电建集团成都电力金具有限公司,95,A
中国电建集团成都电力金具有限公司,95,A
中国电建集团成都电力金具有限公司,95,A
中国电建集团透平科技有限公司,75,C
中国电建集团透平科技有限公司,75,C
中国电建集团透平科技有限公司,75,C
中国电建集团都江电力设备有限公司,100,A
中国电建集团都江电力设备有限公司,100,A
中国电建集团都江电力设备有限公司,100,A
中国石油集团川庆钻探工程有限公司,90,A
中国科学院光电技术研究所光学元件厂,100,A
中国科学院成都有机化学有限公司,100,A
中国航发成都发动机有限公司,85,B
中国航发航空科技股份有限公司,85,B
中国葛洲坝集团机电建设有限公司,85,B
中国葛洲坝集团第二工程有限公司,100,A
中国轻工业成都设计工程有限公司,95,A
中国重汽集团成都王牌商用车有限公司,60,D
中国铁建电气化局集团第五工程有限公司,95,A
中地云智慧科技有限公司,95,A
中城投第十一集团生态环境有限公司,100,A
中基数智（成都）科技有限公司,90,A
中基智造科技（成都）有限公司,100,A
中天华诺建设有限公司,90,A
中天君信勘测规划设计（四川）有限公司,100,A
中天建扬物流技术成都有限公司,100,A
中威博信（德州）电子科技有限公司,90,A
中威新能源（成都）有限公司,90,A
中宇龙诚（成都）信息技术咨询有限公司,90,A
中安信达建设有限公司,70,C
中安嘉泰建设工程有限公司,90,A
中安工业互联网（成都）有限公司,90,A
中安浩瑞科技有限公司,100,A
中密安（成都）科技有限公司,90,A
中密控股股份有限公司,95,A
中尔建设有限公司,90,A
中展建设股份有限公司,75,C
中展玖邦（成都）文化传媒有限公司,90,A
中川新迈科技有限公司,90,A
中广核久源（成都）科技有限公司,100,A
中广核达胜科技有限公司,100,A
中建八局西南建设工程有限公司,90,A
中建地下空间有限公司,70,C
中建新锐建设有限公司,85,B
中建易通科技股份有限公司,80,B
中建材西南勘测设计有限公司,95,A
中建环能科技股份有限公司,100,A
中建环能科技股份有限公司,100,A
中建环能科技股份有限公司,100,A
中建环能（四川）环境科技有限公司,100,A
中建电子商务有限责任公司,100,A
中建科技成都有限公司,65,D
中建西南咨询顾问有限公司,90,A
中建西南院数字城市科技（四川）有限公司,100,A
中建西部建设建材科学研究院有限公司,100,A
中建西部建设西南有限公司,70,C
中建铝新材料成都有限公司,100,A
中建鸿腾建设集团有限公司,100,A
中彦医疗科技有限责任公司,90,A
中微爱酷半导体科技（成都）有限公司,90,A
中德云岭（成都）科技有限公司,90,A
中德晨晰环保工程有限公司,100,A
中恒工程设计院有限公司,95,A
中恒工程设计院有限公司,95,A
中恒辉建设有限公司,100,A
中悦天川企业服务（成都）有限公司,90,A
中慧长源工程设计集团有限公司,100,A
中成建业勘测设计有限公司,90,A
中成智慧水务科技（成都）有限公司,90,A
中成能源集团有限公司,85,B
中抬科技集团有限公司,100,A
中拓维设计有限责任公司,100,A
中政智云（成都）科技有限公司,90,A
中新留服（成都）国际教育咨询集团有限公司,90,A
中方设计有限公司,90,A
中明博瑞成都科技有限公司,90,A
中晟华兴国际建工有限公司,85,B
中景恒基云端物联网科技成都有限公司,85,B
中曼电力科技有限公司,90,A
中材智能科技（成都）有限公司,100,A
中材科技（成都）有限公司,90,A
中核中同蓝博（成都）医学检验有限公司,100,A
中核同创（成都）科技有限公司,95,A
中核同创（成都）科技有限公司,95,A
中核同创（成都）科技有限公司,95,A
中森云链（成都）科技有限责任公司,90,A
中森伟业建筑有限公司,90,A
中植一客成都汽车有限公司,80,B
中正天达建设集团有限公司,100,A
中水君信工程勘察设计有限公司,100,A
中水禹冰勘测设计有限公司,100,A
中汽成都配件有限公司,90,A
中油奥博（成都）科技有限公司,100,A
中洁绿水环境技术成都有限公司,90,A
中测工程勘察设计院有限公司,90,A
中测测试科技有限公司,95,A
中海生态环境科技有限公司,100,A
中涂建工程集团有限公司,100,A
中煤水文局集团（四川）水环科技检测有限公司,80,B
中物九联（成都）科技有限责任公司,90,A
中环宇清环境工程有限公司,90,A
中环服（成都）科技有限公司,100,A
中璨建设有限公司,90,A
中瓴创（成都）科技有限公司,90,A
中瓴智行（成都）科技有限公司,90,A
中申华达建设工程管理有限公司,100,A
中电九天智能科技有限公司,90,A
中电传媒四川有限公司,100,A
中电健康云科技有限公司,90,A
中电四川数据服务有限公司,90,A
中电建建筑装饰工程有限公司,90,A
中电建成都建筑工业化有限责任公司,100,A
中电建成都建设投资有限公司,100,A
中电建成都混凝土制品有限公司,100,A
中电建成都铁塔有限公司,100,A
中电建路桥集团西部投资发展有限公司,90,A
中电建（四川）城市运营管理有限公司,100,A
中电新元（成都）电力技术有限公司,90,A
中电科柯林斯航空电子有限公司,100,A
中电科泰雷兹航空电子有限公司,100,A
中电科网络安全科技股份有限公司,100,A
中电科航空电子有限公司,100,A
中电科蓉威电子技术有限公司,100,A
中电科蓉威电子技术有限公司,100,A
中电药明数据科技（成都）有限公司,100,A
中电骏途新能源科技有限公司,85,B
中皓科技股份有限公司,85,B
中益信联（成都）信息技术有限公司,90,A
中研鑫源环保科技（成都）有限公司,100,A
中硕线缆成都有限公司,100,A
中禾飞阳科技有限公司,100,A
中科三正建设集团有限公司,75,C
中科中泽电子有限公司,80,B
中科中泽电子有限公司,80,B
中科中泽电子有限公司,80,B
中科云想信息技术（成都）有限公司,90,A
中科亿海微电子科技（成都）有限公司,90,A
中科信通成都建设工程有限公司,100,A
中科全云（成都）科技有限公司,100,A
中科创能实业有限公司,90,A
中科助企（成都）科技有限公司,90,A
中科华创国际工程设计顾问集团有限公司,80,B
中科厚立信息技术（成都）有限公司,100,A
中科同昌国强科技股份有限公司,100,A
中科国瑞泰达科技有限公司,95,A
中科天仪成都科技有限责任公司,90,A
中科天衡（成都）科技有限公司,100,A
中科安环科技产业（成都）集团有限公司,90,A
中科宏图（成都）科技有限公司,90,A
中科御言（成都）信息科技有限公司,90,A
中科微光子科技（成都）有限公司,90,A
中科微芯优联科技（成都）有限公司,90,A
中科惠康生物科技成都有限公司,90,A
中科时誉知识产权科技有限公司,90,A
中科星光（成都）电子有限公司,90,A
中科智创生态环境建设有限公司,90,A
中科民宗大数据科技（成都）有限公司,90,A
中科汇安科技成都有限公司,100,A
中科海网（成都）网络科技有限公司,90,A
中科源码（成都）服务机器人研究院有限公司,90,A
中科灵动航空科技成都有限公司,90,A
中科理想（成都）信息科技有限公司,90,A
中科璀璨机器人（成都）有限公司,90,A
中科芯创医疗科技（成都）有限公司,90,A
中科谱研（成都）检测有限公司,90,A
中科谱研（成都）科技有限公司,100,A
中科院成都信息技术股份有限公司,100,A
中移（成都）信息通信科技有限公司,100,A
中稀易涂科技发展有限公司,90,A
中立道科技有限公司,95,A
中络宏智（常州）物联网科技有限公司,90,A
中绿能建设工程设计有限公司,60,D
中网数科（成都）科技有限公司,90,A
中翔建设有限公司,90,A
中联宏信勘察设计有限公司,100,A
中联永安智慧消防科技（成都）有限公司,100,A
中联赛尔信息科技有限公司,95,A
中能川建智能科技成都有限公司,90,A
中自科技股份有限公司,95,A
中舟融信（成都）软件开发有限公司,90,A
中航成飞民用飞机有限责任公司,100,A
中航睿智科技（成都）有限公司,100,A
中航科创（成都）集团有限公司,100,A
中航（成都）无人机系统股份有限公司,100,A
中节能（成都）能源科技服务有限公司,100,A
中芯启通微电子（成都）有限公司,100,A
中蓝晨光化工研究设计院有限公司,75,C
中蓝晨光成都检测技术有限公司,100,A
中融国城建设有限公司,65,D
中认认证有限公司,80,B
中讯云联信息技术（成都）有限公司,85,B
中讯利邦实业有限公司,100,A
中访网（成都）新媒体发展集团有限公司,90,A
中译语通科技（成都）有限公司,100,A
中诚投建工集团有限公司,80,B
中资锐诚工程项目管理有限公司,90,A
中车成都机车车辆有限公司,100,A
中辰云筑建筑科技成都有限公司,100,A
中达聚力应急装备技术有限公司,90,A
中达能源科技（成都）有限公司,90,A
中迅高科（成都）智能科技有限公司,85,B
中远交科设计咨询有限公司,100,A
中通建技术有限公司,95,A
中通服创立信息科技有限责任公司,100,A
中道明华建设项目咨询集团有限责任公司,100,A
中道诚工程勘察设计有限公司,100,A
中道诚建设项目管理有限公司,100,A
中邦（成都）电器有限公司,80,B
中都工程设计有限公司,100,A
中金辐照成都有限公司,100,A
中鉴兴华工程技术有限公司,90,A
中钧技术服务有限公司,90,A
中铁三局集团桥隧工程有限公司,50,E
中铁二十三局集团有限公司,60,D
中铁二局第二工程有限公司,45,E
中铁二局第五工程有限公司,45,E
中铁二局第四工程有限公司,45,E
中铁二局集团建筑有限公司,70,C
中铁二局集团新运工程有限公司,75,C
中铁二局集团装饰装修工程有限公司,80,B
中铁二院工程集团有限责任公司,70,C
中铁八局集团建筑工程有限公司,60,D
中铁八局集团有限公司,70,C
中铁八局集团电务工程有限公司,90,A
中铁八局集团第七工程有限公司,75,C
中铁八局集团第二工程有限公司,70,C
中铁八局集团第四工程有限公司,95,A
中铁十五局集团第三工程有限公司,40,E
中铁岩锋成都科技有限公司,95,A
中铁工程服务有限公司,85,B
中铁成都科学技术研究院有限公司,90,A
中铁成都规划设计院有限责任公司,100,A
中铁成都轨道交通健康管理技术有限公司,100,A
中铁磁浮科技（成都）有限公司,75,C
中铁西南科学研究院有限公司,95,A
中铁隆工程集团有限公司,65,D
中锦冠达工程顾问集团有限公司,100,A
中非电子商务有限公司,70,C
中韵四方建设集团有限公司,95,A
中顺洁柔（四川）纸业有限公司,95,A
中顾国际工程咨询有限公司,100,A
中飞赛维智能科技股份有限公司,100,A
中鹄科技有限公司,100,A
中鹄科技有限公司,100,A
中鹄科技有限公司,100,A
中鼎世纪工程设计有限公司,100,A
中鼎凯瑞科技成都有限公司,90,A
中鼎大智科技有限责任公司,90,A
丰实新能源材料成都有限公司,90,A
丰巢互动媒体有限公司,100,A
丹氏生物科技成都有限公司,100,A
丹顿科技集团有限公司,100,A
为民之心企业管理成都有限公司郫都区安德镇分公司,90,A
丽芯微电子有限公司,100,A
丽阳睿能科技（成都）有限公司,70,C
久钻科技（成都）有限公司,90,A
乐企汇（成都）科技有限公司,90,A
乐博升（成都）科技有限公司,100,A
乐博海生物科技（成都）有限公司,90,A
乐卡丹（成都）新材料科技有限公司,100,A
乐研新生物科技（成都）有限公司,90,A
乐福之家纳米材料有限责任公司,70,C
乐而美（成都）生物技术有限公司,90,A
乐诚智链（成都）数字科技有限公司,90,A
乐道乐到（成都）智能控制技术有限公司,100,A
乘物游心（成都）生物科技有限公司,90,A
九州绿能科技股份有限公司,90,A
九恒星成都信息技术有限公司,100,A
九江浩济易网络科技有限公司,80,B
九科新能源科技有限公司,90,A
九远锂能科技（成都）有限公司,90,A
九钰和盛（成都）信息技术有限责任公司,100,A
云上人和物联科技有限公司,90,A
云南茶香妃茶业有限公司,90,A
云启业（成都）信息技术有限公司,80,B
云图信安（成都）科技有限公司,90,A
云津智慧科技有限公司,90,A
云涌电子科技（成都）有限公司,90,A
云电有联智能科技成都有限公司,90,A
云端探索（成都）数字技术有限责任公司,90,A
云筑信息科技（成都）有限公司,90,A
云联动力（成都）科技有限公司,100,A
云至科技成都有限责任公司,80,B
云销控网络科技（成都）有限公司,90,A
云雀软件技术（成都）有限公司,100,A
云雀软件技术（成都）有限公司,100,A
互动云科技成都有限公司,100,A
互联极简网络科技成都有限公司,90,A
五冶集团装饰工程有限公司,100,A
五幺五六信息科技（成都）有限责任公司,90,A
亚信科技（成都）有限公司,80,B
亚创百康成都企业孵化器管理有限公司,85,B
亚台青创业孵化器经营管理（成都）有限公司,90,A
亚宝药业四川制药有限公司,90,A
亚美航泰（天津）航空装备有限公司,100,A
交铁安全应急工程技术中心（成都）有限公司,100,A
交铁数据信息技术中心（成都）有限公司,90,A
交铁检验认证中心（成都）有限公司,100,A
交铁检验认证实验室（成都）有限公司,100,A
交铁科技评价中心（成都）有限公司,90,A
享买到家（成都）科技有限公司,90,A
享美（成都）科技有限公司,85,B
京创智慧科技有限责任公司,90,A
京安工程有限公司,100,A
京海为科技（成都）有限公司,80,B
亮闪闪无限才华（成都）营销策划有限公司,90,A
人和川构成都科技有限公司,90,A
亿信标准认证集团有限公司,100,A
亿奥腾（成都）电气自动化科技有限公司,90,A
亿字节科技（成都）有限责任公司,100,A
亿川科技（成都）有限责任公司,100,A
亿达云创成都科技有限公司,100,A
仁众智慧网络成都有限公司,100,A
仁和益（成都）医疗研究院有限公司,90,A
仁新设备制造（四川）有限公司,100,A
仁通融合（南京）信息技术有限公司,100,A
今创城投（成都）环境工程有限公司,80,B
仓禾科技（成都）有限公司,100,A
付零清（成都）文化科技有限公司,80,B
仟之游软件科技（成都）有限公司,100,A
仪为科技成都有限公司,100,A
仰观宇宙（成都）科技有限责任公司,90,A
企服邦（成都）数字科技有限公司,90,A
伊娃云智（成都）科技有限公司,100,A
伍柒必乐科技（成都）有限公司,100,A
众咨国际工程咨询有限公司,90,A
优利西玛船用设备（成都）有限公司,100,A
优利西玛阀门制造（成都）有限公司,100,A
优客里邻（成都）智慧科技有限公司,90,A
优捷特清洁能源有限公司,90,A
优河马成都科技有限公司,100,A
优特力成都软件有限责任公司,90,A
优科云图科技（成都）有限公司,90,A
优翊科技成都有限公司,90,A
优而思成都科技有限公司,90,A
优艾特仪表科技成都有限公司,90,A
住知研科技成都有限公司,90,A
佑恩睿德（成都）科技有限公司,90,A
体科智慧体育科技（成都）有限公司,100,A
佰墨思（成都）数字技术有限公司,90,A
佰诺创因（成都）医药科技有限公司,90,A
佳祺仕（成都）智能装备有限公司,90,A
佳缘科技股份有限公司,95,A
侃乎成都信息科技有限责任公司,90,A
依米康信息服务有限公司,90,A
依米康科技集团股份有限公司,90,A
依米康科技集团股份有限公司,90,A
依米康科技集团股份有限公司,90,A
俊成建昱工程集团有限公司,80,B
保信通科技成都有限公司,90,A
信创桥（成都）科技有限公司,90,A
信息产业电子第十一设计研究院科技工程股份有限公司,60,D
信立泰（成都）生物技术有限公司,100,A
信通院车联网创新中心（成都）有限公司,90,A
信通驰达科技（成都）有限公司,90,A
倍施特科技（集团）股份有限公司,100,A
倍智智能数据运营有限公司,90,A
停哪儿成都信息科技有限公司,95,A
健诺维（成都）生物科技有限公司,90,A
健进制药有限公司,90,A
储信自动化科技有限公司,90,A
傲自然成都生物科技有限公司,90,A
傲锐赛思生物科技（成都）有限公司,90,A
儒蓉（成都）医疗科技有限公司,85,B
元有（成都）规划设计有限公司,100,A
先生科技有限公司,100,A
先生科技有限公司,100,A
先生科技有限公司,100,A
先进科技（中国）有限公司,100,A
光和一切艺术设计（成都）有限公司,90,A
八戒鲜生（成都）科技有限公司,95,A
八时物流科技（成都）有限公司,85,B
八核云电信成都股份有限公司,75,C
六合远教（成都）科技有限公司,100,A
共信建设发展有限公司,90,A
共信贰号技术发展（成都）中心（有限合伙）,90,A
兴光谱科技成都有限公司,100,A
兴发铝业（成都）有限公司,100,A
兴盛电器股份有限公司,95,A
兹恩（成都）生物科技有限公司,90,A
内蒙古震惶科技有限公司,85,B
军通（成都）建设股份有限公司,70,C
冯氏蜂业集团股份有限公司,80,B
凌赛（成都）科技有限公司,90,A
凌阳成芯科技（成都）有限公司,100,A
凌顶世纪科技成都有限公司,100,A
凡帕斯科技（成都）有限公司,90,A
凡游在线科技（成都）有限公司,90,A
凯云星际（成都）科技发展有限公司,90,A
凯思联创（成都）软件技术有限公司,100,A
凯睿隆誉（成都）科技有限公司,100,A
凯米生物医药（成都）有限公司,90,A
凸索科技有限公司,90,A
凹凸电子（成都）有限公司,100,A
函鼎科技（成都）有限公司,90,A
创信工程咨询股份有限公司,100,A
创想智控科技（成都）有限公司,100,A
创意信息技术股份有限公司,100,A
创新奇智（成都）科技有限公司,90,A
创新慧都（成都）科技有限公司,90,A
创易联智（四川）软件技术有限公司,90,A
利亚德（成都）文旅科技有限公司,100,A
利人建设集团有限公司,90,A
前方高能人工智能科技（成都）有限公司,90,A
力动几何（成都）科技有限公司,90,A
力启万创集团有限公司,100,A
力方数字科技集团有限公司,100,A
力方数字科技集团有限公司,100,A
动跃科技成都有限公司,90,A
励沃智能科技（成都）有限公司,100,A
劲园信息科技（成都）有限公司,90,A
劲拓智能装备（成都）有限公司,90,A
势加透博（成都）科技有限公司,90,A
勤为科技有限公司,100,A
勤智数码科技股份有限公司,60,D
北交金科金融信息服务有限公司,95,A
北京中网信安科技有限公司,100,A
北京同仁堂科技发展成都有限公司,100,A
北京同仁堂（四川）健康药业有限公司,90,A
北新嘉宝莉涂料（四川）有限公司,100,A
北新防水（成都）有限公司,100,A
北方一建建设集团有限公司,95,A
北森云计算有限公司,100,A
北航（四川）西部国际创新港科技有限公司,100,A
医之联（成都）医疗科技有限公司,90,A
医树医疗科技（成都）有限公司,90,A
十九冶成都建设有限公司,65,D
十二面体（成都）科技有限公司,90,A
千寻市场调查成都有限责任公司,90,A
华企云度（盐城）科技有限公司,90,A
华企云研（成都）科技有限公司,90,A
华信塞姆（成都）科技有限公司,100,A
华兴检验认证有限公司,90,A
华创加速科技成都有限公司,90,A
华力智芯（成都）集成电路有限公司,90,A
华卡新材料科技（成都）有限公司,90,A
华大半导体（成都）有限公司,100,A
华大恒芯科技有限公司,100,A
华实云信息技术（成都）有限公司,90,A
华懿思科（成都）生物科技有限公司,90,A
华明创新（成都）智能科技有限公司,90,A
华晟昇纳米科技（成都）有限公司,90,A
华朴无限（成都）科技有限公司,90,A
华民康（成都）科技有限公司,90,A
华派生物技术（集团）股份有限公司,95,A
华派生物技术（集团）股份有限公司,95,A
华派生物技术（集团）股份有限公司,95,A
华玫科技集团有限公司,100,A
华甘工程设计有限公司,90,A
华策互联科技（成都）有限公司,90,A
华西精创医疗科技（成都）有限公司,90,A
华西铝业有限责任公司,90,A
华鉴国际认证有限公司,90,A
华闽搏创（成都）信息科技有限公司,90,A
华雁智能科技（集团）股份有限公司,100,A
华鼎国联四川动力电池有限公司,85,B
华鼎国联四川电池材料有限公司,100,A
协佳电力工程设计有限公司,100,A
协科光电（成都）有限公司,90,A
南京云蝙信息技术有限公司,90,A
南京先锋材料科技有限公司,100,A
南京创新工坊科技有限公司,100,A
南京唯爱定制科技有限公司,90,A
南京市智慧之芯计算机科技有限公司,90,A
南京府天格远信息技术有限公司,85,B
南京怡瑞宝科技有限公司,90,A
南京恋游科技有限公司,90,A
南京新捷荣合精密机械有限公司,90,A
南京爱旗鱼信息技术有限公司,90,A
南京爱科思机器人有限公司,90,A
南京特凯尔科技有限公司,90,A
南京飞奴智能科技有限公司,90,A
南通星睿普联科技有限公司,100,A
南通晟华恒科技有限公司,90,A
南通玛尔斯科仿真科技有限公司,90,A
南通茂智科技有限公司,90,A
南通蜥蜴造物科技有限公司,85,B
博威铭物联网科技（成都）有限公司,95,A
博群生物技术（成都）有限公司,80,B
博西尼信息科技有限公司,90,A
博西尼（成都）信息技术有限公司,100,A
博采重华智能技术（成都）有限公司,90,A
卜磷磷（成都）科技有限公司,70,C
卡斯柯信号（成都）有限公司,100,A
历阅传媒科技（成都）有限公司,85,B
厚普智慧物联科技有限公司,100,A
厚普清洁能源集团工程技术有限公司,90,A
厚普清洁能源（集团）股份有限公司,80,B
友立科科技（成都）有限公司,100,A
友金铺（成都）网络科技有限公司,90,A
叮当师傅信息科技成都有限公司,60,D
可奈特网络科技成都有限公司,100,A
台嘉成都玻纤有限公司,100,A
合一再生资源科技有限公司,100,A
合信诺达（成都）数据科技有限公司,90,A
合沐佳成都新材料有限公司,55,E
合泽强科技成都有限公司,90,A
吉旗（成都）科技有限公司,85,B
吉福瑞农业机械成都有限公司,80,B
同方赛威讯信息技术有限公司,100,A
同星数据产业有限公司,90,A
名冠天下（成都）信息技术有限公司,90,A
名扬宇恒工程管理集团有限公司,100,A
君沃信息技术（成都）有限公司,90,A
启载生物科技（成都）有限公司,90,A
启迪万博郫县创业孵化器有限公司,90,A
启迪阿尔法科技成都有限公司,90,A
启银致远（成都）医疗科技有限公司,90,A
启锐创智（上海）智能科技有限公司,90,A
和创科技（成都）有限公司,100,A
和易泓德网络科技有限公司,100,A
和泓尚医（成都）生物科技有限公司,90,A
和睿沐康（成都）医疗科技有限公司,90,A
咪咕音乐有限公司,70,C
哈工智造（成都）科技有限公司,100,A
哨兵信息科技集团有限公司,90,A
商海涛声（成都）商务信息咨询有限公司,90,A
商装宝网络有限公司,90,A
商飞软件有限公司,90,A
嘉昂科技集团有限公司,90,A
嘉盛碳素（成都）电子商务有限公司,90,A
嘉祥刷脸吖数字科技有限公司,90,A
四川一个月亮文化传播有限公司,100,A
四川一只老鹰集团股份有限公司,90,A
四川一叶翩舟科技有限公司,90,A
四川一埃科技有限公司,90,A
四川一埃锦轩科技有限公司,90,A
四川一度广告传媒有限公司,90,A
四川一欣环境科技有限公司,90,A
四川一然新材料科技有限公司,100,A
四川一真管理咨询有限公司,100,A
四川一米优检生物科技有限公司,90,A
四川一线希望科技有限公司,90,A
四川一色三源环保工程有限公司,85,B
四川一诺钢结构工程有限公司,100,A
四川一贝动力科技有限公司,85,B
四川一起做事科技有限公司,90,A
四川丁栏间科技有限公司,90,A
四川丁源信息科技有限公司,90,A
四川七特能创科技有限公司,90,A
四川七环猪种改良有限公司,80,B
四川七闪科技有限公司,90,A
四川万侨影视文化传媒有限公司,90,A
四川万兴测绘服务有限公司,100,A
四川万冠技术服务有限公司,100,A
四川万利弘德实业集团有限公司,80,B
四川万升智能科技有限公司,100,A
四川万博教育软件股份有限公司,90,A
四川万博智汇云教育科技有限公司,90,A
四川万合东方科技有限公司,80,B
四川万吉金刚石钻头有限公司,95,A
四川万和新电科技有限责任公司,100,A
四川万和方略生物科技有限公司,90,A
四川万和祥瑞消防工程有限公司,100,A
四川万圣通实业有限公司,95,A
四川万奎科技有限公司,90,A
四川万安石斛产业开发有限公司,100,A
四川万宝源建设集团有限公司,95,A
四川万巷建设科技有限公司,90,A
四川万康节能环保科技有限公司,100,A
四川万德科技有限公司,100,A
四川万控电气成套有限公司,100,A
四川万斯奥智能设备有限公司,90,A
四川万方空调净化设备有限公司,100,A
四川万智沃达科技有限公司,90,A
四川万柚科技集团有限公司,100,A
四川万汇票证印务有限公司,100,A
四川万江一泓环境科技有限责任公司,90,A
四川万江港利水务有限公司,100,A
四川万泰隔震科技有限公司,90,A
四川万流数据服务有限责任公司,100,A
四川万物归零科技有限公司,90,A
四川万物数创科技有限公司,90,A
四川万物本草健康科技有限公司,100,A
四川万物理想科技有限公司,100,A
四川万物纪年信息科技有限公司,100,A
四川万物纵横科技股份有限公司,90,A
四川万畅慧康科技有限公司,90,A
四川万益能源科技有限公司,100,A
四川万维科技有限公司,75,C
四川万网鑫成信息科技有限公司,100,A
四川万能循环环保科技有限公司,90,A
四川万良食品科技有限公司,100,A
四川万诚欧贝信息科技股份有限公司,90,A
四川万象坤信科技有限公司,100,A
四川万象更新网络通信有限公司,100,A
四川万辰商业管理有限公司,65,D
四川万里桥创投孵化器管理有限公司,90,A
四川万里缘科技有限公司,100,A
四川万顺达机械制造有限公司,100,A
四川万鲨互动科技有限公司,90,A
四川万鹏时代科技股份有限公司,90,A
四川三三零半导体有限公司,90,A
四川三人行测绘有限公司,100,A
四川三众园林景观工程有限公司,90,A
四川三优康生物技术有限公司,90,A
四川三元环境治理股份有限公司,100,A
四川三创谷信息技术有限公司,100,A
四川三匠苦荞科技开发有限公司,100,A
四川三协科技有限公司,100,A
四川三叶堃乳胶制品有限公司,100,A
四川三叶草生物制药有限公司,100,A
四川三合利源环保建材有限公司,100,A
四川三合智创科技有限公司,90,A
四川三合杰众工程技术有限公司,100,A
四川三合空间科技有限公司,90,A
四川三和医用材料有限公司,100,A
四川三国锦都文化传播有限公司,90,A
四川三土科技有限公司,100,A
四川三安机电工程有限公司,85,B
四川三尺科技有限公司,100,A
四川三平工程检测有限公司,100,A
四川三德信息技术有限责任公司,100,A
四川三思德科技有限公司,100,A
四川三思数工物联科技有限公司,90,A
四川三易信息技术有限公司,90,A
四川三普科技有限公司,100,A
四川三月三文化传播有限公司,90,A
四川三松云医网络科技有限公司,90,A
四川三松医疗管理集团有限公司,90,A
四川三树银城科技有限公司,95,A
四川三汇缘文化传播有限责任公司,90,A
四川三泰医药科技有限公司,100,A
四川三瑞智慧建设工程有限公司,100,A
四川三盛源工程技术有限公司,90,A
四川三相知识产权服务有限公司,80,B
四川三维安通科技有限公司,90,A
四川三维鼓风机有限公司,95,A
四川三联新材料有限公司,100,A
四川三菁聚蓉科技有限公司,75,C
四川三衡科技有限责任公司,80,B
四川三诚瑞和智能科技有限公司,100,A
四川三足鼎立科技有限责任公司,90,A
四川三零锐视信息技术有限公司,90,A
四川三青环保科技有限公司,100,A
四川上乙建筑工程有限公司,90,A
四川上善天使科技有限公司,90,A
四川上善锦承环保工程有限公司,90,A
四川上域装饰工程有限公司,80,B
四川上太科技有限公司,80,B
四川上扬环保设备有限公司,100,A
四川上玺时代文化传播有限公司,60,D
四川上谋科技有限公司,100,A
四川与同科技有限公司,100,A
四川与燕科技有限公司,90,A
四川世众志鹏网络科技有限公司,90,A
四川世宏科技有限公司,100,A
四川世纪中科光电技术有限公司,100,A
四川世纪中税软件系统有限公司,100,A
四川世纪之彩印刷包装有限公司,100,A
四川世纪互通机电工程有限责任公司,90,A
四川世纪启航科技有限公司,90,A
四川世纪国农科技发展有限公司,90,A
四川世纪国创农业科技有限公司,90,A
四川世纪天地信息技术有限公司,100,A
四川世纪新亚环保科技有限公司,100,A
四川世纪景程环保科技有限公司,70,C
四川世纪泰来金属科技有限公司,95,A
四川世纪源环境工程有限公司,100,A
四川世纪物联科技有限公司,90,A
四川世纪纵辰实业有限公司,100,A
四川世纪芯程科技有限公司,90,A
四川世纪融晨科技有限公司,90,A
四川世纪超为股份有限公司,90,A
四川世纪银通科技有限公司,100,A
四川世纪顺合科技有限责任公司,100,A
四川世纪高通科技有限公司,90,A
四川世纪鸿宇创新科技有限公司,80,B
四川世纪鼎业信息技术有限责任公司,90,A
四川世融达网络科技有限公司,90,A
四川世诚电子信息系统有限责任公司,90,A
四川世语者科技有限公司,90,A
四川世轩科技有限公司,90,A
四川世阳卫生技术服务有限公司,100,A
四川世鼎电子科技有限公司,90,A
四川业亿辰科技有限公司,100,A
四川业信人力资源外包服务有限公司,90,A
四川业信能投工业互联网有限公司,90,A
四川业勃利亨桂骄明威管业有限公司,100,A
四川丛之道农业科技有限责任公司,90,A
四川丛融科技有限公司,90,A
四川东为氢源科技有限公司,90,A
四川东久科技股份有限公司,100,A
四川东久科技股份有限公司,100,A
四川东兴电气有限公司,100,A
四川东创融合信息技术有限公司,100,A
四川东华计量检测技术有限公司,100,A
四川东嘉财务管理有限公司,90,A
四川东大恒泰电气有限责任公司,95,A
四川东山亿海网络科技有限责任公司,70,C
四川东山教学设备有限责任公司,100,A
四川东廷智网能源有限公司,90,A
四川东恒凌飞科技有限公司,90,A
四川东政电子技术股份有限公司,95,A
四川东方宇图信息技术有限公司,100,A
四川东方网力科技有限公司,85,B
四川东方能源科技股份有限公司,95,A
四川东旭昊电气设备有限公司,100,A
四川东晟智能科技有限公司,100,A
四川东朝自控设备有限公司,100,A
四川东格立科技有限公司,90,A
四川东汇金筑建材有限公司,85,B
四川东汇龙科技有限公司,80,B
四川东泽科技有限公司,100,A
四川东碧环境科技有限公司,90,A
四川东能节能技术有限公司,100,A
四川东莱科技有限公司,90,A
四川东葆水处理科技有限公司,100,A
四川东鹏智业科技有限公司,100,A
四川东鼎里智信息技术有限责任公司,95,A
四川丝路易购科技有限公司,100,A
四川两只蜗牛健康产业发展有限责任公司,90,A
四川中丹合创环保科技有限公司,100,A
四川中为智诚科技有限公司,90,A
四川中久种业科技有限公司,90,A
四川中久红宇科技有限公司,100,A
四川中乾佳欣信息技术有限公司,90,A
四川中亚美合科技有限公司,100,A
四川中亚联邦科技有限公司,90,A
四川中交信通网络科技有限公司,90,A
四川中亨建筑工程有限公司,100,A
四川中京安民科技有限公司,90,A
四川中亿盛世文旅科技有限公司,100,A
四川中亿盛世文旅科技有限公司,100,A
四川中仑科技有限公司,90,A
四川中伏新能源有限责任公司,90,A
四川中伦农业发展有限公司,50,E
四川中信联达企业征信服务有限公司,90,A
四川中元联合化学有限责任公司,100,A
四川中元计量检测技术有限公司,100,A
四川中光防雷科技股份有限公司,100,A
四川中关新谷科技有限公司,90,A
四川中农亿享农业科技有限公司,90,A
四川中农兴川农业科技有限公司,90,A
四川中农富通农业科技有限公司,100,A
四川中农润泽生物科技有限公司,100,A
四川中凯达建设工程有限公司,100,A
四川中创华视科技有限公司,90,A
四川中创时代网络技术有限公司,100,A
四川中创智造装配式建筑科技有限公司,90,A
四川中创集能新能源科技有限公司,90,A
四川中创高科信息技术有限责任公司,100,A
四川中利源建设工程有限公司,85,B
四川中剑新能源科技有限公司,100,A
四川中升知识产权服务有限公司,90,A
四川中卫北斗科技有限公司,100,A
四川中合联邦科技有限公司,85,B
四川中和兴农生态农业开发有限公司,90,A
四川中和睿业科技有限公司,100,A
四川中唯交通科技有限公司,100,A
四川中喻环境治理有限公司,85,B
四川中嘉富海农业科技有限公司,90,A
四川中图三维信息技术有限公司,100,A
四川中图智播数字技术有限公司,90,A
四川中土检测检验有限公司,100,A
四川中坚环境监测服务有限公司,100,A
四川中城交科工程勘察设计有限公司,100,A
四川中城和易新型材料有限公司,100,A
四川中城智建系统集成科技有限公司,85,B
四川中城智慧科技有限公司,95,A
四川中域华标工程技术有限公司,90,A
四川中基大地仪器有限公司,90,A
四川中基科建工程勘察设计有限公司,90,A
四川中塑高分子材料有限公司,95,A
四川中大华瑞能源集团有限公司,100,A
四川中天之蓝科技有限公司,90,A
四川中天伟能科技有限公司,90,A
四川中天和信机械设备有限公司,100,A
四川中天晟源房地产土地资产评估有限公司,100,A
四川中天盛世科技有限公司,90,A
四川中天红林建设工程有限公司,85,B
四川中天鹰眼信息技术有限公司,100,A
四川中威能电力科技有限公司,100,A
四川中威视讯科技有限公司,100,A
四川中安信创科技有限公司,90,A
四川中安信德科技有限公司,100,A
四川中安嘉盛石油科技有限公司,85,B
四川中安寰宇区块链科技有限公司,90,A
四川中安环科检测有限公司,90,A
四川中安盾安防服务有限公司,90,A
四川中安科保科技有限公司,100,A
四川中安科安全技术有限公司,90,A
四川中安评安全技术咨询有限公司,90,A
四川中小企业信息服务有限责任公司,100,A
四川中展数字科技有限公司,90,A
四川中屹互联信息技术有限公司,100,A
四川中岭知汇知识产权服务有限公司,90,A
四川中岭知汇科技有限公司,80,B
四川中川恩德检验有限公司,100,A
四川中川新迈光声医疗科技有限公司,90,A
四川中川能售电有限公司,100,A
四川中工天元能源科技有限公司,100,A
四川中工惠服信息技术服务集团有限公司,90,A
四川中康科技有限公司,100,A
四川中庸药业有限公司,90,A
四川中建建业工程有限责任公司,60,D
四川中弘天然药物有限责任公司,100,A
四川中微芯成科技有限公司,100,A
四川中德医养实业股份公司,90,A
四川中德塑钢型材有限公司,100,A
四川中德安邦电子技术有限公司,90,A
四川中德盛达环境工程有限公司,100,A
四川中德禄江装备科技有限公司,90,A
四川中德铝业有限公司,100,A
四川中志融创科技有限公司,100,A
四川中恒博睿数字科技有限公司,90,A
四川中恒国建科技集团有限公司,90,A
四川中恒国建科技集团有限公司,90,A
四川中恒电讯信息技术有限公司,100,A
四川中恒远大钢结构工程有限公司,100,A
四川中恩众创电力科技有限公司,90,A
四川中惯科技有限公司,100,A
四川中慈健康管理有限公司,90,A
四川中成兴华科技有限公司,90,A
四川中成智控科技有限公司,90,A
四川中成汇力科技有限公司,100,A
四川中房北辰信息技术有限公司,90,A
四川中投天汇科技有限公司,90,A
四川中拓优视光控科技有限公司,90,A
四川中拓达科技有限公司,90,A
四川中控汇智科技有限公司,90,A
四川中援应急服务有限公司,90,A
四川中摩智行信息科技有限公司,80,B
四川中擎锐科科技集团有限公司,90,A
四川中教网信息科技有限公司,90,A
四川中斯诺检测服务有限公司,60,D
四川中新华搜信息技术有限公司,90,A
四川中新大地科技有限公司,100,A
四川中旭仁恒管理咨询有限责任公司,90,A
四川中旭家具制造有限公司,100,A
四川中旭易绘信息技术有限公司,100,A
四川中旺易模科技有限公司,85,B
四川中旺科技有限公司,90,A
四川中昇环环境监测服务有限公司,60,D
四川中易无为科技有限公司,90,A
四川中星电子有限责任公司,100,A
四川中星科脉通信技术有限公司,90,A
四川中星视显科技有限公司,100,A
四川中普盈通科技有限公司,90,A
四川中景橙石生态景观科技有限公司,100,A
四川中智光科技有限公司,100,A
四川中智投资咨询有限公司,100,A
四川中曼电气工程技术有限公司,100,A
四川中曼石油设备制造有限公司,90,A
四川中曼科技有限公司,90,A
四川中望正检环境检测有限公司,100,A
四川中机航飞智能科技有限公司,90,A
四川中检国信认证有限公司,90,A
四川中森亿超科技有限公司,95,A
四川中植基源医药有限公司,100,A
四川中欧建筑科技有限公司,90,A
四川中正工程勘察设计有限公司,55,E
四川中水成勘院工程物探检测有限公司,100,A
四川中水成勘院测绘工程有限责任公司,100,A
四川中活低温设备有限公司,100,A
四川中测仪器科技有限公司,90,A
四川中测微格科技有限公司,100,A
四川中测标物科技有限公司,100,A
四川中测环境技术有限公司,100,A
四川中测辐射科技有限公司,100,A
四川中测量仪科技有限公司,90,A
四川中浩控制技术有限公司,100,A
四川中海腾建筑工程有限公司,100,A
四川中海茂农业开发有限公司,90,A
四川中消火蚁科技有限公司,90,A
四川中润宏创科技有限公司,90,A
四川中润智远环境监测有限公司,100,A
四川中润联投建设工程有限公司,90,A
四川中润致远科技有限公司,90,A
四川中涵环保工程有限公司,90,A
四川中溯溯源科技有限公司,90,A
四川中瀚万泓科技有限公司,90,A
四川中熠智能科技发展集团有限公司,100,A
四川中物睿安应急服务有限公司,90,A
四川中特来电新能源有限公司,90,A
四川中特行科技发展有限公司,90,A
四川中环众合环境科技有限公司,100,A
四川中环保源科技有限公司,100,A
四川中环信德环保技术有限公司,90,A
四川中环创联科技集团有限公司,90,A
四川中环恒润环保科技有限公司,90,A
四川中环环境检测技术有限公司,90,A
四川中环美境环保科技有限公司,100,A
四川中环美境环保设备有限公司,90,A
四川中环联蜀环境咨询服务有限公司,100,A
四川中瑞佳星智能技术有限公司,90,A
四川中瑞信源环保科技有限公司,90,A
四川中电启明星信息技术有限公司,100,A
四川中电昆辰科技有限公司,85,B
四川中盛净源环保设备有限公司,90,A
四川中知慧智数据科技股份有限公司,95,A
四川中祥碳和能源科技有限公司,90,A
四川中禾高科农牧设备科技有限公司,100,A
四川中科云岭科技有限公司,90,A
四川中科佳诚科技有限公司,100,A
四川中科净道科技有限公司,100,A
四川中科凯泽科技有限公司,90,A
四川中科升科技有限公司,90,A
四川中科华兴数字科技有限公司,100,A
四川中科友成科技有限公司,90,A
四川中科合创科技服务有限公司,100,A
四川中科川信科技有限公司,100,A
四川中科建工程检测有限公司,100,A
四川中科彭成机器人技术有限公司,90,A
四川中科微芯电子有限公司,100,A
四川中科德勤科技有限公司,90,A
四川中科恒义科技有限公司,100,A
四川中科成光科技有限公司,100,A
四川中科数云科技有限公司,90,A
四川中科时光云盒科技有限责任公司,90,A
四川中科智博信息技术有限公司,90,A
四川中科智慧智能系统有限公司,35,E
四川中科智谷信息工程有限公司,90,A
四川中科智造科技有限公司,85,B
四川中科朗星光电科技有限公司,90,A
四川中科格美科技有限公司,100,A
四川中科正讯科技有限公司,90,A
四川中科水务集团有限公司,90,A
四川中科永奉智能机器人有限公司,90,A
四川中科汇勘测规划设计有限公司,90,A
四川中科汇智石油工程设计有限公司,100,A
四川中科海慧环境科技有限公司,95,A
四川中科海科技有限责任公司,95,A
四川中科烯创科技有限公司,90,A
四川中科珺节能环保科技有限公司,100,A
四川中科精正科技有限公司,100,A
四川中科翰林环保科技有限公司,90,A
四川中科致远环保科技有限公司,90,A
四川中科荟城矿业集团有限责任公司,90,A
四川中科融宸环保科技有限公司,100,A
四川中科贝特纳米科技有限公司,100,A
四川中科路通科技有限公司,100,A
四川中科金智医疗科技有限公司,90,A
四川中科领格科技有限公司,90,A
四川中科领超科技有限公司,90,A
四川中科高能科技发展有限责任公司,90,A
四川中税答疑财税咨询服务有限公司,100,A
四川中立兴建设工程有限公司,100,A
四川中立达钢结构工程有限公司,90,A
四川中索汇智信息技术有限公司,90,A
四川中索知识产权服务有限公司,90,A
四川中绳矩阵技术发展有限公司,90,A
四川中缆天泰科技有限公司,100,A
四川中缆电缆集团有限公司,90,A
四川中翰智淼科技有限责任公司,90,A
四川中联云控科技有限公司,90,A
四川中联信安信息技术有限公司,90,A
四川中联农创科技有限公司,90,A
四川中联神州教育科技有限公司,90,A
四川中联致远科技有限公司,90,A
四川中联锦创科技有限公司,90,A
四川中能天恒科技有限公司,90,A
四川中能数智科技发展有限公司,90,A
四川中能石油天然气工程设计有限公司,100,A
四川中能驭风新能源有限公司,90,A
四川中自科技有限公司,90,A
四川中至耀辉建设有限公司,100,A
四川中舟量子软件开发有限公司,100,A
四川中航智达科技有限公司,100,A
四川中芯微电电子科技有限责任公司,100,A
四川中英智慧质量工程技术研究院有限公司,100,A
四川中蓉信科技服务有限公司,90,A
四川中蓉圣泰环境科技有限公司,100,A
四川中衡计量检测技术有限公司,100,A
四川中规华投建设工程有限公司,100,A
四川中规华投建设工程有限公司,100,A
四川中誉响清科技有限公司,90,A
四川中警高科公共安全装备制造有限公司,90,A
四川中讯易科科技有限公司,90,A
四川中诚悦检测技术有限公司,70,C
四川中诚永安科技有限公司,90,A
四川中诚润德科技有限公司,90,A
四川中谦检测有限公司,90,A
四川中豪食品有限公司,100,A
四川中质鼎峰勘查技术有限公司,100,A
四川中资时代科技有限公司,90,A
四川中软科技有限公司,20,E
四川中达创美模型设计服务有限公司,90,A
四川中达运通科技有限公司,100,A
四川中迅新创信息技术有限公司,90,A
四川中迪电力工程有限公司,85,B
四川中邑勘测设计集团有限公司,100,A
四川中金医药包装有限公司,95,A
四川中铁二院环保科技有限公司,100,A
四川中锐信息技术有限公司,100,A
四川中锐捷科技有限公司,60,D
四川中锦盾科技有限公司,90,A
四川中陆嘉诚科技有限公司,90,A
四川中集通华汽车销售有限公司,90,A
四川中青景润环保工程有限公司,100,A
四川中青蓝环保科技有限公司,90,A
四川中顺信息技术有限公司,100,A
四川中顺恒科技有限公司,90,A
四川中高电气股份有限公司,100,A
四川中鼎科技有限公司,100,A
四川中鼎高工勘测设计有限公司,95,A
四川丰兆建设工程有限公司,90,A
四川丰大农业科技有限责任公司,90,A
四川丰宇大成科技有限公司,90,A
四川丰度能源技术开发有限公司,100,A
四川丰弘工程项目管理有限公司,100,A
四川丰林生物科技有限公司,100,A
四川丰润德石油工程技术有限公司,100,A
四川丰盈宏润网络科技有限公司,100,A
四川丰稻科技有限公司,100,A
四川临丰医疗科技有限公司,100,A
四川丹洛环保科技有限公司,90,A
四川丹诺迪科技有限公司,90,A
四川丹谷网络科技有限公司,90,A
四川为则科技有限公司,90,A
四川为力安生物科技有限公司,100,A
四川为时创想科技有限公司,100,A
四川为时检测技术服务有限公司,100,A
四川为民巨象科技有限公司,90,A
四川为民蜀光科技有限公司,100,A
四川主干企服科技有限公司,90,A
四川主干信息技术有限公司,100,A
四川丽标新材料有限公司,100,A
四川丽源电子商务有限公司,90,A
四川举鼎科技有限责任公司,90,A
四川久久合创信息技术有限公司,90,A
四川久享实业有限公司,100,A
四川久优信科技有限公司,90,A
四川久安公共安全设备制造有限公司,100,A
四川久欣检测技术有限公司,100,A
四川久源机械制造有限公司,80,B
四川久经电力环保设备制造有限公司,100,A
四川久美盛科技有限责任公司,75,C
四川久远国基科技有限公司,100,A
四川久远新方向智能科技有限公司,50,E
四川久远银海软件股份有限公司,95,A
四川义扬创意装饰工程有限公司,100,A
四川义结科技有限责任公司,100,A
四川之喜财科技有限公司,90,A
四川乐为科技有限公司,100,A
四川乐享达科科技有限公司,85,B
四川乐健梦想家科技有限公司,90,A
四川乐创影视传媒有限公司,70,C
四川乐叮咚科技有限公司,90,A
四川乐奇猫网络科技有限公司,90,A
四川乐度软件有限公司,95,A
四川乐恩乐达信息技术有限公司,90,A
四川乐政科技有限公司,100,A
四川乐政科技有限公司,100,A
四川乐易知识产权服务有限公司,90,A
四川乐易融创科技评估有限公司,90,A
四川乐智晨科技有限公司,100,A
四川乐牧农业科技有限公司,100,A
四川乐美嘉网络科技有限公司,90,A
四川乐莱特科技有限公司,100,A
四川乐融创新医疗科技有限公司,100,A
四川乐诚新材料有限公司,95,A
四川乔恩天赐藏享食品有限公司,100,A
四川九九财税企业管理有限公司,90,A
四川九二零企业管理咨询有限公司,90,A
四川九五一七实业有限公司,100,A
四川九八村信息科技有限公司,100,A
四川九原程新材料有限公司,100,A
四川九合安全科技有限责任公司,100,A
四川九合汇云科技服务有限公司,85,B
四川九哈科技股份有限公司,90,A
四川九天惯通科技有限公司,90,A
四川九婴科技有限公司,90,A
四川九州智宇科技有限公司,90,A
四川九州远通科技有限公司,90,A
四川九指信息技术有限公司,90,A
四川九斗云科技有限公司,90,A
四川九新延华科技有限公司,90,A
四川九畦空间科技有限公司,90,A
四川九穗禾科技有限公司,90,A
四川九立微波有限公司,95,A
四川九章生物科技有限公司,100,A
四川九维云链信息技术有限公司,70,C
四川九虎堂科技有限公司,90,A
四川九诚检测技术有限公司,100,A
四川九运巨升科技有限公司,90,A
四川九运巨升科技有限公司,90,A
四川九通智路科技有限公司,90,A
四川九门科技股份有限公司,100,A
四川九陌无尘生物科技有限公司,95,A
四川九黎思达科技有限公司,100,A
四川九鼎乾元科技有限公司,100,A
四川九鼎数码科技有限公司,100,A
四川九鼎数联科技有限公司,90,A
四川九鼎智远知识产权运营有限公司,100,A
四川九鼎瑞信软件开发有限公司,100,A
四川乡同信息技术有限公司,90,A
四川乡村锦囊科技有限公司,90,A
四川书云虚实科技有限公司,80,B
四川书写人生科技有限公司,90,A
四川书苑科技有限公司,90,A
四川乾元昊泰建筑工程有限公司,95,A
四川乾堂科技有限公司,90,A
四川乾富科技有限责任公司,100,A
四川乾延工程管理咨询有限公司,90,A
四川乾沣盛世科技有限公司,90,A
四川乾聚招标代理有限公司,90,A
四川乾行明健新能源科技有限公司,90,A
四川乾鸿企业管理有限公司,90,A
四川了凡景观建筑有限公司,80,B
四川二月茶科技有限公司,100,A
四川二火科技有限公司,90,A
四川二零九九科技有限公司,90,A
四川云上世纪科技有限公司,90,A
四川云上古今科技有限公司,90,A
四川云上时代文化传播有限公司,100,A
四川云上智博人工智能科技有限公司,90,A
四川云上睿创科技有限公司,90,A
四川云上金领科技有限公司,90,A
四川云之力科技有限公司,100,A
四川云互未来科技有限公司,90,A
四川云从天府人工智能科技有限公司,100,A
四川云企时代科技有限公司,100,A
四川云众宏图科技有限公司,80,B
四川云众汇信息安全技术有限公司,90,A
四川云信科电子有限公司,90,A
四川云冠安联科技有限公司,90,A
四川云创天下科技有限公司,100,A
四川云创远图信息科技有限公司,90,A
四川云医密码科技有限公司,75,C
四川云千数科技有限公司,90,A
四川云华川科技有限公司,90,A
四川云卓创新科技有限公司,100,A
四川云吞信息技术有限公司,90,A
四川云商友科技有限公司,85,B
四川云图信息技术有限公司,100,A
四川云图天成建筑设计有限公司,100,A
四川云图汇智科技有限公司,100,A
四川云图瑞科技有限公司,90,A
四川云图视觉信息科技有限公司,90,A
四川云地信息技术有限公司,100,A
四川云基物衡科技有限公司,100,A
四川云实信息技术有限公司,100,A
四川云审科技有限公司,90,A
四川云容联创科技有限公司,100,A
四川云小保科技有限公司,90,A
四川云店创新科技有限责任公司,80,B
四川云弓社体育文化有限公司,90,A
四川云怀科技有限公司,90,A
四川云思智科技有限公司,90,A
四川云恋网信息技术有限公司,90,A
四川云恒数联科技有限公司,100,A
四川云控交通科技有限责任公司,100,A
四川云数赋智教育科技有限公司,100,A
四川云方程科技有限公司,90,A
四川云昊电子科技有限公司,90,A
四川云智科技有限责任公司,90,A
四川云智造科技有限公司,100,A
四川云杉智途科技有限公司,90,A
四川云栖智海大数据科技研究院（有限合伙）,90,A
四川云栖智海硕博创新科技发展有限公司,90,A
四川云档建设项目管理有限公司,100,A
四川云梯智建科技有限公司,100,A
四川云检科技发展有限公司,100,A
四川云波网络科技有限公司,90,A
四川云注科技有限公司,90,A
四川云淞源科技有限公司,90,A
四川云物益邦科技有限公司,100,A
四川云璟汇智科技有限公司,100,A
四川云申至诚科技有限公司,90,A
四川云登医疗科技有限公司,90,A
四川云益纯科技有限公司,100,A
四川云盾光电科技有限公司,100,A
四川云瞻信息技术有限公司,100,A
四川云知道网络科技有限公司,90,A
四川云科新能汽车技术有限公司,100,A
四川云科迅捷科技有限公司,100,A
四川云端里程科技发展有限公司,90,A
四川云策讯科通信技术有限公司,100,A
四川云网世康大数据科技有限公司,90,A
四川云翼科技有限公司,90,A
四川云背篓科技集团有限公司,100,A
四川云背篓科技集团有限公司,100,A
四川云能水利电力工程咨询有限公司,100,A
四川云舜信息技术有限公司,100,A
四川云起老和科技有限公司,90,A
四川云路科技有限公司,100,A
四川云途时代信息技术有限公司,90,A
四川云通智联科技有限公司,100,A
四川云邦物流有限公司,100,A
四川云链壹号科技有限公司,90,A
四川云飞清源环保科技有限公司,70,C
四川云魔方软件有限公司,100,A
四川云麦尔科技有限公司,100,A
四川云鼎图信息技术有限公司,90,A
四川云鼎汐工程技术咨询有限公司,90,A
四川互宜达科技有限公司,100,A
四川互成达科技有限公司,90,A
四川互联科创网络有限公司,90,A
四川互链科技有限公司,90,A
四川五丰科技有限公司,100,A
四川五佳网络科技有限公司,90,A
四川五新智能设备有限公司,100,A
四川五明科技有限公司,100,A
四川五樾科技有限公司,100,A
四川五洋工贸有限责任公司,90,A
四川五环石化装备有限公司,90,A
四川五申科技有限公司,90,A
四川五盛药业集团有限责任公司,100,A
四川五维地理信息技术有限公司,100,A
四川五耕文化传媒有限责任公司,90,A
四川五行伟业科技有限公司,90,A
四川五零壹科技有限公司,70,C
四川亘峰科技有限公司,90,A
四川亚信通信息技术服务有限公司,90,A
四川亚创信息技术有限公司,100,A
四川亚力超膜科技有限公司,100,A
四川亚卓教育科技股份有限公司,100,A
四川亚欧瑞智科技有限公司,100,A
四川亚海实业发展有限公司,100,A
四川亚润科技有限公司,100,A
四川亚美动力技术有限公司,100,A
四川亚联氢能科技股份有限公司,70,C
四川亚通达科技有限公司,95,A
四川亚鑫照明科技有限公司,100,A
四川交壹吧网络科技有限公司,100,A
四川交大工程检测咨询有限公司,100,A
四川交大铁发信息科技有限公司,90,A
四川交奥智控防护科技有限公司,100,A
四川交子纪元数字信息技术有限公司,90,A
四川交客行科技有限公司,90,A
四川交川数字科技有限公司,90,A
四川交达预应力工程检测科技有限公司,100,A
四川亦衡商务信息咨询有限公司,90,A
四川亨朗物联网科技有限公司,100,A
四川亨通网智科技有限公司,100,A
四川享住智慧科技有限公司,100,A
四川享宇企业征信有限公司,100,A
四川享宇科技有限公司,85,B
四川享宇金信金融科技有限公司,95,A
四川享锂来科技有限公司,100,A
四川京交安全咨询有限公司,90,A
四川京伟云净化设备科技有限公司,90,A
四川京川公路工程（集团）有限公司,70,C
四川京帮客网络科技有限公司,90,A
四川京泰建工集团有限公司,80,B
四川京炜交通工程技术有限公司,100,A
四川京炜数字科技有限公司,90,A
四川京都龙泰科技有限公司,100,A
四川亭美新材料科技有限公司,100,A
四川亮普科技有限公司,90,A
四川人天世纪科技有限公司,90,A
四川人文互联教育科技有限公司,90,A
四川人文在线网络服务有限公司,100,A
四川亿企引擎科技有限公司,90,A
四川亿信产业园运营管理有限公司,100,A
四川亿凡环境工程有限公司,100,A
四川亿博智诺科技有限公司,100,A
四川亿安智慧科技有限公司,90,A
四川亿海环保工程有限公司,100,A
四川亿物易联信息科技有限公司,90,A
四川亿电电力科技有限公司,90,A
四川亿联大数据科技有限公司,90,A
四川亿联科技有限公司,95,A
四川亿聚达工程检测咨询有限公司,100,A
四川亿舟科技股份有限公司,70,C
四川亿览态势科技有限公司,100,A
四川亿达和创广告装饰有限公司,100,A
四川亿达鸿药业有限责任公司,100,A
四川亿通华讯科技有限公司,90,A
四川亿邦动力电子商务有限公司,100,A
四川仁博药房连锁有限公司,95,A
四川仁得文化传播有限责任公司,100,A
四川仁曜商贸有限责任公司,90,A
四川仁美工业化建筑有限公司,80,B
四川仁隆诚科技有限公司,100,A
四川仁驰科技有限公司,90,A
四川今日博览科技有限公司,90,A
四川今点企业管理咨询服务有限公司,90,A
四川从蝉尤科技有限公司,80,B
四川仕虹腾飞信息技术有限公司,100,A
四川他山之石装饰工程有限公司,90,A
四川仟众生物科技有限公司,100,A
四川仟岁科技有限公司,90,A
四川令花儿科技有限公司,90,A
四川以勒科技有限公司,85,B
四川以豪信息技术有限公司,90,A
四川仨川航空科技股份有限公司,90,A
四川仰山映画文化传媒有限公司,90,A
四川仰峰迩来教育科技有限公司,90,A
四川仲昌仁合环保工程有限公司,90,A
四川仲测质量技术检测有限公司,90,A
四川仲玛智造科技有限公司,80,B
四川企事易科技有限公司,90,A
四川企德权科技咨询有限公司,80,B
四川企惠管道工程有限公司,100,A
四川企策通企业管理有限公司,90,A
四川企邦帮企业管理有限公司,90,A
四川伊恋家居用品有限公司,90,A
四川伊格航空科技有限公司,90,A
四川伊索利科技有限公司,90,A
四川伊能文化传媒有限公司,90,A
四川伊贝斯特科技有限公司,100,A
四川伊都教育科技有限公司,90,A
四川伍衍生物科技有限公司,100,A
四川伏特安电力科技有限公司,100,A
四川众一世纪能源科技有限公司,100,A
四川众为创通科技有限公司,90,A
四川众之行科技有限公司,90,A
四川众云融创科技有限公司,90,A
四川众亿得科技有限责任公司,90,A
四川众亿旅游资源开发有限公司,80,B
四川众亿瑞祥科技有限公司,100,A
四川众信互联科技有限公司,100,A
四川众信佳科技发展有限公司,90,A
四川众信联创科技有限公司,90,A
四川众信致和物流有限责任公司,90,A
四川众信通用电能股份有限公司,100,A
四川众兴华业市政照明工程有限公司,85,B
四川众兴汽车零部件有限公司,95,A
四川众兴诚检测科技有限公司,100,A
四川众力佳华信息技术有限公司,100,A
四川众力拓科技有限公司,90,A
四川众友联合实业有限公司,100,A
四川众合天成工程勘测有限公司,100,A
四川众合志通科技有限公司,100,A
四川众合悦盛科技有限公司,100,A
四川众合智控科技有限公司,100,A
四川众味和食品有限公司,90,A
四川众和恒业科技有限公司,90,A
四川众和晟科技有限公司,100,A
四川众和聚欣科技有限公司,90,A
四川众城广兴网络信息科技有限公司,90,A
四川众宸精密铸造有限公司,95,A
四川众帘遮阳制品有限公司,100,A
四川众康安生物技术有限公司,90,A
四川众志四维信息科技有限责任公司,95,A
四川众志捷科技有限公司,90,A
四川众恒致远知识产权服务有限公司,90,A
四川众意机电工程有限公司,100,A
四川众成鑫富通信科技有限公司,100,A
四川众拓全过程工程设计咨询有限公司,90,A
四川众易云上能源科技有限公司,100,A
四川众智云擎科技有限公司,90,A
四川众智公路交通工程有限公司,100,A
四川众智安诚科技有限公司,90,A
四川众智种业科技有限公司,95,A
四川众智鸿图信息科技有限公司,90,A
四川众望升腾科技有限公司,100,A
四川众望安全环保技术咨询有限公司,95,A
四川众检四方检验检测技术有限公司,90,A
四川众森同越科技有限公司,100,A
四川众泰新纪元科技集团有限公司,90,A
四川众润食品有限公司,100,A
四川众班科技有限公司,90,A
四川众璟建设工程有限公司,100,A
四川众益生物科技有限公司,90,A
四川众联普惠科技有限公司,90,A
四川众联臻致信息技术有限公司,100,A
四川众联航泰科技有限公司,100,A
四川众聚云购电子商务有限公司,80,B
四川众能环保科技有限公司,100,A
四川众航电子科技有限公司,100,A
四川众行者科技有限公司,90,A
四川众见天成科技有限公司,100,A
四川众诚智道科技有限公司,90,A
四川众鑫和教育科技有限公司,100,A
四川众鑫阳科技有限公司,90,A
四川众青云人力资源服务有限公司,90,A
四川众鹏科技有限公司,100,A
四川众鹏诚援信息技术有限公司,90,A
四川众鹤科技有限公司,90,A
四川众鼎系统集成有限公司,100,A
四川优仕铭卓科技有限公司,90,A
四川优佰特厨房设备制造股份有限公司,95,A
四川优力源电子科技有限公司,100,A
四川优力赛新材料科技有限公司,100,A
四川优品云商科技有限公司,100,A
四川优墨科技有限公司,90,A
四川优安协创科技有限公司,90,A
四川优宝家家居有限公司,100,A
四川优客星空住房租赁有限公司,95,A
四川优家库信息技术有限公司,100,A
四川优尼柯环保科技有限公司,90,A
四川优山科技有限公司,100,A
四川优平方科技有限公司,90,A
四川优广互联科技有限公司,100,A
四川优徕博检测技术有限公司,100,A
四川优徕博科技有限公司,90,A
四川优指数环保科技有限公司,90,A
四川优晟能投科技有限公司,90,A
四川优普超纯科技有限公司,100,A
四川优普越纯科技有限公司,90,A
四川优机实业股份有限公司,100,A
四川优沃嘉创教育科技有限公司,90,A
四川优浦达科技有限公司,100,A
四川优润普科技有限公司,100,A
四川优盟一家信息科技有限责任公司,100,A
四川优科源环境科技股份有限公司,100,A
四川优筑科技有限公司,100,A
四川优联通信工程有限公司,100,A
四川优茗平台科技有限公司,90,A
四川优途悦享智能科技有限公司,90,A
四川会灵欣康科技开发有限公司,90,A
四川会计达人科技有限公司,90,A
四川伟业宏图安全科技有限公司,90,A
四川伟嘉机械工程有限公司,95,A
四川伟图智能科技有限公司,100,A
四川伟士多科技有限公司,100,A
四川伟晟环境保护集团有限公司,75,C
四川伟祺工程设计咨询有限公司,100,A
四川伟能华普科技有限公司,90,A
四川伟财科技有限公司,100,A
四川传意荟能翻译有限公司,70,C
四川传承数据设计有限公司,90,A
四川传控科技有限公司,90,A
四川传橙网络科技有限公司,90,A
四川传球网络科技有限公司,100,A
四川传语通信技术有限公司,90,A
四川伯德智慧医疗科技有限公司,90,A
四川伯禹生物工程有限公司,90,A
四川伯纳德自动化仪表有限公司,100,A
四川伯邦能源科技有限公司,90,A
四川伽锐科技有限公司,90,A
四川住品新材料科技有限公司,50,E
四川佐佑时代信息科技有限公司,90,A
四川佐桠科技有限公司,90,A
四川余睿扬科技有限公司,90,A
四川佛能达科技有限公司,100,A
四川你想家网络科技有限公司,90,A
四川佩丽凯科技有限责任公司,90,A
四川佩吉慕丝商贸有限公司,80,B
四川佰利华厨具设备工程有限公司,100,A
四川佰年文化传播有限公司,100,A
四川佰汇混凝土工程有限公司,85,B
四川佰纳川超声波设备有限公司,90,A
四川佰邦通科技有限公司,100,A
四川佳南妍美化妆品有限公司,90,A
四川佳品软件有限公司,100,A
四川佳居数码科技有限责任公司,100,A
四川佳怡德环境科技有限公司,100,A
四川佳朗德环境科技有限公司,90,A
四川佳樱智慧家科技有限公司,95,A
四川佳润源科技有限公司,90,A
四川佳港科技有限公司,90,A
四川佳石信息技术有限公司,90,A
四川佳科幕墙工程有限公司,100,A
四川佳胜万和科技有限公司,90,A
四川佳胜卓越科技股份有限公司,90,A
四川佳诚佳信科技有限公司,90,A
四川佳达科技集团有限公司,100,A
四川佳达美士生物科技有限公司,100,A
四川佳迅科技工程有限公司,100,A
四川佳音云创网络信息技术有限公司,100,A
四川供源科技有限公司,100,A
四川依柳源技术检测有限公司,90,A
四川依米康云软件有限公司,90,A
四川依米康龙控软件有限公司,100,A
四川依贝智能装备有限公司,80,B
四川依锦门业有限公司,100,A
四川侬达地理信息技术有限公司,90,A
四川便捷你我信息技术有限公司,100,A
四川俊岭生态环境咨询服务有限公司,100,A
四川保元防务技术有限公司,100,A
四川保全界企业管理有限公司,100,A
四川保利微电子有限公司,95,A
四川保客憩缘科技有限公司,90,A
四川保承科技有限公司,90,A
四川保行科技有限责任公司,90,A
四川信一电力设备有限公司,95,A
四川信业金键信息技术有限责任公司,100,A
四川信云翔科技有限公司,90,A
四川信和集智商务信息咨询有限公司,100,A
四川信天翁科技有限公司,90,A
四川信安天下科技有限公司,90,A
四川信宏翔科技有限公司,95,A
四川信德科技有限公司,100,A
四川信念者科技有限公司,90,A
四川信拓医药技术有限公司,90,A
四川信明远电气设备有限公司,90,A
四川信毅达工程技术咨询服务有限公司,90,A
四川信用通数字科技股份有限公司,100,A
四川信电联电子科技有限公司,95,A
四川信移通通信技术有限公司,100,A
四川信耀环境科技有限公司,100,A
四川信联云航科技有限公司,90,A
四川信能科技发展有限公司,100,A
四川信衡新型材料科技有限公司,80,B
四川信诚朗科环保科技有限公司,100,A
四川信达威技术发展有限公司,90,A
四川信都科技有限责任公司,90,A
四川倍信通科技有限公司,100,A
四川倍发科技有限公司,100,A
四川倍思特电力电气有限公司,95,A
四川倍特尔信息技术有限公司,90,A
四川倚天华安科技有限公司,90,A
四川倚天鲲鹏科技有限公司,90,A
四川健康久远科技有限公司,100,A
四川健生堂农业开发有限公司,100,A
四川健科林医疗技术有限公司,80,B
四川健骑士生物科技有限公司,100,A
四川傲中科技有限公司,90,A
四川傲势科技有限公司,100,A
四川元丰建设项目管理有限公司,100,A
四川元匠科技有限公司,90,A
四川元坤智能机电设备有限公司,75,C
四川元宇心健科技发展有限公司,90,A
四川元昊科技有限公司,100,A
四川元朗科技有限公司,100,A
四川元洲装饰工程设计有限公司,90,A
四川元祉智慧科技有限公司,90,A
四川元筑工程技术有限公司,100,A
四川元高分网络科技有限公司,80,B
四川兆和种业有限公司,100,A
四川兆域四海科技有限公司,100,A
四川兆石科技有限公司,90,A
四川兆虹油气田技术有限公司,90,A
四川兆雪科技有限公司,100,A
四川先成科技有限责任公司,90,A
四川先森科技有限公司,90,A
四川先然石油科技有限公司,100,A
四川先舟建设工程有限公司,90,A
四川光亮文化传播有限公司,90,A
四川光兴消防科技有限责任公司,70,C
四川光和兴科技有限公司,100,A
四川光大制药有限公司,80,B
四川光岩电子科技有限公司,90,A
四川光年测绘有限公司,90,A
四川光延科技有限公司,90,A
四川光彩君酌光电科技有限公司,90,A
四川光影数字科技有限公司,100,A
四川光恒通信技术有限公司,95,A
四川光慧新能源科技有限公司,100,A
四川光明四季科技有限公司,90,A
四川光盈晓视科技有限公司,90,A
四川光铭医用设备安装工程有限公司,90,A
四川光陆通信技术有限公司,100,A
四川克力恩科技有限公司,90,A
四川克瑞信科技有限公司,90,A
四川克里克展览展示有限公司,100,A
四川全义环境装备有限公司,95,A
四川全因子网络科技有限公司,95,A
四川全安科技有限公司,90,A
四川全源塑料制品有限公司,100,A
四川全球创业管家企业管理有限公司,90,A
四川全球寄科技有限公司,100,A
四川全美网络科技有限公司,100,A
四川全路信息技术有限责任公司,100,A
四川全运科技发展有限公司,90,A
四川八依教育科技有限公司,90,A
四川八月瓜生物科技有限公司,90,A
四川八维九章科技有限公司,90,A
四川八维动力科技有限公司,90,A
四川八零爸爸教育咨询有限责任公司,90,A
四川公用信息产业有限责任公司,95,A
四川公路工程咨询监理有限公司,85,B
四川公路桥梁建设集团有限公司,80,B
四川公输班科技有限公司,90,A
四川六玖众安科技有限公司,100,A
四川六零八科技有限公司,100,A
四川兮水瑶健康管理有限公司,90,A
四川兰冰生物药业有限公司,90,A
四川兰天低温技术开发有限公司,100,A
四川兰德高科技产业有限公司,90,A
四川兰旭视讯科技有限公司,90,A
四川兰晨管业有限公司,100,A
四川兰极文化传媒有限公司,90,A
四川兰泰纳德泰生物科技有限公司,100,A
四川兰青环保科技有限公司,90,A
四川兰馨普瑞科技有限公司,85,B
四川共为名车科技有限公司,100,A
四川共享云充科技有限公司,90,A
四川共拓岩土科技股份有限公司,95,A
四川共拓新材料股份有限公司,90,A
四川共振道路工程有限公司,90,A
四川共运宝科技有限公司,90,A
四川关家河项目管理有限公司,90,A
四川兴华盛科技有限公司,90,A
四川兴华路通再生资源科技有限公司,90,A
四川兴城港瑞建材有限公司,80,B
四川兴域遥感技术有限公司,90,A
四川兴宇翔食品有限公司,100,A
四川兴川贷数字科技有限公司,100,A
四川兴彩高新材料有限公司,100,A
四川兴政信息技术有限公司,100,A
四川兴易天科技有限公司,100,A
四川兴景水利工程设计有限公司,100,A
四川兴正宇建筑工程有限公司,100,A
四川兴泰普乐医疗科技有限公司,90,A
四川兴澳环境技术服务有限公司,90,A
四川兴睿龙实业有限公司,100,A
四川兴福制衣有限公司,100,A
四川兴航誉天科技有限公司,90,A
四川兴良川深冷科技有限公司,100,A
四川兴蜀工程勘察设计集团有限公司,85,B
四川兴融达科技有限公司,100,A
四川兴裕合环境管理有限公司,90,A
四川兴诚世辉科技有限公司,80,B
四川兴财信息产业发展有限公司,100,A
四川兴辉腾集团有限公司,100,A
四川兴达塑料有限公司,90,A
四川兴达明科机电工程有限公司,90,A
四川兴达通信息技术有限公司,100,A
四川兴锐通电力设备有限公司,100,A
四川兴青禾清洁服务有限公司,95,A
四川兴顺风向新材料有限公司,100,A
四川兴鼎立信息科技有限公司,90,A
四川兴齐畅科技有限公司,100,A
四川其佳科技孵化有限公司,90,A
四川其其科技有限公司,80,B
四川典奥科技有限公司,90,A
四川典智科技有限公司,90,A
四川冗数智慧科技有限公司,90,A
四川写视康科技有限公司,90,A
四川军昊科技有限公司,100,A
四川农夫指道网络科技有限公司,75,C
四川农族食尚科技有限公司,75,C
四川农科源检测技术有限公司,90,A
四川农链数科科技有限公司,85,B
四川冠畅工程管理有限公司,90,A
四川冠茂信息工程有限公司,100,A
四川冠辰环保工程有限公司,100,A
四川冠闯实业有限公司,90,A
四川冠骋家具有限公司,100,A
四川冲达油气技术服务有限公司,90,A
四川冶勘汇宇地理信息有限公司,100,A
四川冶金设备开发有限公司,100,A
四川净享至家科技有限公司,90,A
四川净尔舒环保技术有限公司,70,C
四川净澜检测有限公司,40,E
四川准检科技有限公司,85,B
四川准芯科技有限公司,90,A
四川凌宇行科技有限公司,90,A
四川凌智恒自动化科技有限公司,100,A
四川凌空天行科技有限公司,90,A
四川凌翔科技发展有限公司,90,A
四川凌耘建科技有限公司,100,A
四川凌迅信通科技有限公司,100,A
四川凌锋创造科技有限公司,90,A
四川凝思软件有限公司,90,A
四川凝聚力科技有限公司,90,A
四川凝聚科技有限公司,100,A
四川几何创新科技股份有限公司,100,A
四川凡乐科技有限公司,100,A
四川凡易科技有限公司,100,A
四川凤怒数字科技有限公司,90,A
四川凯乐检测技术有限公司,100,A
四川凯乐食品检测有限公司,90,A
四川凯力威科技股份有限公司,100,A
四川凯力特智能科技有限公司,100,A
四川凯发计量检测有限公司,100,A
四川凯同建筑工程有限公司,100,A
四川凯威消防设备有限公司,100,A
四川凯尔工程技术有限公司,95,A
四川凯帝康科技有限公司,90,A
四川凯斯电气有限公司,100,A
四川凯昱环保科技有限公司,90,A
四川凯普网络科技有限责任公司,100,A
四川凯普顿信息技术股份有限公司,100,A
四川凯本新材料科技有限公司,90,A
四川凯源建筑工程有限公司,85,B
四川凯瑞捷信息科技有限公司,100,A
四川凯瑞特斯信息技术服务有限公司,90,A
四川凯科医药科技有限公司,100,A
四川凯维茵科技有限公司,100,A
四川凯聚智能科技有限公司,90,A
四川凯贝利科技有限公司,90,A
四川凯迈新能源有限公司,100,A
四川凯迪信科技有限公司,90,A
四川凯迪威尔科技有限公司,100,A
四川凯麟环境科技有限公司,90,A
四川凯鼎照明工程有限公司,90,A
四川函钛科技有限公司,100,A
四川分享微联科技有限公司,100,A
四川分享未来科技有限公司,90,A
四川分分联科技有限公司,90,A
四川列克环境工程有限公司,100,A
四川刚毅科技集团有限公司,90,A
四川创一智慧科技有限公司,90,A
四川创世嘉农业科技有限公司,100,A
四川创世新琰科技有限责任公司,100,A
四川创享云科技有限公司,90,A
四川创亿利科技有限公司,100,A
四川创亿通科技有限公司,70,C
四川创企科技有限责任公司,100,A
四川创信科技有限公司,100,A
四川创元丽安科技有限公司,90,A
四川创力科技有限责任公司,100,A
四川创博云软信息技术有限公司,90,A
四川创嘉上善网络科技有限公司,90,A
四川创天联航科技有限公司,90,A
四川创宏电气有限公司,100,A
四川创客知佳科技有限公司,90,A
四川创彩无限科技有限公司,95,A
四川创惠卓越信息技术有限公司,90,A
四川创想新程科技有限公司,100,A
四川创意科技有限公司,100,A
四川创数智慧科技股份有限公司,100,A
四川创新动力信息科技有限责任公司,100,A
四川创新普惠科技有限公司,90,A
四川创景成大科技有限公司,90,A
四川创智亿科技有限公司,100,A
四川创智优联科技有限公司,100,A
四川创智宏远科技有限公司,100,A
四川创智炜业科技有限公司,90,A
四川创智联恒科技有限公司,100,A
四川创曌数字科技有限责任公司,90,A
四川创治环保科技有限公司,90,A
四川创派联盟科技有限公司,90,A
四川创源业环保科技有限公司,100,A
四川创燚科技有限公司,100,A
四川创物科技有限公司,65,D
四川创琦科技有限公司,90,A
四川创知康科技有限公司,90,A
四川创网通信科技有限公司,100,A
四川创美星企网络科技有限公司,90,A
四川创美环保科技有限公司,95,A
四川创能海博科技有限公司,100,A
四川创蓝建筑工程有限公司,90,A
四川创视绘影科技有限公司,90,A
四川创越科技有限公司,100,A
四川创达新能科技有限公司,100,A
四川创途云智科技有限公司,90,A
四川创通天下信息技术有限公司,90,A
四川初心不二科技有限公司,100,A
四川利兴龙环保科技有限公司,90,A
四川利和华玻璃有限公司,85,B
四川利和昇新材料科技有限公司,90,A
四川利好农副产品有限公司,90,A
四川利宇博顺建设工程有限公司,90,A
四川利民中药饮片有限责任公司,80,B
四川利汇丰酒类包装有限公司,100,A
四川利沃德环保工程有限公司,100,A
四川利源锐钢结构工程有限公司,70,C
四川利锋科技有限公司,90,A
四川利阳电气有限公司,100,A
四川别夏科技有限公司,90,A
四川制药制剂有限公司,95,A
四川前沿科创信息技术有限公司,90,A
四川前海时代人才服务有限公司,90,A
四川前程人力资源管理顾问有限责任公司,70,C
四川前程企业发展咨询有限公司,80,B
四川前立应急救援设备有限公司,100,A
四川前进医信科技有限责任公司,100,A
四川剑鱼科技有限公司,90,A
四川力众信息技术有限公司,90,A
四川力垦锂动力科技有限公司,90,A
四川力士达智慧照明科技有限公司,100,A
四川力士达照明设备股份有限公司,100,A
四川力威宅配科技有限公司,90,A
四川力安行科技有限公司,90,A
四川力宝智业信息技术有限公司,90,A
四川力川塑料制品有限公司,100,A
四川力洁狮环保科技有限公司,100,A
四川力能超高压设备有限公司,100,A
四川力隆升自动化设备有限公司,100,A
四川力龙恒升数智科技有限公司,90,A
四川功将科技有限公司,90,A
四川加佳减简科技有限公司,90,A
四川加力机电有限公司,100,A
四川加天下科技有限公司,90,A
四川动力恒科技有限公司,100,A
四川动感云科技有限公司,100,A
四川助商企业服务有限责任公司,90,A
四川励康生物科技有限公司,90,A
四川劲威检测服务有限公司,90,A
四川劳吉克信息技术有限公司,100,A
四川劳玛斯特高胜石油钻采设备有限公司,100,A
四川劼力知识产权服务有限公司,90,A
四川勇安智能科技有限公司,100,A
四川勇鑫建筑工程有限公司,95,A
四川勤为汇智科技有限公司,90,A
四川勤天信科技有限公司,100,A
四川勤思智能科技有限公司,90,A
四川包鲜生科技有限公司,90,A
四川北城九州机电设备工程有限公司,90,A
四川北尚新材料科技有限公司,100,A
四川北斗云联科技有限公司,100,A
四川北斗卫星导航平台有限公司,90,A
四川北斗星河科技有限公司,90,A
四川北斗星车联信息技术有限公司,55,E
四川北斗智慧物联科技有限公司,100,A
四川北方新宇科技有限公司,100,A
四川北易信息技术有限公司,90,A
四川北极光口腔医疗器械有限公司,85,B
四川北滨科技有限公司,100,A
四川北辰乾衡科技有限责任公司,100,A
四川北鱼科技有限公司,90,A
四川匠人绘教育科技有限公司,100,A
四川匠心智创科技有限公司,90,A
四川匹菲特科技有限公司,100,A
四川医健云康科技有限公司,90,A
四川医帆信息科技有限公司,95,A
四川医平医疗管理有限公司,100,A
四川医普利医药科技有限公司,90,A
四川医枢科技有限责任公司,90,A
四川医盟信息技术有限公司,100,A
四川医策科技有限公司,100,A
四川十鹿吾优科技有限公司,90,A
四川千凡人工智能科技有限公司,90,A
四川千巧建筑设计有限公司,90,A
四川千巨视觉广告传媒有限责任公司,100,A
四川千手机械科技有限公司,55,E
四川千方智通科技有限公司,90,A
四川千机网科技有限公司,100,A
四川千正科技有限责任公司,100,A
四川千正科技有限责任公司,100,A
四川千汇万通工程技术有限公司,90,A
四川千然科技有限公司,95,A
四川千百润科技有限公司,90,A
四川千睿达科技有限公司,90,A
四川千秋飞扬文化传播有限公司,90,A
四川千胜宝科人工智能科技集团有限公司,75,C
四川千行你我科技股份有限公司,90,A
四川千誉志承科技有限公司,100,A
四川千里倍益康医疗科技股份有限公司,100,A
四川千里勘测设计有限公司,90,A
四川千钧机电设备有限公司,100,A
四川千页科技股份有限公司,100,A
四川升华电源科技有限公司,100,A
四川升博信息科技有限责任公司,100,A
四川升和药业股份有限公司,80,B
四川升敬源材料科技有限公司,90,A
四川升能泰科技有限公司,90,A
四川升腾元创机电技术研究有限公司,95,A
四川升腾元创机电技术研究有限公司,95,A
四川升腾元创机电技术研究有限公司,95,A
四川卉万潼物网科技有限公司,90,A
四川半山智慧能源科技集团有限公司,90,A
四川半智网络科技有限公司,90,A
四川半轮医药科技有限公司,90,A
四川华一众创新材料有限公司,100,A
四川华东电气集团有限公司,90,A
四川华东电气集团电力科技有限公司,100,A
四川华中慧物科技有限公司,90,A
四川华为电缆有限公司,100,A
四川华亿信创科技有限公司,90,A
四川华亿石油天然气工程有限公司,100,A
四川华体照明科技股份有限公司,80,B
四川华信云通科技有限公司,90,A
四川华信富恒科技有限公司,100,A
四川华储鼎创新能源科技有限公司,90,A
四川华光智能五金科技有限公司,100,A
四川华兴捷运铁路工程有限公司,100,A
四川华兴科创信息技术有限公司,100,A
四川华净净化设备科技有限公司,100,A
四川华准企业管理有限公司,90,A
四川华准科技有限公司,90,A
四川华创世纪科技有限公司,80,B
四川华创云领信息技术有限公司,90,A
四川华创博睿科技有限责任公司,100,A
四川华创图域智能科技有限公司,90,A
四川华创图强科技有限公司,90,A
四川华创智能科技有限公司,90,A
四川华南信息产业股份有限公司,100,A
四川华厦建辉门窗幕墙装饰有限公司,95,A
四川华双科技有限公司,90,A
四川华可酒店管理有限公司,100,A
四川华唐瀚程科技有限责任公司,90,A
四川华商能源科技有限公司,100,A
四川华地康生态农业科技有限公司,90,A
四川华坤工程咨询有限公司,90,A
四川华夏众联科技有限公司,100,A
四川华夏博康教育科技有限公司,100,A
四川华大信安科技有限公司,90,A
四川华太现货市场管理有限公司,90,A
四川华宇盛能能源科技有限公司,100,A
四川华家池环保技术工程有限公司,100,A
四川华富立复合材料有限公司,100,A
四川华尔菲科技有限公司,90,A
四川华尚聚盛科技有限公司,90,A
四川华山建筑有限公司,70,C
四川华岩机械设备制造有限公司,100,A
四川华川工业股份有限公司,95,A
四川华川洁净科技有限公司,90,A
四川华工石油装备有限公司,95,A
四川华希云智能科技有限公司,90,A
四川华庆机械有限责任公司,95,A
四川华库科技有限公司,100,A
四川华康卫健科技有限公司,100,A
四川华德深远石油机械有限公司,90,A
四川华德生物工程有限公司,100,A
四川华戈微波科技有限责任公司,90,A
四川华控品成数据科技有限公司,90,A
四川华控图形科技有限公司,95,A
四川华控智能交通科技股份有限公司,100,A
四川华斐科技有限公司,90,A
四川华昆能源有限责任公司,90,A
四川华昇睿诚科技有限公司,90,A
四川华明科创科技有限公司,85,B
四川华晖盛世探测技术有限公司,90,A
四川华普汇智科技有限公司,90,A
四川华景智农农业开发有限责任公司,90,A
四川华智捷电子科技有限公司,100,A
四川华智生物工程有限公司,95,A
四川华智百荣科技有限公司,100,A
四川华曙图灵增材制造技术有限责任公司,100,A
四川华构建筑工程有限公司,70,C
四川华构建筑工程有限公司,45,E
四川华构装配式建筑设计研究有限公司,100,A
四川华果石油天然气工程设计有限公司,100,A
四川华标测检测技术有限公司,100,A
四川华榕电气有限公司,90,A
四川华欣建筑安装工程设备有限公司,100,A
四川华氏康源医药科技有限公司,85,B
四川华汇智研电力科技有限公司,100,A
四川华汉三创生物科技有限公司,90,A
四川华沃德源能源科技有限公司,100,A
四川华泰众城工程设计有限公司,100,A
四川华泰智胜科技发展有限公司,100,A
四川华泽石油技术股份有限公司,90,A
四川华派净化工程有限公司,100,A
四川华测建信检测技术有限公司,100,A
四川华浦科技发展有限公司,100,A
四川华游信息技术有限公司,100,A
四川华点知识产权代理有限公司,90,A
四川华煜电力设计咨询有限公司,100,A
四川华环电子技术有限公司,100,A
四川华琳网络科技有限公司,90,A
四川华瑞佳能科技有限公司,90,A
四川华瑞同创电气科技有限公司,100,A
四川华瓴企业管理咨询有限公司,90,A
四川华皓检测技术有限公司,100,A
四川华益隆环保科技有限公司,90,A
四川华盎网络科技有限公司,90,A
四川华盛安邦电力科技有限公司,100,A
四川华盛强航空地面设备有限公司,60,D
四川华盛达环保工程有限责任公司,100,A
四川华睿兴科技有限公司,90,A
四川华睿泰合科技有限公司,90,A
四川华知诚科技有限公司,90,A
四川华神钢构有限责任公司,85,B
四川华科汇智科技有限公司,100,A
四川华程远通工程咨询有限公司,85,B
四川华策智慧科技有限公司,95,A
四川华索自动化信息工程有限公司,100,A
四川华纳康生物科技有限公司,90,A
四川华聚创源环保科技有限公司,100,A
四川华能氢能科技有限公司,90,A
四川华能科创化工工程有限公司,100,A
四川华腾国盛科技有限公司,100,A
四川华腾数安科技有限公司,90,A
四川华腾达科技有限公司,100,A
四川华航科技有限公司,100,A
四川华英化工有限责任公司,55,E
四川华融瑞视科技有限公司,100,A
四川华融讯方科技有限公司,80,B
四川华西中西医药研究院,90,A
四川华西启德健康管理有限公司,90,A
四川华西康圣达医学检验有限公司,100,A
四川华西建筑设计院有限公司,100,A
四川华西都市网络科技有限公司,100,A
四川华西集采电子商务有限公司,90,A
四川华评生态环境科技有限公司,90,A
四川华诺智胜健康科技有限公司,100,A
四川华谊安数科技有限公司,90,A
四川华谷科技有限公司,90,A
四川华跃兴航空科技有限公司,90,A
四川华软慧医科技有限公司,80,B
四川华软致远软件有限公司,90,A
四川华辰智慧科技有限公司,100,A
四川华辰豫安能源工程有限公司,100,A
四川华辰迈科科技有限公司,90,A
四川华远建设工程有限公司,100,A
四川华远志盛科技有限公司,90,A
四川华远惠通科技有限公司,100,A
四川华迪信息技术有限公司,100,A
四川华邦保和涂料有限公司,100,A
四川华都核设备制造有限公司,100,A
四川华鑫汇智能科技有限公司,90,A
四川华鑫通科技有限公司,90,A
四川华铁信通科技有限公司,100,A
四川华锦建筑加固工程有限公司,90,A
四川华锦珩科技有限公司,80,B
四川华震科技有限公司,90,A
四川华驻汽车服务有限公司,90,A
四川华驿公路交通工程有限公司,80,B
四川华驿电力有限公司,100,A
四川华骄环保科技有限公司,85,B
四川华鲲振宇智能科技有限责任公司,100,A
四川华鹏电源有限公司,95,A
四川华鼎光影影视文化传媒有限公司,90,A
四川华龙印务有限公司,100,A
四川华龙种业有限责任公司,100,A
四川协力制药股份有限公司,85,B
四川协力制药股份有限公司,85,B
四川协力制药股份有限公司,85,B
四川协同创新智能装备制造有限公司,100,A
四川协成电力工程设计有限公司,100,A
四川协程领扬科技有限公司,90,A
四川协进测绘有限公司,100,A
四川协鑫施沃德光电科技有限公司,70,C
四川卓一品生态环境工程有限公司,100,A
四川卓信优品科技有限公司,100,A
四川卓信威智能科技有限公司,90,A
四川卓信惠通电气有限公司,100,A
四川卓信汇通科技有限公司,90,A
四川卓安新材料科技有限公司,100,A
四川卓尔睿致智能科技有限公司,100,A
四川卓成云创数字科技有限公司,90,A
四川卓成壹方科技有限公司,90,A
四川卓挚兴科技有限公司,90,A
四川卓求航空材料有限公司,100,A
四川卓滤环保技术有限公司,90,A
四川卓益筑建设工程有限公司,75,C
四川卓联方信息技术有限公司,100,A
四川卓能智控科技有限公司,100,A
四川卓艺展览有限公司,80,B
四川卓诚思域科技有限公司,90,A
四川卓豪农业有限公司,100,A
四川卓越新能科技有限公司,100,A
四川卓越蜀能电力设备检测有限公司,100,A
四川卓辅工程管理咨询有限公司,90,A
四川卓通信息技术有限责任公司,100,A
四川南井建设工程有限公司,95,A
四川南交交科勘察设计有限公司,100,A
四川南交唐臣土木工程技术有限公司,90,A
四川南光新能源有限公司,90,A
四川南光真空科技有限公司,100,A
四川南博数字科技有限公司,75,C
四川南方测绘仪器有限公司,90,A
四川南方涂料工业有限公司,95,A
四川南方锐星科技有限公司,70,C
四川南方集创智能科技有限公司,90,A
四川南春特种水产科技有限公司,95,A
四川南格尔生物科技有限公司,100,A
四川南泽文化传媒有限公司,100,A
四川南滨育繁生物科技有限公司,90,A
四川南玻节能玻璃有限公司,80,B
四川南钛科技有限公司,100,A
四川博世医信软件有限公司,90,A
四川博世科技信息产业有限公司,100,A
四川博亚蜀云光电科技有限公司,90,A
四川博亨润海广告有限公司,65,D
四川博众互动网络科技有限公司,100,A
四川博众慧瑞信息技术有限公司,100,A
四川博克云控科技有限公司,90,A
四川博创汇前沿科技有限公司,100,A
四川博创科技咨询有限公司,100,A
四川博利恒药业有限公司,100,A
四川博地空间信息技术有限公司,100,A
四川博域信息技术有限公司,90,A
四川博壹信息科技有限公司,65,D
四川博大正恒信息技术有限公司,90,A
四川博奥环保科技有限公司,100,A
四川博峰鼎力建筑工程有限公司,90,A
四川博德思源科技有限公司,90,A
四川博德蚁穴建设工程有限公司,100,A
四川博志巨拓科技有限公司,90,A
四川博忠金属制造有限公司,90,A
四川博思丰创环保科技有限公司,90,A
四川博思德信息技术有限公司,100,A
四川博恩信息技术有限公司,90,A
四川博文讯通科技有限公司,90,A
四川博旅科技有限公司,90,A
四川博易盛知识产权代理服务有限公司,90,A
四川博月视虹科技有限责任公司,90,A
四川博未来机电设备工程有限公司,90,A
四川博水环保科技有限公司,100,A
四川博汇智达科技有限公司,90,A
四川博浩宇农业科技有限公司,90,A
四川博海供水设备有限公司,100,A
四川博涛电力工程有限公司,90,A
四川博源九州空间信息技术有限公司,75,C
四川博源科技有限责任公司,100,A
四川博滔瑞达科技有限公司,90,A
四川博瀚文轩数字科技有限公司,90,A
四川博灿体育器械有限公司,90,A
四川博猎人力资源有限公司,90,A
四川博瑞中控科技有限公司,100,A
四川博瑞人防工程有限公司,100,A
四川博瑞华芯科技有限公司,90,A
四川博瑞客信息技术有限公司,90,A
四川博瑞拓科技有限公司,100,A
四川博瑞普达科技有限公司,100,A
四川博睿吉国际旅行社有限公司,100,A
四川博睿同创科技有限公司,90,A
四川博睿集慕课科技有限公司,95,A
四川博纳得信息技术服务有限公司,100,A
四川博美森建材有限责任公司,100,A
四川博能德力科技有限公司,90,A
四川博能科投智控科技有限公司,80,B
四川博腾创达智能科技有限公司,90,A
四川博英诺生物科技有限公司,90,A
四川博菲硕科技有限公司,90,A
四川博视远途广告有限公司,90,A
四川博谱微波科技有限公司,100,A
四川博谷教育咨询有限公司,90,A
四川博达至成展览展示有限公司,100,A
四川博迪诚信息技术有限公司,90,A
四川博通振业智能科技有限公司,90,A
四川博道睿思科技有限公司,90,A
四川博道维新企业管理有限公司,100,A
四川博鑫腾科技发展有限公司,90,A
四川博铭斯科技有限公司,90,A
四川博雅智信科技有限公司,90,A
四川博飞珂生物科技有限公司,90,A
四川卡博森医药科技有限公司,90,A
四川卡夫检测技术有限公司,100,A
四川卡尔森科技有限公司,100,A
四川卡库机器人科技有限公司,90,A
四川卡文迪电子科技有限公司,90,A
四川卡森科技有限公司,100,A
四川卡纳科技有限公司,90,A
四川卡迪恩汽车科技有限公司,100,A
四川卡雷拉科技有限公司,90,A
四川卫利清环保科技有限公司,90,A
四川卫士通信息安全平台技术有限公司,100,A
四川卫宁软件有限公司,100,A
四川卫康科技有限公司,100,A
四川卫通视讯科技有限公司,100,A
四川卫龙安保集团有限公司,90,A
四川卯晨锦曦建筑工程有限公司,90,A
四川厌氧生物科技有限责任公司,90,A
四川厚光科技有限公司,90,A
四川厚全好鲜见信息科技有限公司,90,A
四川厚加源科技有限公司,100,A
四川厚天科技股份有限公司,100,A
四川厚德航通科技有限公司,95,A
四川厚族网络科技有限公司,90,A
四川厚朴物联科技有限公司,90,A
四川厚浦生物科技有限公司,90,A
四川厚生天佐药业有限公司,75,C
四川厚荟睿享科技有限公司,100,A
四川厚诚新材料有限公司,100,A
四川厚邦智能科技有限公司,90,A
四川原力元农业科技有限公司,100,A
四川原力工程设计有限公司,100,A
四川原皓源环境工程有限公司,95,A
四川原航三维图形科技有限责任公司,90,A
四川原野牧歌农业科技发展有限公司,90,A
四川去易宝网络科技有限公司,90,A
四川叁和更新建设有限公司,90,A
四川叁壹捌汽车科技有限公司,90,A
四川叁文策略文化创意股份有限公司,100,A
四川叁点余文化传媒有限公司,90,A
四川友客值信息技术有限公司,80,B
四川友联信息技术有限公司,100,A
四川友联味业食品有限公司,95,A
四川友联正达科技有限公司,100,A
四川友邻有家电子商务有限公司,85,B
四川双元智能科技有限公司,100,A
四川双实建筑新材料有限公司,95,A
四川双建路桥机械有限责任公司,90,A
四川双得利智链信息技术有限公司,90,A
四川双泓射线防护工程有限公司,90,A
四川双花科技发展有限公司,100,A
四川双金多肽生物技术有限责任公司,90,A
四川双铁科技有限公司,90,A
四川双银创促科技有限责任公司,85,B
四川双陆医疗器械有限公司,50,E
四川双飞虹精密部件有限公司,90,A
四川双鹏信息技术有限公司,90,A
四川双龙建安机电工程有限公司,90,A
四川双龙机场建设有限公司,100,A
四川发展中恒能环境科技有限公司,100,A
四川发展数字金沙科技有限公司,90,A
四川发展新筑轨道交通技术有限公司,90,A
四川发展环境科学技术研究院有限公司,100,A
四川发展龙蟒股份有限公司,95,A
四川发飙蜗牛科技有限公司,90,A
四川变体科技有限公司,60,D
四川古睿的工程勘察设计有限公司,90,A
四川古铂服装有限公司,80,B
四川叩码科技有限公司,90,A
四川叮咚时代科技有限公司,90,A
四川叮铛猫科技有限公司,100,A
四川可尔威环保科技有限公司,90,A
四川可普光电科技有限公司,90,A
四川可玩达教育科技有限公司,90,A
四川司戈盾机电设备有限公司,100,A
四川合一视讯科技有限公司,100,A
四川合丰运维科技有限公司,100,A
四川合众精准科技有限公司,100,A
四川合众齐云科技有限公司,100,A
四川合信医为医疗信息技术有限公司,90,A
四川合信码科技有限公司,90,A
四川合创聚力科技有限公司,90,A
四川合利安电子科技有限公司,100,A
四川合力新创环境监测有限公司,100,A
四川合力洁净集团股份有限公司,100,A
四川合合谷食品有限公司,90,A
四川合拓创展生物科技有限公司,90,A
四川合智众创科技有限公司,85,B
四川合智康盈生物科技有限公司,90,A
四川合智聚云科技有限公司,100,A
四川合泰新光生物科技有限公司,100,A
四川合瑞思科技有限公司,90,A
四川合睿达自动化控制工程有限公司,95,A
四川合立宁生物科技有限公司,90,A
四川合纵云邦科技有限公司,90,A
四川合能起重设备有限公司,100,A
四川合顺微创科技有限公司,100,A
四川合龙胜通信科技有限公司,90,A
四川吉凯瑞建设工程有限公司,80,B
四川吉利通电子有限公司,100,A
四川吉嘉研创科技有限公司,100,A
四川吉地城乡规划设计有限公司,85,B
四川吉星海软件技术有限公司,90,A
四川吉烽信息技术有限公司,100,A
四川吉百瑞生物医疗科技有限公司,100,A
四川吉石科技有限公司,100,A
四川吉祥富饶物流有限责任公司,100,A
四川吉祥雨环保科技有限公司,80,B
四川吉联科技有限公司,100,A
四川吉赛特科技有限公司,100,A
四川吉选优家网络科技有限公司,90,A
四川吉通顺科技有限公司,90,A
四川同一环境监测有限公司,100,A
四川同兴达建设咨询有限公司,100,A
四川同创凌凯信息技术有限公司,90,A
四川同南科技有限公司,90,A
四川同咨工程咨询有限公司,100,A
四川同成必达科技有限公司,90,A
四川同扬信息科技有限公司,100,A
四川同方建设咨询有限公司,100,A
四川同昇交通科技有限公司,90,A
四川同盛泰科技有限公司,90,A
四川同舟未来科技有限公司,90,A
四川同越鑫丰环保科技有限公司,90,A
四川同野科技有限公司,90,A
四川同风源建设工程有限公司,95,A
四川同鼎企业服务有限公司,90,A
四川名冠天下科技有限公司,90,A
四川名冠天下科技有限公司,90,A
四川名动科技有限公司,90,A
四川君之源科技有限公司,90,A
四川君健万峰医疗器械有限责任公司,100,A
四川君华高科信息技术有限公司,90,A
四川君和后勤服务集团有限公司,100,A
四川君子兰药业有限公司,90,A
四川君尚亚克力制造有限公司,100,A
四川君德利远程医疗科技有限公司,90,A
四川君恒泰电子电器有限公司,90,A
四川君成体育用品有限公司,100,A
四川君正生物饲料有限公司,100,A
四川君河建设工程有限公司,95,A
四川君源工程管理有限公司,100,A
四川君诚互动科技有限公司,100,A
四川君诚绿建机电安装工程有限公司,90,A
四川君辰工程勘察设计有限公司,100,A
四川君迪能源科技有限公司,90,A
四川君逸数码科技股份有限公司,90,A
四川君逸数联科技有限公司,100,A
四川君逸易视科技有限公司,100,A
四川君鼎盛峰科技有限公司,90,A
四川听听教育科技有限公司,90,A
四川启创智企业管理咨询有限公司,90,A
四川启威电子有限公司,100,A
四川启慧全脑教育科技有限公司,90,A
四川启昌管道工程有限责任公司,100,A
四川启明合创科技股份有限公司,90,A
四川启明未来科技有限公司,90,A
四川启明芯智能科技有限公司,100,A
四川启明豪盛软件科技有限公司,90,A
四川启睿克科技有限公司,90,A
四川启航测绘技术服务有限公司,90,A
四川启荟科技有限公司,85,B
四川启超商贸有限责任公司,90,A
四川启辰明德贸易有限公司,90,A
四川启迪万博科技服务有限公司,90,A
四川启迪之星企业孵化器有限公司,100,A
四川启鹏电气设备有限公司,90,A
四川吾立知大数据有限公司,90,A
四川呈采工程勘察设计有限公司,90,A
四川周兴和实业有限公司,90,A
四川和人医信科技有限公司,90,A
四川和众纵联科技有限公司,90,A
四川和信同创科技有限公司,100,A
四川和吉瑞科技有限公司,100,A
四川和境环境设备有限公司,90,A
四川和润泰智能化工程有限公司,100,A
四川和润达科技有限公司,100,A
四川和熙悦信息技术有限公司,100,A
四川和生视界医药技术开发有限公司,90,A
四川和美环保工程技术有限公司,100,A
四川和聚星途科技有限公司,90,A
四川和芯微电子股份有限公司,100,A
四川和裕润科技有限公司,90,A
四川和规检测技术有限公司,85,B
四川咏盛科技有限公司,100,A
四川咖喇科技有限责任公司,90,A
四川咖范网络科技有限公司,100,A
四川咻电科技有限公司,90,A
四川品亿科技有限公司,90,A
四川品品食品有限公司,95,A
四川品杰科技有限公司,100,A
四川品胜品牌管理有限公司,100,A
四川品胜电子有限公司,85,B
四川品越科技有限公司,90,A
四川品高农产有限公司,100,A
四川哆哆加家居有限公司,95,A
四川哈哈乐实业集团有限公司,90,A
四川哈啰康农业科技有限公司,90,A
四川哈工创兴大数据有限公司,90,A
四川哈狼家科技有限公司,60,D
四川哥谭科技发展有限公司,100,A
四川哲宣科技有限公司,90,A
四川哲成机电设备有限公司,100,A
四川哲灵网络科技有限公司,90,A
四川唐院菁英科技有限公司,90,A
四川唯拓生物医药有限公司,90,A
四川唯桑予梓农业有限公司,90,A
四川唯正洋环保科技有限公司,100,A
四川啁啾科技有限公司,90,A
四川商儒文化传播有限公司,100,A
四川商德奥斯科技有限公司,90,A
四川商旅无忧科技服务有限公司,100,A
四川商机通信息技术咨询有限公司,90,A
四川善水科技有限公司,100,A
四川善润智沃科技有限公司,90,A
四川善道本源医药科技有限公司,100,A
四川喜来客科技有限公司,90,A
四川喜玛高科农业生物工程有限公司,90,A
四川喵二艺科技有限公司,90,A
四川喵宇大数据有限公司,90,A
四川嗨葆生物科技有限公司,90,A
四川嘉业丰装订技术有限公司,80,B
四川嘉中微电子科技有限公司,100,A
四川嘉义新能有限公司,100,A
四川嘉义索隐科技有限公司,100,A
四川嘉佳微亿科技有限公司,90,A
四川嘉信智创科技有限公司,90,A
四川嘉医医疗器械有限公司,80,B
四川嘉博文生物科技有限公司,100,A
四川嘉博汇电力科技有限公司,100,A
四川嘉嘉爱科技有限公司,85,B
四川嘉好变频供水设备科技有限公司,100,A
四川嘉康中惠科技有限公司,90,A
四川嘉捷信财智科技有限公司,90,A
四川嘉文恒信科技有限公司,100,A
四川嘉明企业管理有限公司,90,A
四川嘉明知识产权运营有限公司,100,A
四川嘉普信工程技术咨询有限公司,100,A
四川嘉格照明工程有限公司,100,A
四川嘉泽众芯科技有限公司,80,B
四川嘉爵财税服务有限公司,90,A
四川嘉瑞电力有限公司,100,A
四川嘉益建设工程有限公司,65,D
四川嘉盛裕环保技术有限公司,100,A
四川嘉行科技有限公司,100,A
四川嘻仔科技有限责任公司,85,B
四川嘿哎科技有限公司,85,B
四川四仁科技有限公司,90,A
四川四佳科技股份有限公司,95,A
四川四凯发展科技集团有限公司,100,A
四川四原科技有限公司,85,B
四川四友文化传播有限公司,90,A
四川四季领鲜科技有限公司,90,A
四川四正建设工程质量检测有限公司,100,A
四川四润文化传播有限公司,90,A
四川四维创新信息技术有限公司,90,A
四川四维魔方科技有限公司,90,A
四川四美科技有限公司,100,A
四川四达通实业发展有限公司,85,B
四川四通欧美环境工程有限公司,100,A
四川回头客食品有限公司,100,A
四川因特瑞信息技术有限公司,90,A
四川因赛思智能科技有限公司,95,A
四川固力铁环保工程有限责任公司,100,A
四川固康药业有限责任公司,80,B
四川固朔新材料有限公司,100,A
四川固特菲斯科技有限公司,80,B
四川固特阀门制造有限公司,100,A
四川国中亿思通环保科技有限公司,85,B
四川国信君安科技有限公司,100,A
四川国信慧通电气技术有限公司,100,A
四川国信智网信息技术有限公司,100,A
四川国光农化股份有限公司,85,B
四川国兴腾隆科技有限公司,100,A
四川国创新视超高清视频科技有限公司,90,A
四川国创龙腾智能科技有限公司,95,A
四川国君科技有限公司,90,A
四川国地信息技术有限公司,100,A
四川国康药业有限公司,95,A
四川国强中药饮片有限公司,95,A
四川国恒信检测认证技术有限公司,100,A
四川国恒建筑设计有限公司,95,A
四川国投建设有限责任公司,95,A
四川国星高分子树脂有限公司,55,E
四川国晶科技有限公司,100,A
四川国正工程质量检测有限公司,90,A
四川国泰民安安全环保技术服务有限公司,90,A
四川国泰民安科技有限公司,100,A
四川国测信息科技有限公司,100,A
四川国测信息科技有限公司,100,A
四川国测信息科技有限公司,100,A
四川国测检测技术有限公司,100,A
四川国盛禾瑞科技有限公司,85,B
四川国祥科技有限公司,100,A
四川国科愿景融合科技有限公司,90,A
四川国纳科技有限公司,100,A
四川国统混凝土制品有限公司,90,A
四川国能环境节能科技有限公司,100,A
四川国能电力环保设备制造有限公司,100,A
四川国腾设备制造有限公司,90,A
四川国芯通智能科技有限公司,90,A
四川国苕农业科技有限公司,90,A
四川国蓝中天环境科技集团有限公司,100,A
四川国视风采文化有限公司,90,A
四川国贤新程教育咨询有限公司,90,A
四川国路安数据技术有限公司,90,A
四川国软科技集团有限公司,95,A
四川国锐工程设计有限公司,100,A
四川国际招标有限责任公司,100,A
四川国际航空发动机维修有限公司,100,A
四川国飞创新航空科技有限公司,85,B
四川国鼎建筑设计有限公司,100,A
四川图感科技有限公司,90,A
四川图林科技有限责任公司,100,A
四川图林科技有限责任公司,100,A
四川图正科技有限公司,100,A
四川图灵信安科技有限公司,90,A
四川图灵医谷科技有限公司,90,A
四川圆梦六加一医疗科技有限公司,90,A
四川圆点信息科技有限公司,100,A
四川圆盛信息科技有限公司,90,A
四川圆言财税咨询有限公司,90,A
四川土地说科技有限公司,100,A
四川圣一辰信息技术有限公司,90,A
四川圣丰水利水电工程设计咨询有限公司,90,A
四川圣典节能服务有限公司,95,A
四川圣墨科技有限公司,90,A
四川圣大奥维科技有限公司,100,A
四川圣峰车业有限公司,95,A
四川圣弘伟业科技有限公司,100,A
四川圣晨工程技术有限公司,90,A
四川圣涵岩上科技有限公司,90,A
四川圣湖生物科技有限公司,80,B
四川圣蓉博创能源科技有限公司,90,A
四川圣谷科技有限公司,100,A
四川圣路希科技有限公司,90,A
四川圣达通科技有限公司,90,A
四川圣达高环保科技有限公司,90,A
四川圣通智造科技有限公司,95,A
四川圣陶教育科技发展有限公司,90,A
四川在外科技有限公司,90,A
四川地元地质勘查有限公司,100,A
四川地科华创检测服务有限公司,100,A
四川地科土地勘测设计有限责任公司,100,A
四川均天科技有限公司,100,A
四川坚信建材有限公司,90,A
四川坚卓装配式建筑科技有限公司,90,A
四川坤元理想集团有限公司,85,B
四川坤嘉混凝土有限公司,90,A
四川坤宇沃达智能科技有限公司,100,A
四川坤弘远祥科技有限公司,90,A
四川坤德智联科技有限公司,90,A
四川坤成润科技有限公司,90,A
四川坤易明科技有限公司,90,A
四川坤森微纳科技股份有限公司,90,A
四川坤睿泽智慧科技有限公司,90,A
四川坤辰建筑机械有限公司,85,B
四川坦之途教育管理有限公司,90,A
四川坦普瑞尔科技有限公司,60,D
四川垚宜盛信息科技有限公司,100,A
四川垚承科技发展有限公司,90,A
四川垚生智慧环境工程有限公司,85,B
四川垚辉农业科技有限公司,90,A
四川垣吉生物科技有限公司,90,A
四川垣石智慧科技有限公司,90,A
四川埃姆克伺服科技有限公司,95,A
四川城乡发展工程设计有限公司,95,A
四川城盛公用设施有限公司,90,A
四川城际轨道交通材料有限责任公司,100,A
四川域信智能科技有限公司,80,B
四川基业住工科技有限公司,100,A
四川基业星云科技股份有限公司,100,A
四川基业电气设备有限公司,95,A
四川堡笛生态农业科技有限公司,90,A
四川堰安建设工程有限公司,100,A
四川塔奇诺科技有限公司,70,C
四川塔晋信息技术有限公司,100,A
四川塔湾电力工程有限公司,95,A
四川塔飞信息技术有限公司,90,A
四川墨夏空间艺术设计股份有限公司,90,A
四川墨彩文化传媒有限公司,90,A
四川墨心科语科技有限公司,90,A
四川墨熵信息技术有限公司,90,A
四川墨辰数码科技有限公司,100,A
四川声派尔计量仪表有限公司,90,A
四川壹佳贰电梯有限公司,100,A
四川壹兆得科技发展有限公司,90,A
四川壹加玖优选电子商务有限公司,100,A
四川壹次心科技有限公司,100,A
四川壹灯文化发展有限公司,90,A
四川壹玖玖伍房地产营销策划有限公司,90,A
四川壹贰叁云天科技有限公司,90,A
四川壹贰茗安全咨询服务有限公司,90,A
四川备客云信息技术有限公司,90,A
四川复中信息技术有限公司,90,A
四川复津安科技有限责任公司,90,A
四川复海源生态科技有限公司,90,A
四川复现技术检测服务有限公司,100,A
四川夏派森医药科技有限公司,100,A
四川夏瓦科技有限公司,90,A
四川多享信息技术有限公司,90,A
四川多克摩科技有限公司,90,A
四川多叶科技有限公司,90,A
四川多多图测绘有限公司,90,A
四川多维麒麟软件开发有限责任公司,90,A
四川多联实业有限公司,100,A
四川多芬纳科技有限公司,90,A
四川多语信息技术有限公司,100,A
四川多轩涂装技术有限公司,90,A
四川大仁能源发展有限公司,90,A
四川大光明智慧城市科技有限公司,100,A
四川大医智慧科技有限公司,95,A
四川大华杰照明电器有限公司,100,A
四川大古力实业有限责任公司,95,A
四川大和兴文化传播有限公司,100,A
四川大唐荣耀信息技术有限公司,100,A
四川大地山河环保工程有限责任公司,90,A
四川大学工程设计研究院有限公司,95,A
四川大安建筑工程有限责任公司,80,B
四川大家医学检测有限公司,100,A
四川大家工程项目管理有限公司,100,A
四川大寅科技有限公司,90,A
四川大岳业信工程咨询集团有限公司,90,A
四川大川云能科技有限公司,90,A
四川大川压缩机有限责任公司,70,C
四川大川合颐生物科技有限公司,90,A
四川大序环境建设有限公司,100,A
四川大恒家禽育种有限公司,100,A
四川大成房地产土地资产评估有限公司,100,A
四川大成涡轮设备再制造技术有限公司,100,A
四川大旗智汇科技有限公司,90,A
四川大智信诚海纳天时科技有限公司,95,A
四川大智电力有限公司,100,A
四川大朴信息科技有限公司,100,A
四川大柒科技有限公司,90,A
四川大梦家文化创意有限公司,90,A
四川大榕树数据技术有限公司,100,A
四川大源文创科技有限公司,90,A
四川大熊猫数字科技发展有限公司,90,A
四川大白鲸科技发展有限公司,40,E
四川大硅特玻科技有限公司,100,A
四川大祥百事达生物科技有限公司,80,B
四川大美智旅大数据有限公司,90,A
四川大美翰墨文化艺术传播有限公司,90,A
四川大能科技有限公司,100,A
四川大航建设工程有限公司,80,B
四川大蜀兴业科技有限公司,90,A
四川大诚建筑工程有限公司,60,D
四川大象医疗科技有限公司,100,A
四川大贺实业有限公司,95,A
四川大通汇成信息技术有限公司,100,A
四川大钿科技发展有限公司,100,A
四川大阅时代网络科技有限公司,90,A
四川天一合力科技有限公司,90,A
四川天一安林互联网科技有限责任公司,90,A
四川天一诺能建设有限公司,100,A
四川天上友嘉网络科技有限公司,90,A
四川天下图规划设计有限公司,100,A
四川天中星航空科技有限公司,100,A
四川天之瑞环境科技有限公司,90,A
四川天乐信达光电有限公司,95,A
四川天人能源科技有限公司,90,A
四川天亿丰防水工程有限公司,90,A
四川天优科技有限公司,100,A
四川天健世纪科技有限公司,100,A
四川天净淇环保科技有限公司,100,A
四川天创皓科科技有限公司,100,A
四川天剑光电科技股份有限公司,85,B
四川天剑光电科技股份有限公司,85,B
四川天剑光电科技股份有限公司,85,B
四川天合众承环保科技有限公司,90,A
四川天合机械设备制造有限公司,100,A
四川天合航空科技有限公司,100,A
四川天启智源科技有限公司,100,A
四川天呈食材供应链科技有限公司,70,C
四川天呈食材供应链科技有限公司,70,C
四川天和晟电子科技有限公司,90,A
四川天地同光科技有限责任公司,90,A
四川天地拓鑫科技有限公司,75,C
四川天地智联供应链管理有限公司,100,A
四川天地风讯科技有限公司,90,A
四川天域云网信息科技有限公司,90,A
四川天天联动网络科技有限公司,60,D
四川天奋环境科技有限公司,90,A
四川天契信息科技有限公司,90,A
四川天奕宏图科技有限公司,100,A
四川天奥空天信息技术有限公司,90,A
四川天孟科技有限公司,90,A
四川天宇坤建空调设备有限公司,100,A
四川天宇智云科技有限公司,90,A
四川天宇智航无人机科技有限公司,80,B
四川天宇深蓝科技有限责任公司,100,A
四川天宇种业有限责任公司,90,A
四川天宇诚业供应链科技有限公司,90,A
四川天宜石油化工工程有限公司,90,A
四川天尚净界环保设备有限公司,90,A
四川天府中科创达智能信息技术有限公司,90,A
四川天府亨特生命科技有限公司,90,A
四川天府众力建筑工程有限公司,85,B
四川天府储能科技有限公司,90,A
四川天府大弘科技有限公司,75,C
四川天府智诚环保科技有限公司,90,A
四川天府智链健康科技有限公司,90,A
四川天府汇丰机电成套设备有限公司,100,A
四川天府消防工程有限公司,90,A
四川天府润禾科技有限公司,90,A
四川天府焱森检测技术有限公司,90,A
四川天府环境管理股份有限公司,90,A
四川天府珞埔科技有限公司,85,B
四川天府科瑞得科技有限公司,100,A
四川天府经创科技有限公司,90,A
四川天府蜂谷科技有限公司,100,A
四川天府防火材料有限公司,95,A
四川天府雄州智能化工程有限公司,100,A
四川天府顶丰科技有限公司,90,A
四川天廷应急技术服务有限公司,90,A
四川天弘金固科技有限公司,85,B
四川天强防水保温材料有限责任公司,90,A
四川天微电子股份有限公司,100,A
四川天思成科技有限公司,100,A
四川天悦未来网络科技有限公司,90,A
四川天惠云泽智能科技有限公司,85,B
四川天成明超电缆有限公司,90,A
四川天成氢洁能源技术有限公司,90,A
四川天成益邦科技有限公司,100,A
四川天拓环境工程有限公司,100,A
四川天新工程监理有限公司,90,A
四川天星云联科技有限公司,90,A
四川天星智能包装股份有限公司,100,A
四川天智能业电器设备有限公司,90,A
四川天本生物技术有限公司,70,C
四川天树聚科技有限公司,90,A
四川天栩环保工程有限公司,100,A
四川天森农牧设备制造有限公司,80,B
四川天歆文创传媒有限公司,90,A
四川天正信息科技有限公司,100,A
四川天润人力资源管理有限公司,100,A
四川天润德环境工程有限公司,100,A
四川天渌环境工程有限公司,90,A
四川天源人科技有限公司,90,A
四川天源宏创科技有限公司,100,A
四川天灵科技有限公司,85,B
四川天灵高科电气有限公司,100,A
四川天玑星华科技有限公司,90,A
四川天瑞帛宇科技有限公司,90,A
四川天瓴创新科技集团有限公司,90,A
四川天界艺术装饰工程设计有限公司,100,A
四川天益同创科技有限责任公司,100,A
四川天盛志行科技有限公司,100,A
四川天盛达建设工程有限公司,100,A
四川天码通科技有限公司,90,A
四川天砺航空科技有限公司,85,B
四川天福精细化工有限公司,100,A
四川天科恒新科技有限公司,100,A
四川天空行科技有限公司,90,A
四川天策聚材科技有限公司,90,A
四川天翼呼叫科技有限公司,100,A
四川天翼网络股份有限公司,100,A
四川天聚科技有限公司,100,A
四川天艺优境环境科技有限公司,90,A
四川天艺生态园林集团股份有限公司,95,A
四川天艺致远物联网科技有限公司,90,A
四川天英星航空科技有限公司,100,A
四川天虎工具有限责任公司,80,B
四川天誉智水科技有限公司,90,A
四川天设交通科技有限公司,100,A
四川天诺聚能新能源开发有限公司,90,A
四川天豫兴禾生物科技有限公司,90,A
四川天责信科技有限公司,90,A
四川天赉智能交通设备有限公司,100,A
四川天轩电气科技有限公司,100,A
四川天辰嘉恒农业科技有限公司,90,A
四川天辰智联科技有限公司,100,A
四川天辰达建设工程有限公司,85,B
四川天道天医科技有限公司,90,A
四川天邑康和通信股份有限公司,100,A
四川天采科技有限责任公司,80,B
四川天鑫达建筑工程有限公司,95,A
四川天露园林工程有限公司,80,B
四川天顺艺玻玻璃有限公司,75,C
四川天鸿奕博大数据科技有限公司,90,A
四川天鹰安尔达科技有限公司,85,B
四川天鹰安尔达车业有限公司,75,C
四川天鹰座科技有限公司,90,A
四川天鹰建筑安装工程有限公司,85,B
四川太一新能源开发有限公司,95,A
四川太乾科技有限公司,90,A
四川太利环境科技有限公司,90,A
四川太平洋电子科技发展有限公司,100,A
四川太平洋药业有限责任公司,100,A
四川太极熊科技有限公司,100,A
四川太萌塑钢型材科技有限公司,100,A
四川太赫兹通信有限公司,90,A
四川太锦信息技术有限公司,100,A
四川夯丸文化传播有限公司,90,A
四川夸克科技发展有限公司,100,A
四川奇奥超洁环保科技有限公司,85,B
四川奇幻童年教育科技有限公司,90,A
四川奇径科技有限公司,100,A
四川奇点精工科技有限公司,100,A
四川奇胜科技有限公司,100,A
四川奇跃未来科技有限公司,85,B
四川奇迹云科技有限公司,100,A
四川奇通电气成套设备有限公司,100,A
四川奉泽水环境技术有限公司,100,A
四川奋捷新锐科技有限公司,100,A
四川奎能环保科技有限公司,85,B
四川奕然建筑工程有限公司,100,A
四川奕美互动教育科技有限责任公司,80,B
四川奥世美亚科技有限公司,90,A
四川奥克化学有限公司,85,B
四川奥克莱特生物科技有限公司,90,A
四川奥凯川龙农产品干燥设备制造有限公司,90,A
四川奥凸科技有限公司,100,A
四川奥力星农业科技有限公司,90,A
四川奥博克软件有限公司,90,A
四川奥博生物医学电子有限公司,100,A
四川奥威微波技术有限责任公司,100,A
四川奥家家居用品有限公司,100,A
四川奥尔博睿信息技术有限公司,100,A
四川奥尔森机电设备有限公司,100,A
四川奥希特电子材料有限公司,90,A
四川奥思特边坡防护工程有限公司,100,A
四川奥恒环保科技有限公司,95,A
四川奥易软件科技有限公司,100,A
四川奥星建材科技有限公司,100,A
四川奥洁消毒设备有限公司,100,A
四川奥源节能环保设备有限公司,100,A
四川奥特附件维修有限责任公司,95,A
四川奥立佳科技有限公司,90,A
四川奥菲克斯建设工程有限公司,90,A
四川奥诚云杰科技有限责任公司,100,A
四川奥诚科技有限责任公司,100,A
四川奥辉油田技术服务有限公司,90,A
四川奥邦古得药业有限公司,90,A
四川奥邦药业有限公司,95,A
四川奥韦新材料科技有限公司,90,A
四川好一点世纪教育科技有限公司,90,A
四川好中好新智慧科技有限公司,60,D
四川好久来科技有限公司,70,C
四川好亦同信息科技有限公司,100,A
四川好医生云医疗科技集团有限公司,100,A
四川好培养生物工程有限公司,100,A
四川好夫人食品科技有限公司,100,A
四川好奇新材料有限公司,60,D
四川好思享教育科技有限公司,80,B
四川好思维教育科技有限公司,90,A
四川好智汇大健康科技有限公司,90,A
四川好管家新媒体科技有限公司,90,A
四川好职大数据科技集团有限公司,90,A
四川好途程科技有限公司,100,A
四川好鑫量子科技有限公司,90,A
四川如源科技有限公司,90,A
四川如诣安生科技有限公司,100,A
四川妙力传感技术有限公司,90,A
四川妥妥递科技有限公司,100,A
四川威名科技有限公司,90,A
四川威多信科技有限公司,80,B
四川威尔佳科技有限公司,90,A
四川威尔新节能科技有限公司,100,A
四川威尔检测技术股份有限公司,100,A
四川威尔霸新能源科技有限公司,100,A
四川威斯派克科技有限公司,100,A
四川威斯海科技有限公司,90,A
四川威米特科技有限公司,100,A
四川娅思科技有限公司,90,A
四川娜萨科技有限公司,90,A
四川娟娟家信息科技服务有限公司,95,A
四川子午线矿业咨询股份有限公司,100,A
四川子恩科技有限公司,100,A
四川子朝建设工程有限公司,100,A
四川子牧文化传媒有限公司,90,A
四川字屿画工程设计咨询有限公司,100,A
四川孚孚新材料科技有限公司,70,C
四川孝行万家养老服务有限公司,90,A
四川季茜鞋业有限公司,95,A
四川学乐帮科技有限公司,90,A
四川学图帮教育科技集团有限公司,75,C
四川学成网络有限公司,90,A
四川学易通达科技有限公司,100,A
四川宁怡科技有限公司,90,A
四川宁江山川机械有限责任公司,90,A
四川宁玖科技有限公司,90,A
四川宁茜科技有限公司,90,A
四川宇君科技有限公司,100,A
四川宇唐中鑫机电工程有限公司,100,A
四川宇奥生物科技有限公司,100,A
四川宇德中创信息科技有限公司,90,A
四川宇晖光电技术有限公司,90,A
四川宇点电子科技有限责任公司,90,A
四川宇盛智创科技有限公司,90,A
四川宇砼建材有限公司,90,A
四川宇科思通环保科技有限公司,90,A
四川宇联天下科技有限公司,90,A
四川宇腾消防工程有限公司,100,A
四川宇腾科技有限公司,90,A
四川宇航元智能技术有限公司,90,A
四川宇航国兴科技有限公司,90,A
四川宇通管道技术有限责任公司,100,A
四川宇通路特机械设备有限公司,100,A
四川宇速鼎铭科技有限公司,90,A
四川宇锐盛隆科技有限公司,100,A
四川宇阳环境工程有限公司,100,A
四川守富装饰工程股份有限公司,100,A
四川安享智能科技有限公司,90,A
四川安亮科技有限公司,90,A
四川安仕佳科技有限公司,100,A
四川安信科创科技有限公司,100,A
四川安信达消防科技有限公司,90,A
四川安博泰克科技有限公司,90,A
四川安可康生物医药有限公司,90,A
四川安可瑞新材料技术有限公司,100,A
四川安宏智能科技有限公司,90,A
四川安家乐家居有限公司,100,A
四川安展电力科技有限公司,90,A
四川安德科技有限公司,100,A
四川安捷云数科技有限公司,90,A
四川安捷云科技有限公司,100,A
四川安捷供应链科技有限公司,90,A
四川安捷油气技术服务有限公司,100,A
四川安捷鹏科技有限公司,90,A
四川安普尔能源科技有限公司,90,A
四川安杰信科技股份有限公司,90,A
四川安桥云科技有限公司,100,A
四川安桥云科技有限公司,100,A
四川安泰信建设集团有限公司,60,D
四川安津鑫科技有限公司,90,A
四川安洵信息技术有限公司,90,A
四川安派博生物科技有限公司,100,A
四川安测科技有限公司,100,A
四川安然智软科技有限公司,90,A
四川安瑞诺科技有限公司,100,A
四川安瑞高科检测检验有限公司,100,A
四川安益软件技术有限责任公司,100,A
四川安睿环境工程有限公司,95,A
四川安硕石油工程技术服务有限公司,85,B
四川安缇图科技有限公司,90,A
四川安联信科技有限公司,100,A
四川安能广告有限公司,90,A
四川安能玻璃有限公司,100,A
四川安能科技有限公司,90,A
四川安苏能源科技有限公司,90,A
四川安诺格科技有限公司,90,A
四川安迪力化工集团有限公司,90,A
四川安迪科华科技有限公司,90,A
四川安迪科技实业有限公司,100,A
四川安那际电力科技有限公司,95,A
四川安邦威斯特电子设备有限公司,100,A
四川安雅仕健康管理有限公司,90,A
四川安龙天然林技术有限责任公司,95,A
四川宏业商品混凝土有限公司,100,A
四川宏亿复合材料工程技术有限公司,100,A
四川宏佳蚓生物科技有限公司,80,B
四川宏凯化工科技有限公司,100,A
四川宏力信息科技有限责任公司,90,A
四川宏华电气有限责任公司,100,A
四川宏图智御科技有限公司,90,A
四川宏图智慧科技有限公司,100,A
四川宏图智远科技有限公司,85,B
四川宏宙科技有限公司,90,A
四川宏微科技有限公司,100,A
四川宏志仁和人力资源管理有限公司,90,A
四川宏恒源科技有限公司,90,A
四川宏慈医疗投资有限公司,90,A
四川宏智科信数字科技有限公司,90,A
四川宏森联合科技有限公司,90,A
四川宏洋高科光电科技有限公司,100,A
四川宏洲新型材料股份有限公司,100,A
四川宏洲绿高生态科技有限公司,90,A
四川宏源鑫腾科技服务有限公司,100,A
四川宏盛达液压设备有限公司,90,A
四川宏盛鼎兴建材有限公司,100,A
四川宏运顺通环保工程有限公司,100,A
四川宏途天宸科技有限公司,90,A
四川宗迈工程设计有限公司,100,A
四川宜家盛宇时尚家具有限公司,100,A
四川宜康环保科技有限公司,100,A
四川宜科纯水设备有限公司,90,A
四川宜米多科技有限公司,95,A
四川宜蓓康科技有限公司,100,A
四川宝光电器设备有限公司,100,A
四川宝升能源工程技术有限公司,100,A
四川宝志之源生态农业科技有限公司,90,A
四川宝旺科技有限公司,100,A
四川宝渝蓉诚科技有限公司,90,A
四川宝石机械石油钻头有限责任公司,90,A
四川宝能电力工程设计有限公司,85,B
四川宝英环境技术有限公司,100,A
四川宝英胜达环保材料有限公司,100,A
四川宝鑫建设有限公司,85,B
四川宝鼎香中药科技开发有限公司,90,A
四川实华密封有限公司,100,A
四川实善环保工程咨询有限公司,90,A
四川实朴检测技术服务有限公司,90,A
四川宣亚科技有限公司,80,B
四川宣众招投标咨询有限公司,90,A
四川宣明节能环保科技有限公司,35,E
四川宣朗环保工程有限公司,100,A
四川家传方中医药科技有限公司,90,A
四川家佳宝科技有限公司,90,A
四川家康服饰有限公司,100,A
四川家齐立信信息技术有限公司,90,A
四川宸宇鑫建设有限公司,100,A
四川宸德科技有限公司,90,A
四川宸瑞泽生物科技有限公司,90,A
四川容克斯科技有限公司,90,A
四川容天航空科技有限公司,100,A
四川容辉拓创建筑设计有限公司,90,A
四川宽灏科技有限公司,90,A
四川宾尚文化传媒有限公司,90,A
四川寅兔网络科技有限公司,80,B
四川寅午伟业科技有限公司,90,A
四川寇大香食品有限公司,100,A
四川寇客智能装备有限公司,100,A
四川富临蜜蜂出行科技有限公司,80,B
四川富为科技有限公司,100,A
四川富利斯达石油科技发展有限公司,100,A
四川富尔康电子科技有限公司,100,A
四川富尔曼科技有限公司,100,A
四川富彩科技有限公司,100,A
四川富德森科技有限责任公司,85,B
四川富络极配物流科技有限责任公司,90,A
四川富肯斯科技有限公司,100,A
四川富能新邦电力技术有限公司,100,A
四川富通盈润建筑工程有限公司,90,A
四川富邦众创孵化器管理有限公司,90,A
四川富都供应链管理有限公司,90,A
四川寰宇星辉建设工程有限公司,90,A
四川寰宇航能源科技有限公司,90,A
四川寰泰电力工程设计有限公司,90,A
四川寰视乾坤科技有限公司,100,A
四川寻象科技有限公司,90,A
四川封灏科技有限公司,90,A
四川封面传媒有限责任公司,95,A
四川封面传媒科技有限责任公司,90,A
四川射天狼科技有限公司,90,A
四川尊古科技有限公司,65,D
四川尊航网络科技有限责任公司,90,A
四川小保环境科技有限公司,100,A
四川小元卡姆软件技术有限公司,90,A
四川小凰科技有限公司,90,A
四川小友科技发展有限公司,90,A
四川小咖科技有限公司,100,A
四川小微创客电子商务有限公司,100,A
四川小牌数字科技有限公司,90,A
四川小砖块科技有限责任公司,90,A
四川小美雅文信息技术有限公司,90,A
四川小萌光电技术有限公司,90,A
四川小蝌蚪科技有限公司,90,A
四川小远科技有限公司,90,A
四川少泽电子设备有限公司,90,A
四川尘源科技有限公司,90,A
四川尚健创唯医疗设备有限责任公司,100,A
四川尚元惠生生物科技有限公司,100,A
四川尚力嘉科技发展有限公司,90,A
四川尚匠工业技术服务有限公司,100,A
四川尚医慧珉科技有限公司,90,A
四川尚好科技有限公司,100,A
四川尚果鼎椹酒业有限公司,90,A
四川尚视科技有限公司,90,A
四川尚贤极创意文化传播有限公司,90,A
四川尚辰科技有限公司,90,A
四川尚锐分析检测有限公司,90,A
四川尚锐生物医药有限公司,90,A
四川尤为科技有限责任公司,100,A
四川居合建筑装饰工程有限公司,90,A
四川居能安科技有限公司,85,B
四川屏联网传媒科技有限公司,90,A
四川展业文化传播有限公司,90,A
四川展新胶粘材料有限公司,100,A
四川山水云农科技有限公司,90,A
四川山河驰智能科技有限公司,90,A
四川山高聚慧物联网科技有限公司,100,A
四川屹宇方舟文化传媒有限公司,90,A
四川屹立行测绘技术有限公司,90,A
四川岁月文明科技有限公司,90,A
四川岚强石油天然气工程勘察设计有限责任公司,100,A
四川岩智新材料科技有限公司,90,A
四川岩紫亿科技有限公司,90,A
四川岳华工程咨询有限公司,100,A
四川岷扬汽车服务有限公司,90,A
四川岷鑫建筑装饰工程有限公司,90,A
四川岷阳精机制造有限公司,100,A
四川峰图管道科技有限公司,90,A
四川峰通网络技术有限公司,90,A
四川峰邦消防科技有限公司,100,A
四川峻格信息科技有限公司,90,A
四川峻黎信息技术有限公司,90,A
四川崃洋环境工程技术有限公司,100,A
四川崃酿崖谷生态酒庄有限公司,90,A
四川崇军信息科技有限公司,90,A
四川崇尚巅峰建筑工程有限公司,90,A
四川嵘澈环保科技有限公司,90,A
四川嵘耘坤农业科技发展有限公司,90,A
四川巅峰共创网络科技有限公司,90,A
四川川东宏鑫电气设备有限公司,85,B
四川川云科信息技术有限公司,100,A
四川川信汇智信息技术有限公司,90,A
四川川信通信技术工程有限公司,100,A
四川川农牛供应链有限公司,100,A
四川川农牛供应链有限公司,100,A
四川川净洁净技术股份有限公司,85,B
四川川创科技有限公司,90,A
四川川单种业有限责任公司,100,A
四川川博士科技发展有限公司,90,A
四川川大华西药业股份有限公司,90,A
四川川大智胜系统集成有限公司,100,A
四川川大智胜软件股份有限公司,85,B
四川川大软件工程研究所,100,A
四川川安智慧电气有限公司,90,A
四川川岳智能科技有限公司,95,A
四川川府仪表有限公司,100,A
四川川投云链科技有限公司,100,A
四川川晟消防工程有限公司,90,A
四川川机创新科技集团有限公司,90,A
四川川核地质工程有限公司,90,A
四川川油工程技术勘察设计有限公司,75,C
四川川测研地科技有限公司,90,A
四川川消消防车辆制造有限公司,95,A
四川川润智能流体技术有限公司,100,A
四川川润液压润滑设备有限公司,95,A
四川川电电缆有限公司,90,A
四川川石.克锐达金刚石钻头有限公司,100,A
四川川石金刚石钻头有限公司,100,A
四川川科塑胶有限公司,95,A
四川川纳电气有限公司,100,A
四川川能恒远能源股份有限公司,95,A
四川川能智网实业有限公司,100,A
四川川航航空发动机维修工程有限责任公司,100,A
四川川西源农业科技有限公司,90,A
四川川谷消防技术咨询服务有限公司,90,A
四川川起起重设备有限公司,50,E
四川川钨硬质合金有限公司,100,A
四川川锅科泰达能源技术有限公司,75,C
四川川锅锅炉有限责任公司,70,C
四川川陈皮源科技有限公司,90,A
四川川龙拖拉机制造有限公司,95,A
四川巡天揽胜信息技术有限公司,90,A
四川巢夫规划设计有限公司,85,B
四川工品优佳科技有限公司,90,A
四川工宇智创科技有限公司,90,A
四川工美环境艺术设计工程有限公司,100,A
四川工达信息科技有限公司,90,A
四川巧克洛德智能设备有限公司,90,A
四川巧盒物联科技有限公司,90,A
四川巨为科技有限公司,80,B
四川巨伦科技开发有限公司,100,A
四川巨力众诚信息技术有限公司,100,A
四川巨力源能源科技有限公司,100,A
四川巨恒环保科技有限公司,90,A
四川巨星新型材料有限公司,100,A
四川巨杉科技有限公司,95,A
四川巨棠科技有限公司,100,A
四川巨源科技有限公司,100,A
四川巨祥消防器材有限公司,100,A
四川巨象科技有限责任公司,95,A
四川差旅壹号科技股份有限公司,100,A
四川巴噜帮科技有限公司,70,C
四川巴地凯尔生物医药科技有限公司,90,A
四川巴塞罗科技有限公司,90,A
四川巴山约约出租车服务有限公司,75,C
四川巴德士新材料有限公司,90,A
四川巴斯德环境保护科技有限责任公司,100,A
四川巴特动画影视有限责任公司,90,A
四川巴蜀忠汉网络科技有限公司,90,A
四川巴赫斯科技有限公司,100,A
四川巴速狗科技有限公司,100,A
四川巴顿航空设备制造有限公司,85,B
四川帆海科技有限公司,90,A
四川帆陌科技有限公司,100,A
四川师大科技园发展有限公司,100,A
四川希克玛机电设备有限公司,95,A
四川希卓科技有限公司,90,A
四川希尔得科技有限公司,100,A
四川希思特智能科技有限公司,100,A
四川希控讯科技有限公司,100,A
四川希望云慧科技有限公司,90,A
四川希望环保工程技术有限公司,90,A
四川希格瑞生物技术有限公司,90,A
四川希氏异构医疗科技有限公司,100,A
四川希芯源科技有限公司,90,A
四川希诺世行科技有限公司,90,A
四川希诺川华科技有限公司,100,A
四川帕克工程咨询有限公司,100,A
四川帕普特科技有限公司,100,A
四川帕诺米克生物科技有限公司,90,A
四川帝亚特电力科技有限公司,100,A
四川帝亚生态农业有限公司,90,A
四川帝华汽车科技股份有限公司,100,A
四川帝测地理信息有限公司,90,A
四川帝雷蒙科技有限公司,100,A
四川帮医邦科技有限公司,90,A
四川常成源昇科技有限公司,90,A
四川常鑫新材料科技有限公司,90,A
四川常锦科技有限公司,90,A
四川常青树生物科技有限公司,90,A
四川常青腾农业科技有限公司,90,A
四川幔壳科技有限公司,100,A
四川平兴科技有限公司,90,A
四川平头龙人工智能科技有限公司,90,A
四川平安家园文化传播发展有限责任公司,95,A
四川平方根科技有限公司,90,A
四川并行算力信息技术有限公司,90,A
四川幸福城堡旅游资源开发有限公司,100,A
四川广为通信有限公司,90,A
四川广乐食品有限公司,85,B
四川广利安应急技术研究有限公司,90,A
四川广力软件科技有限公司,100,A
四川广华交安科技有限公司,90,A
四川广圣成科技有限公司,100,A
四川广域远景科技有限公司,90,A
四川广宏科技有限公司,100,A
四川广意科技有限公司,90,A
四川广投能源科技有限公司,100,A
四川广月科技有限公司,85,B
四川广松制药有限公司,100,A
四川广正科技有限公司,100,A
四川广汇建筑智能化工程有限公司,100,A
四川广海晨洲信息技术有限公司,100,A
四川广炜科技有限公司,100,A
四川广生量宇计量检测有限公司,90,A
四川广目科技有限公司,90,A
四川广而告之文化传媒有限公司,70,C
四川广蕴信息技术有限公司,100,A
四川广蜀电力工程有限公司,100,A
四川广贤软件有限公司,100,A
四川广软高科有限公司,90,A
四川广进源电子有限公司,100,A
四川广道工程勘察设计有限公司,100,A
四川广铭建设集团有限公司,100,A
四川庆兴宝科技有限公司,90,A
四川库利南科技有限公司,90,A
四川府星仪表有限公司,100,A
四川庞源机械工程有限公司,80,B
四川庞源机械设备有限公司,90,A
四川庞瑞科技有限公司,100,A
四川度飞科技有限责任公司,90,A
四川康亿捷科技有限公司,90,A
四川康信科创农业有限公司,90,A
四川康兰特科技有限公司,90,A
四川康兴茂环保科技有限公司,90,A
四川康养慧科技有限公司,90,A
四川康创美医疗器械有限公司,90,A
四川康励智慧医疗科技有限公司,90,A
四川康吉笙科技有限公司,90,A
四川康城生物科技有限公司,100,A
四川康德曼网络科技有限责任公司,85,B
四川康德赛医疗科技有限公司,100,A
四川康思创网络科技有限公司,100,A
四川康悦莱生物科技有限公司,100,A
四川康晨生物科技有限公司,100,A
四川康普润德科技有限公司,100,A
四川康智达科技有限公司,100,A
四川康沃本原生物科技有限公司,85,B
四川康润腾普信息技术有限公司,90,A
四川康源农产品有限公司,90,A
四川康源医创科技有限公司,90,A
四川康特能药业有限公司,100,A
四川康码科技有限公司,90,A
四川康福万家环保科技有限公司,100,A
四川康美净生物科技有限公司,90,A
四川康美新瑞健康管理有限公司,90,A
四川康能工程咨询有限公司,90,A
四川康能电气股份有限公司,85,B
四川康诺达生物科技有限公司,90,A
四川康铭智能装备科技有限公司,90,A
四川廖九爷酒业有限公司,90,A
四川建信防火材料有限公司,100,A
四川建力源工程技术咨询有限公司,90,A
四川建多多科技有限公司,100,A
四川建安伟业建筑工程有限公司,100,A
四川建源节能科技有限公司,100,A
四川建科旗云科技有限公司,100,A
四川建设机械（集团）股份有限公司,80,B
四川建设网有限责任公司,100,A
四川建通博文信息技术有限公司,90,A
四川开云环境工程有限公司,80,B
四川开元科技有限责任公司,95,A
四川开元能信工程管理有限公司,100,A
四川开山实打实节能科技有限公司,100,A
四川开山新玛能源科技有限公司,100,A
四川开席啦科技有限公司,90,A
四川开心科技有限公司,70,C
四川开浦科技有限公司,90,A
四川开源观科技有限公司,90,A
四川开潭科技有限公司,100,A
四川开澜科技有限公司,90,A
四川开物信息技术有限公司,90,A
四川异日科技有限责任公司,90,A
四川引真科技有限公司,85,B
四川弗瑞希燃气设备有限公司,90,A
四川弗罗尔仪表有限公司,80,B
四川弗莱特电力设备有限公司,100,A
四川弘一中药有限公司,90,A
四川弘义文保科技有限公司,90,A
四川弘和数智集团有限公司,80,B
四川弘宁建设工程有限公司,75,C
四川弘建电力工程有限公司,95,A
四川弘智众联科技有限公司,100,A
四川弘智远大科技有限公司,100,A
四川弘毅承信科学技术评估有限公司,90,A
四川弘毅拓新工程技术有限公司,100,A
四川弘毅远创科技评估有限公司,80,B
四川弘洲科技有限公司,100,A
四川弘电科技有限公司,100,A
四川弘禹科技服务有限公司,100,A
四川弘美科技有限公司,100,A
四川弘耀文化传播有限公司,90,A
四川弘诚天毅工程咨询股份有限公司,100,A
四川弘远药业有限公司,100,A
四川弦歌华韵教育管理有限公司,90,A
四川强盛益电气科技有限公司,90,A
四川强诚科技有限公司,100,A
四川归禾智慧城市科技有限公司,90,A
四川彬楷装饰工程有限公司,100,A
四川影赫科技有限公司,90,A
四川征拓联信科技有限公司,90,A
四川律正检测科技有限公司,100,A
四川律通科技有限公司,90,A
四川徕伯益自动化技术有限公司,90,A
四川得朋电气科技有限公司,90,A
四川得汇元吉科技有限公司,90,A
四川御刃科技有限公司,90,A
四川御勤科技有限公司,100,A
四川御智微科技有限公司,90,A
四川御致药业有限公司,90,A
四川御霖信息科技有限公司,90,A
四川御风行航空科技有限公司,90,A
四川微乐智新科技有限公司,90,A
四川微云智联科技有限公司,100,A
四川微克环境检测有限公司,80,B
四川微固光电有限公司,90,A
四川微巨芯科技有限公司,90,A
四川微康朴澜医疗科技有限责任公司,90,A
四川微拓环境科技有限公司,90,A
四川微播惠聚网络科技有限公司,90,A
四川微纳之光科技有限公司,90,A
四川微联博森计算机系统有限公司,90,A
四川微联思创科技有限公司,90,A
四川微芥科技股份有限公司,100,A
四川微谱检测技术有限公司,100,A
四川微距教育科技有限公司,70,C
四川微迪信通科技有限公司,90,A
四川微迪数字技术有限公司,100,A
四川微迪智控科技有限公司,100,A
四川微迪智控科技有限公司,100,A
四川微迪智控科技有限公司,100,A
四川微速云科技有限公司,75,C
四川德仁堂中药科技股份有限公司,100,A
四川德仁环保工程有限公司,100,A
四川德农桐清农林科技有限公司,90,A
四川德利晶源新能源科技股份有限公司,100,A
四川德尔特科技有限公司,100,A
四川德康攻关创新科技有限公司,90,A
四川德心缘科技有限公司,100,A
四川德志诚科技有限公司,100,A
四川德成义方教育科技有限公司,90,A
四川德昱辰环保科技有限公司,100,A
四川德普盾建筑科技有限公司,90,A
四川德普铝业科技有限公司,80,B
四川德测检测技术有限公司,90,A
四川德润信息工程有限公司,95,A
四川德源云管道信息技术有限公司,90,A
四川德源管道科技股份有限公司,100,A
四川德瑞信网络系统工程有限责任公司,70,C
四川德科智慧新能源技术有限公司,90,A
四川德立建筑智能工程有限公司,90,A
四川德维致远懿顶财税咨询有限公司,90,A
四川德美森能源有限公司,90,A
四川德翔科创仪器有限公司,100,A
四川德药企业管理有限公司,90,A
四川德药药业有限公司,90,A
四川德诚勤科技有限公司,100,A
四川德辛捷石油天然气工程有限公司,100,A
四川德迈斯克金属制品有限公司,90,A
四川德迈环境技术集团有限公司,95,A
四川德道科技有限公司,100,A
四川德鑫匠品建筑装饰工程有限公司,90,A
四川德韦电子科技有限公司,100,A
四川徽瑞百川科技有限公司,90,A
四川徽记食品股份有限公司,90,A
四川徽通智慧仓储设备有限公司,90,A
四川徽通科技有限公司,100,A
四川必优集网络科技有限公司,90,A
四川必信科技有限公司,100,A
四川必可明科技有限公司,90,A
四川必谦科技有限公司,90,A
四川必顾养老信息咨询有限公司,90,A
四川忆思科技有限公司,90,A
四川忆达科技有限公司,100,A
四川志德公路工程有限责任公司,70,C
四川志德岩土工程有限责任公司,80,B
四川志恒工程管理咨询有限公司,100,A
四川志方智能科技有限公司,90,A
四川志方科技有限公司,100,A
四川志留纪石油科技有限公司,90,A
四川志盛科技有限公司,100,A
四川志高展示装饰工程有限公司,90,A
四川忠辉电子科技有限公司,100,A
四川快医科技有限责任公司,100,A
四川快发物流有限公司,90,A
四川快呈知识产权服务有限公司,90,A
四川快点互动科技有限公司,100,A
四川快眼迈步传媒科技有限公司,85,B
四川快译猫信息科技有限公司,100,A
四川快配送信息技术有限公司,90,A
四川忻旺达科技有限公司,100,A
四川思亿诚科技有限公司,90,A
四川思佳网络科技有限公司,90,A
四川思倍远科技有限公司,100,A
四川思凌科微电子有限公司,90,A
四川思创激光科技有限公司,90,A
四川思卓科技有限公司,90,A
四川思博瀚宇新材料有限公司,40,E
四川思曼克科技有限公司,100,A
四川思来生物科技有限公司,90,A
四川思柏沃生物技术有限公司,90,A
四川思派斯科技有限公司,100,A
四川思润智慧农业科技有限公司,90,A
四川思源创达环保科技有限公司,90,A
四川思爱科电子科技有限公司,90,A
四川思特奇信息技术有限公司,100,A
四川思科瑞智能工程有限公司,90,A
四川思联机电工程有限公司,100,A
四川思诺创意科技有限公司,100,A
四川思赖科技有限公司,90,A
四川思达扬科科技有限公司,90,A
四川思达电子工程有限公司,95,A
四川思达能环保科技有限公司,90,A
四川思迈德环保工程有限公司,100,A
四川思迈特智数软件有限公司,90,A
四川思迪恩惠教育科技有限公司,90,A
四川思途智旅软件有限公司,100,A
四川思锐科技有限责任公司,100,A
四川怡和盛达环保科技有限责任公司,90,A
四川怡正高创科技有限公司,90,A
四川怡科美新材料科技有限公司,90,A
四川怡能环保技术工程集团有限公司,90,A
四川总耀智能科技有限公司,90,A
四川恋家云健康科技有限公司,90,A
四川恒世信通科技有限公司,100,A
四川恒丰和食品发展有限公司,90,A
四川恒创和信科技有限责任公司,90,A
四川恒创天地自动化设备有限公司,100,A
四川恒创特种纤维有限公司,80,B
四川恒升信达科技有限公司,100,A
四川恒升通达工程技术服务有限公司,90,A
四川恒博世科技有限公司,90,A
四川恒双市政工程设计有限公司,100,A
四川恒基一站通电子商务有限公司,100,A
四川恒太科技有限公司,90,A
四川恒宇空间科技有限公司,90,A
四川恒宸威尔科技有限公司,90,A
四川恒宸科技发展有限责任公司,90,A
四川恒得复生态科技有限公司,100,A
四川恒微广测科技有限公司,85,B
四川恒昇信息技术有限公司,100,A
四川恒昌医药科技开发有限公司,90,A
四川恒明电气有限公司,100,A
四川恒明科技开发有限公司,80,B
四川恒泰智诚科技发展有限公司,100,A
四川恒泰盛远机电工程有限公司,100,A
四川恒泽建材有限公司,80,B
四川恒湾科技有限公司,90,A
四川恒畅科技开发有限公司,95,A
四川恒立智方自动化工程有限公司,100,A
四川恒立环保工程有限公司,100,A
四川恒胜恒智能科技有限公司,100,A
四川恒芯科技有限公司,90,A
四川恒裕鑫隆照明科技有限公司,90,A
四川恒诚达科技有限公司,100,A
四川恒达开源科技有限公司,100,A
四川恒远信友环境科技有限公司,100,A
四川恒通工程检测有限公司,100,A
四川恒鑫源测绘有限公司,95,A
四川恒铭泽石油天然气工程有限公司,100,A
四川恒雅机电安装工程有限公司,90,A
四川恒靖源环保科技有限公司,100,A
四川恒顺达机电设备有限公司,100,A
四川恒鼎瑞达环保科技有限公司,90,A
四川恩威制药有限公司,85,B
四川恩帝奕科技有限公司,90,A
四川恩成伟业信息技术有限公司,90,A
四川恩格尔模具有限公司,100,A
四川恩测检测技术有限公司,90,A
四川恩特普环保科技有限公司,90,A
四川悠服科技有限公司,90,A
四川悦享嘉乐文化传媒有限公司,90,A
四川悦享学教育科技有限公司,90,A
四川悦冬新能源科技有限公司,90,A
四川悦妍科技有限公司,90,A
四川悦宏达科技有限公司,100,A
四川悦承环保节能科技有限公司,100,A
四川悦满健康咨询有限公司,90,A
四川悦玥科技有限公司,90,A
四川悦致科技有限公司,90,A
四川悦达交安科技有限公司,100,A
四川惟博建设工程有限公司,85,B
四川惟康智慧科技有限公司,90,A
四川惟景科技有限公司,90,A
四川惟邦新创科技有限公司,100,A
四川惠士特能源装备有限公司,95,A
四川惠宜康科技有限公司,100,A
四川惠民智通科技有限公司,85,B
四川惠泰农业科技有限公司,85,B
四川惠精跃升科技有限公司,90,A
四川惠芯友科技有限公司,90,A
四川惠谷农业科技有限公司,90,A
四川惬晟信息技术有限公司,90,A
四川想真企业有限公司,75,C
四川意乐空间艺术文化传播有限公司,90,A
四川意高汇智科技有限公司,90,A
四川慈湖环保科技有限公司,100,A
四川慈石召铁科技有限公司,90,A
四川慈龙曼延文化传播有限公司,90,A
四川慕学大数据有限公司,85,B
四川慧为科技有限公司,90,A
四川慧享工程管理有限公司,90,A
四川慧元通科技有限公司,100,A
四川慧医信网络科技有限公司,90,A
四川慧博尔科技有限公司,90,A
四川慧威仕科技有限公司,100,A
四川慧安信科科技有限公司,90,A
四川慧教教育科技有限公司,90,A
四川慧方通达科技有限公司,90,A
四川慧源云商科技有限公司,85,B
四川慧盛数据科技有限公司,90,A
四川慧联数智科技有限公司,90,A
四川慧育创新科技有限公司,100,A
四川慧轩科技有限公司,90,A
四川慧飞智控科技有限公司,90,A
四川慧高智能科技有限公司,90,A
四川慧龙科技有限责任公司,90,A
四川憨农菲尔德农业科技有限公司,65,D
四川憬睿信息技术有限公司,90,A
四川懋润电力科技有限公司,100,A
四川懿动易行科技有限公司,90,A
四川戎胜兴邦科技股份有限公司,100,A
四川成享软件股份有限公司,100,A
四川成信宏图科技有限公司,90,A
四川成信宏知识产权服务有限公司,90,A
四川成信知天科技有限公司,90,A
四川成创智能科技有限公司,100,A
四川成功新型材料科技有限公司,100,A
四川成化信息科技有限公司,100,A
四川成发普睿玛机械工业制造有限责任公司,90,A
四川成发消防科技有限公司,100,A
四川成吉四通科技有限公司,100,A
四川成威普创信息技术有限公司,90,A
四川成宇空间科技有限公司,95,A
四川成工富创科技有限公司,100,A
四川成德瑞科自动化工程有限公司,85,B
四川成新锐钻钻采科技有限公司,100,A
四川成检环境检测有限公司,100,A
四川成欧检测技术有限公司,90,A
四川成派生物科技有限公司,100,A
四川成焊宝玛焊接装备工程有限公司,100,A
四川成电大为科技有限公司,90,A
四川成聚才农业科技有限公司,90,A
四川成艺蜀韵文化传播有限公司,90,A
四川成西建设工程有限公司,100,A
四川成都同道堂制药有限责任公司,90,A
四川成都探矿机械有限责任公司,100,A
四川成都瑞康建筑设计院,70,C
四川成都空分配套阀门有限公司,95,A
四川成飞集成吉文汽车零部件有限公司,100,A
四川成飞集成科技股份有限公司,100,A
四川我的田园农业科技有限责任公司,95,A
四川房倌儿网络有限公司,90,A
四川执象网络有限公司,100,A
四川扬克斯特科技有限公司,90,A
四川扬华育人科技有限公司,90,A
四川扬子江医疗器械有限公司,90,A
四川找原酒科技有限公司,90,A
四川技转知谷科技服务有限公司,90,A
四川抖创力科技有限公司,90,A
四川抟建科技有限公司,90,A
四川护美科技有限公司,85,B
四川拉姆达科技有限公司,100,A
四川拉少科技有限公司,90,A
四川拉瓦物联网科技有限公司,90,A
四川拉赫希网络科技有限公司,95,A
四川拓为机械设备有限公司,100,A
四川拓力泰工业设备制造有限公司,100,A
四川拓及轨道交通设备股份有限公司,95,A
四川拓扑达机械技术有限公司,90,A
四川拓格机器人科技有限公司,80,B
四川拓洁森环保科技有限公司,90,A
四川拓牛网络科技有限公司,100,A
四川拓璞环保科技有限公司,90,A
四川拓金科技有限公司,90,A
四川拙研智能科技有限公司,100,A
四川招生考试信息资讯有限责任公司,100,A
四川拜伦科技有限公司,100,A
四川拜安科技有限公司,100,A
四川择涛生态农业有限公司,90,A
四川拼趣科技有限公司,90,A
四川持恒空间科技有限公司,100,A
四川持绿源环保科技有限公司,100,A
四川指享未来网络科技有限公司,100,A
四川挑到科技有限公司,90,A
四川挚友软件有限公司,90,A
四川振东精科汽车总成系统有限公司,100,A
四川振欣隆精密机械有限公司,90,A
四川捷云信通信息技术有限公司,100,A
四川捷晨瑞达工程检测有限公司,100,A
四川捷瑞国际货运代理有限公司,100,A
四川捷祥医疗器械有限公司,100,A
四川捷联芯创科技有限公司,100,A
四川捷途环保服务有限公司,100,A
四川掌安安全科技有限公司,95,A
四川掌麦科技有限公司,85,B
四川探引者航空科技有限公司,90,A
四川探索者航空科技有限公司,100,A
四川搜奇智囊管理咨询有限公司,90,A
四川携光生物技术有限公司,100,A
四川携恩空服科技有限公司,100,A
四川摆渡船区块链科技有限公司,90,A
四川摩天电缆有限公司,95,A
四川摩奇信息技术有限公司,60,D
四川摩尔生物制药有限公司,100,A
四川摩行侠科技有限公司,90,A
四川摩贤科技有限公司,100,A
四川摩阳实业集团有限公司,100,A
四川擎远建筑工程有限公司,100,A
四川攀登科技有限公司,100,A
四川攸攸诚科技有限责任公司,90,A
四川攻坚科技有限公司,90,A
四川放心订科技有限公司,90,A
四川政安通科技有限公司,100,A
四川政宸建设工程有限公司,95,A
四川政资汇科技集团有限公司,90,A
四川政采招投标咨询有限公司,90,A
四川敏恩检测技术有限公司,90,A
四川敖畅航空科技有限公司,90,A
四川教云网络科技有限公司,95,A
四川数创未来科技有限公司,90,A
四川数化万物科技有限公司,80,B
四川数字健康科技服务有限公司,90,A
四川数字出版传媒有限公司,100,A
四川数字可见科技有限公司,90,A
四川数字在线信息技术有限公司,90,A
四川数字星辰科技有限公司,90,A
四川数字灯塔科技有限公司,90,A
四川数字畅想科技有限公司,90,A
四川数度量科技股份有限公司,90,A
四川数愈医疗科技有限公司,90,A
四川数智建科软件有限公司,90,A
四川数码物联网络科技有限责任公司,100,A
四川数联信安科技有限公司,100,A
四川数联空间科技有限公司,100,A
四川数聚智造科技有限公司,100,A
四川数荣科技咨询有限公司,90,A
四川数融数科科技有限公司,90,A
四川数软科技有限公司,90,A
四川文保科技有限公司,90,A
四川文动网络科技有限公司,95,A
四川文博建设有限公司,100,A
四川文投数字文化产业有限公司,100,A
四川文斯莫克机电设备有限公司,90,A
四川文焱科技有限公司,90,A
四川文畅联合文化传播有限公司,100,A
四川文诚管业有限公司,95,A
四川文轩教育科技有限公司,100,A
四川文韬工程技术有限公司,90,A
四川文鼎文化科技有限责任公司,95,A
四川斌爵智能科技有限公司,90,A
四川斯内克信息技术有限公司,90,A
四川斯唛特机电科技有限公司,100,A
四川斯坦恩科技有限公司,90,A
四川斯威克电子有限责任公司,40,E
四川斯德博尔信息技术有限公司,100,A
四川斯普信信息技术有限公司,95,A
四川斯泰博科技有限公司,100,A
四川斯特普电子商务有限公司,90,A
四川斯特雅科技有限责任公司,90,A
四川斯维奇电气科技有限公司,95,A
四川斯艾普电子科技有限公司,95,A
四川斯莫斯科技有限公司,100,A
四川新一百科技有限公司,90,A
四川新万农科技有限公司,90,A
四川新三亚建材科技股份有限公司,100,A
四川新世纪线缆有限公司,85,B
四川新东升展览工程有限责任公司,75,C
四川新东方电缆集团有限公司,100,A
四川新东盛科技发展有限公司,95,A
四川新东网信息技术有限公司,85,B
四川新中路捷科技发展有限公司,100,A
四川新健康成生物股份有限公司,75,C
四川新先达测控技术有限公司,100,A
四川新光众卫科技有限公司,100,A
四川新兰石科技有限公司,90,A
四川新创园科技有限公司,95,A
四川新力光源股份有限公司,70,C
四川新力航空技术有限公司,100,A
四川新千里展示有限公司,100,A
四川新华智合科技有限责任公司,100,A
四川新名之网络科技有限责任公司,90,A
四川新启盟科技有限公司,100,A
四川新图腾电子科技有限公司,100,A
四川新城油物联网科技有限公司,100,A
四川新墨时代信息技术有限公司,100,A
四川新天地环保科技有限公司,100,A
四川新天塑料包装有限公司,100,A
四川新天杰文化传媒股份有限公司,80,B
四川新孚好安全科技有限公司,75,C
四川新宇民信建筑工程有限公司,95,A
四川新宸智能科技有限责任公司,90,A
四川新尚数智科技有限公司,90,A
四川新尚智博科技有限公司,90,A
四川新巨田科技有限公司,90,A
四川新恒众和新能源科技有限公司,95,A
四川新恒钢建材有限公司,100,A
四川新惠民科技有限公司,100,A
四川新文华光电有限公司,90,A
四川新斯顿制药股份有限公司,100,A
四川新时代洋竹文化传媒有限责任公司,90,A
四川新星光文化传媒有限公司,90,A
四川新景西南生物科技有限公司,90,A
四川新水平衡环保科技有限公司,100,A
四川新洋乐创科技有限公司,90,A
四川新洋安创众合智能科技有限公司,100,A
四川新源现代智能科技有限公司,100,A
四川新源生物电子科技有限公司,90,A
四川新环佳科技发展有限公司,95,A
四川新环球汽车零部件有限公司,95,A
四川新瑞杰机电设备有限公司,90,A
四川新瑞理想科技有限公司,100,A
四川新瑞鑫检测服务有限公司,90,A
四川新生启航农业科技有限公司,70,C
四川新生命干细胞科技股份有限公司,100,A
四川新禾清源科技有限公司,90,A
四川新科电子技术工程有限责任公司,100,A
四川新立高科科技有限公司,100,A
四川新筑智能工程装备制造有限公司,100,A
四川新筑智能工程装备制造有限公司,100,A
四川新筑智能工程装备制造有限公司,100,A
四川新经财科技有限公司,90,A
四川新绿色药业科技发展有限公司,100,A
四川新网智能网络技术有限公司,95,A
四川新网银行股份有限公司,70,C
四川新翔维创科技有限公司,90,A
四川新能工程咨询有限公司,100,A
四川新致高生物科技有限公司,90,A
四川新航致远科技有限公司,90,A
四川新航达电气科技有限公司,100,A
四川新茂福斯特智慧城市管理服务有限公司,100,A
四川新荷花中药饮片股份有限公司,85,B
四川新蓉电缆有限责任公司,100,A
四川新超电缆有限公司,100,A
四川新路桥特殊钢有限公司,85,B
四川新途流体控制技术有限公司,100,A
四川新通瑞工程技术有限责任公司,100,A
四川新铁城机械有限公司,90,A
四川新隆数字供应链管理有限公司,90,A
四川新雅轩生物科技有限公司,100,A
四川新雅轩食品有限公司,100,A
四川新飞视讯科技有限公司,90,A
四川新龟科技有限公司,75,C
四川方便信息技术有限公司,90,A
四川方大新型建材科技开发有限责任公司,95,A
四川方寸智慧环境技术有限公司,90,A
四川方山红科技有限公司,100,A
四川方成铁建建设工程有限公司,100,A
四川方正测量有限公司,75,C
四川方法数码科技有限公司,90,A
四川方盒科技有限公司,90,A
四川方盛锦睿信息技术有限公司,95,A
四川方诚环保节能设备有限公司,100,A
四川施克塞斯商务服务有限公司,90,A
四川施克塞斯科技有限公司,100,A
四川施派诺计量技术有限公司,90,A
四川旅发环保科技有限公司,100,A
四川旅投数字信息产业发展有限责任公司,90,A
四川旅投智慧游大数据科技有限公司,100,A
四川旅投航空发展有限责任公司,90,A
四川旅鸽医信信息技术有限公司,90,A
四川旅鸽科技有限公司,95,A
四川旗丰新材料产业发展有限公司,90,A
四川旗丰新材科技有限公司,100,A
四川旗信计量检测技术有限公司,100,A
四川无及科技有限公司,100,A
四川无声信息技术有限公司,80,B
四川无忧住科技咨询有限公司,90,A
四川无战科技有限公司,90,A
四川无涯智能科技有限公司,100,A
四川无际智慧科技有限公司,90,A
四川无限智达科技有限公司,90,A
四川无限电科技有限公司,90,A
四川日报招标比选网络技术有限公司,100,A
四川日拓能源科技有限公司,75,C
四川日海云监科技有限公司,100,A
四川日达科技有限公司,70,C
四川旭东人防设备有限公司,90,A
四川旭信科技有限公司,100,A
四川旭华制药有限公司,85,B
四川旭华源科技有限公司,100,A
四川旭海睿鑫工程机械设备有限责任公司,90,A
四川旭航新材料有限公司,90,A
四川旭锐信息工程有限公司,80,B
四川旭静天臣科技有限公司,90,A
四川时代创点知识产权代理服务有限公司,90,A
四川时代巨创科技有限公司,100,A
四川时代新成科技有限公司,100,A
四川时代星光传媒集团有限公司,100,A
四川时代璀璨建筑工程有限公司,90,A
四川时代绿洲环境修复股份有限公司,95,A
四川时光里家居有限责任公司,90,A
四川时华精研生物技术有限公司,90,A
四川时空邮科技有限公司,60,D
四川时誉智信科技有限公司,90,A
四川时誉智汇科技有限公司,100,A
四川旷腾纳米科技有限公司,90,A
四川旷谷信息工程有限公司,100,A
四川旷骅科技有限公司,100,A
四川旺村供应链科技有限公司,90,A
四川昀彩科技有限公司,90,A
四川昂德万科技有限公司,90,A
四川昂蚁科技有限公司,100,A
四川昆仑云熙新能源科技有限公司,90,A
四川昆仑智汇数据科技有限公司,100,A
四川昆吾百川科技有限公司,90,A
四川昆昱环保科技有限责任公司,95,A
四川昇嘉科技有限公司,90,A
四川昊晟鑫诚能源科技有限公司,90,A
四川昊枞信息科技有限公司,85,B
四川昊特铼户外用品有限公司,100,A
四川昊讯机电工程有限公司,100,A
四川昊龙高科轨道交通新材料科技股份有限公司,90,A
四川昌晟塬环保科技有限公司,100,A
四川昌源电子有限责任公司,100,A
四川昌禄建设工程检测有限公司,100,A
四川昌达物业管理有限责任公司,90,A
四川明业家具有限公司,100,A
四川明亚智行信息科技有限公司,80,B
四川明域科技有限公司,90,A
四川明宏恒进科技有限公司,100,A
四川明宸嘉业科技有限公司,90,A
四川明峰医疗科技有限公司,90,A
四川明康检测有限公司,90,A
四川明德兄弟科技有限公司,90,A
四川明德时代电力科技有限公司,90,A
四川明日得投资管理咨询有限责任公司,75,C
四川明日火科技有限公司,55,E
四川明涛智创科技服务有限公司,90,A
四川明涛科技服务有限公司,90,A
四川明湖环保科技有限公司,95,A
四川明澈视光科技有限公司,90,A
四川明珠泵业有限公司,95,A
四川明舆信息技术有限公司,90,A
四川明誉防水工程有限公司,90,A
四川明达电线电缆科技有限公司,85,B
四川明阳承起机械有限公司,90,A
四川明韵科技有限公司,90,A
四川易丰国标计量检测有限公司,90,A
四川易久易医药科技有限公司,90,A
四川易保行汽车科技有限公司,95,A
四川易创芯电子科技有限公司,90,A
四川易利数字城市科技有限公司,100,A
四川易力达净水设备有限公司,85,B
四川易加安防科技有限公司,55,E
四川易华智源科技有限公司,90,A
四川易可科技有限公司,90,A
四川易商汇科技有限责任公司,90,A
四川易图天下信息科技有限公司,100,A
四川易土地信息技术有限责任公司,90,A
四川易安云科科技有限公司,90,A
四川易家众联集团有限公司,90,A
四川易家讯科科技有限公司,90,A
四川易小保网络科技有限公司,85,B
四川易尚天交实业有限公司,100,A
四川易府医疗科技有限公司,90,A
四川易恩嘉新型传动机器制造有限公司,90,A
四川易恩能源科技有限责任公司,100,A
四川易想电子商务有限公司,85,B
四川易成建筑环境规划设计有限公司,90,A
四川易数无限科技有限公司,100,A
四川易方智慧科技有限公司,90,A
四川易智停科技有限公司,90,A
四川易森多维科技有限责任公司,90,A
四川易泊时捷智能科技有限公司,100,A
四川易洛朗科技有限公司,100,A
四川易海华科技有限公司,70,C
四川易生活网络科技有限公司,90,A
四川易田电子商务股份有限公司,80,B
四川易简天下科技股份有限公司,85,B
四川易纳能新能源科技有限公司,90,A
四川易绘科技有限公司,90,A
四川易聚软件有限公司,100,A
四川易药云科技集团有限公司,65,D
四川易诚智讯科技有限公司,90,A
四川易轩学锦环保科技有限公司,90,A
四川易软信息技术有限公司,100,A
四川易轻尘环保科技有限公司,70,C
四川易达飞牛交通科技有限公司,40,E
四川易迪优信息技术有限公司,100,A
四川易通天下科技有限公司,70,C
四川易铁必肯科技有限公司,90,A
四川易闪充新能源科技有限公司,80,B
四川易霖环保科技有限公司,90,A
四川易鸿达医疗器械有限公司,80,B
四川易龙科技股份有限公司,100,A
四川星云汇科技有限公司,85,B
四川星云网聚科技有限公司,90,A
四川星企点企业服务有限公司,90,A
四川星企纵横文化有限公司,90,A
四川星地星工程勘察设计有限公司,75,C
四川星地通信技术有限公司,100,A
四川星宇天成建筑工程质量检测有限公司,100,A
四川星币文化传媒有限公司,90,A
四川星成光企业管理有限公司,90,A
四川星明能源环保科技有限公司,90,A
四川星欧环境管理有限公司,100,A
四川星海数创科技有限公司,95,A
四川星源新电子科技有限公司,100,A
四川星环纪元科技发展有限公司,100,A
四川星瑞云图信息技术有限公司,100,A
四川星瑞云科技有限公司,90,A
四川星田商务信息咨询有限公司,90,A
四川星盛数越网络有限公司,90,A
四川星盾科技股份有限公司,100,A
四川星科智造科技有限公司,90,A
四川星网易视信息技术有限公司,100,A
四川星美视讯科技有限公司,100,A
四川星辰佳信息技术有限公司,90,A
四川星辰光音文化传媒有限公司,90,A
四川星辰心海生态环保科技有限公司,90,A
四川星辰浩宇科技有限公司,90,A
四川星门科技有限公司,90,A
四川星际云空间规划设计有限公司,90,A
四川星际源科技有限公司,90,A
四川星驰空间信息技术有限责任公司,90,A
四川春田纪供应链管理有限公司,90,A
四川春田纪农业科技有限公司,90,A
四川春田纪农业集团有限公司,90,A
四川春田纪网络科技有限公司,90,A
四川春秋开发建设集团有限公司,80,B
四川昭益工程管理有限公司,90,A
四川是钢实业有限公司,100,A
四川昱峰医疗器械有限公司,100,A
四川昱泰电力有限公司,100,A
四川昱泽景观规划设计有限公司,90,A
四川昱澄信息技术有限公司,90,A
四川昱菱制冷科技有限公司,100,A
四川显达网络通信有限公司,90,A
四川晓维科技有限公司,100,A
四川晟兴智能科技集团有限公司,95,A
四川晟利蓉环保科技有限公司,100,A
四川晟实科技有限公司,100,A
四川晟荟教育科技有限公司,100,A
四川晟蔚智能科技有限公司,90,A
四川晟试电力工程有限公司,90,A
四川晨光信息自动化工程有限公司,85,B
四川晨冉建设工程有限公司,100,A
四川晨坤电气设备有限公司,100,A
四川晨宏科技开发有限公司,90,A
四川晨曦智创科技有限公司,90,A
四川晨朝农业科技有限公司,90,A
四川晨桦环保科技有限公司,90,A
四川晨阳人防设备有限公司,90,A
四川晨龙航天电器设备有限公司,95,A
四川普世思康医疗科技有限责任公司,90,A
四川普什宁江机床有限公司,95,A
四川普什正友科技有限公司,85,B
四川普彩系统集成有限公司,100,A
四川普思瑞新材料有限公司,100,A
四川普思科创信息技术有限公司,100,A
四川普慧康泰人工智能科技股份有限公司,90,A
四川普星智能技术有限公司,100,A
四川普林博世环境技术有限公司,90,A
四川普瑞空间软件技术有限公司,90,A
四川普立研创科技有限公司,100,A
四川普罗拉赫科技有限公司,90,A
四川普罗海尔斯生物科技有限公司,90,A
四川普莱美行之生物科技有限公司,100,A
四川普适信息技术有限公司,100,A
四川普里科技有限公司,90,A
四川普鑫物流自动化设备工程有限公司,95,A
四川普锐特药业有限公司,100,A
四川普锐特药业有限公司,100,A
四川景云建设工程有限公司,100,A
四川景创机械设备租赁有限公司,90,A
四川景实科技有限责任公司,90,A
四川景界景观园林工程有限公司,80,B
四川景硕德科技有限责任公司,95,A
四川景鉴影科技有限公司,100,A
四川景雅建设工程有限公司,90,A
四川晶创科技发展有限公司,90,A
四川晶大矿业科技有限公司,90,A
四川晶安交通工程有限公司,90,A
四川晶海电子有限公司,100,A
四川晶美光电科技有限公司,100,A
四川晶葵生物科技有限公司,90,A
四川智业金服科技有限公司,90,A
四川智云蓝海软件有限公司,90,A
四川智仁信息技术有限公司,100,A
四川智仟科技有限公司,90,A
四川智优羊科技有限公司,90,A
四川智信九鼎科学技术评估有限公司,95,A
四川智信安达科技有限公司,100,A
四川智信汇融科技有限公司,90,A
四川智信特电力科技有限公司,100,A
四川智信达电子科技有限公司,90,A
四川智信锐捷网络科技有限公司,100,A
四川智元时代信息技术有限公司,95,A
四川智创一品科技有限公司,90,A
四川智创云图科技有限公司,90,A
四川智创山河电力节能技术有限公司,100,A
四川智创远航科技有限公司,90,A
四川智动木牛智能科技有限公司,90,A
四川智博侠智能科技有限公司,90,A
四川智博内控科技有限公司,90,A
四川智博尔科技有限公司,100,A
四川智博新创科技有限公司,100,A
四川智博能科技有限公司,90,A
四川智博阳科技有限公司,90,A
四川智博高新智能科技有限公司,90,A
四川智合汇通科技有限公司,100,A
四川智和新胜数据科技有限公司,90,A
四川智和科技有限公司,100,A
四川智图地理信息技术研究有限公司,90,A
四川智塔享骑科技有限公司,90,A
四川智多鑫新能源有限公司,90,A
四川智多鑫生态农业开发有限公司,90,A
四川智多鑫网络科技股份有限公司,90,A
四川智天远科技有限公司,95,A
四川智如客科技有限公司,90,A
四川智庆云通科技有限公司,90,A
四川智康科技有限责任公司,100,A
四川智引艺术设计有限公司,100,A
四川智强医药科技开发有限公司,100,A
四川智恒创新科技有限公司,100,A
四川智想优创信息技术有限公司,90,A
四川智想北斗科技有限公司,90,A
四川智感蔚蓝科技有限公司,90,A
四川智慧云域信息技术有限公司,100,A
四川智慧云尚无人机科技有限责任公司,90,A
四川智慧博新科技有限公司,90,A
四川智慧嘉南科技有限责任公司,90,A
四川智慧式停车服务有限公司,90,A
四川智慧林科技有限公司,90,A
四川智慧连电气系统有限责任公司,90,A
四川智慧飞扬科技有限公司,90,A
四川智慧高速科技有限公司,70,C
四川智捷利机器人科技有限公司,90,A
四川智捷天成科技有限公司,90,A
四川智控未来科技有限公司,90,A
四川智教英创信息技术有限公司,100,A
四川智数宝科技有限公司,75,C
四川智新电力科技有限公司,90,A
四川智昇建筑工程有限公司,100,A
四川智梦源科技有限公司,100,A
四川智水信息技术有限公司,100,A
四川智汇云联信息技术有限公司,100,A
四川智汇云驰大数据科技有限公司,90,A
四川智汇兴华科技有限公司,90,A
四川智汇钢结构工程有限公司,90,A
四川智派人力资源有限公司,90,A
四川智测汇科技有限公司,100,A
四川智海联科技有限公司,90,A
四川智源新能科技有限公司,90,A
四川智源能诚售电有限公司,100,A
四川智溢实业有限公司,100,A
四川智烽超合金科技有限公司,90,A
四川智琢科技有限责任公司,70,C
四川智瑞科技有限公司,100,A
四川智甄宝科技有限责任公司,90,A
四川智盛芯源科技有限公司,90,A
四川智盟同创大数据科技有限公司,90,A
四川智真检测技术有限责任公司,90,A
四川智禾科技咨询有限公司,90,A
四川智税网信息技术集团有限公司,90,A
四川智立方博导科技有限责任公司,90,A
四川智立方环保科技有限公司,100,A
四川智筹科技有限公司,90,A
四川智绘地理信息科技有限公司,100,A
四川智网多彩科技有限公司,75,C
四川智美光影文化传播有限公司,90,A
四川智美创达科技有限公司,100,A
四川智美高科科技有限公司,50,E
四川智羽软件有限公司,100,A
四川智翔翼科技有限公司,90,A
四川智联科创科技有限公司,100,A
四川智胜慧安信息技术有限公司,100,A
四川智胜慧旅科技有限公司,100,A
四川智胜立德教育科技有限公司,90,A
四川智能创造科技有限公司,90,A
四川智能小子科技有限公司,90,A
四川智能建造科技股份有限公司,90,A
四川智能空港设备有限公司,100,A
四川智能视讯信息技术有限公司,55,E
四川智菲科技有限公司,90,A
四川智行数联科技有限公司,100,A
四川智行电子科技有限公司,75,C
四川智诚云天科技有限公司,100,A
四川智诚天逸科技有限公司,100,A
四川智诚永信电子工程有限公司,100,A
四川智诚汇通信息技术有限公司,90,A
四川智诚瑞合科技有限公司,100,A
四川智诚铭创信息技术有限公司,100,A
四川智谊佳科技有限公司,80,B
四川智迅车联科技有限公司,100,A
四川智运科技有限公司,90,A
四川智迪星辰科技有限公司,100,A
四川智选优居科技有限公司,90,A
四川智邦电气有限公司,70,C
四川智邦系统集成有限公司,100,A
四川智青建通信科技有限公司,90,A
四川智领蔚莱智能家具科技有限公司,90,A
四川智驾新元科技有限公司,90,A
四川智鼎盛邦智能科技有限公司,100,A
四川暴风启智科技有限公司,90,A
四川曜诚鑫科技有限公司,90,A
四川曦斯科技有限公司,100,A
四川更元科技有限公司,90,A
四川有你一面食品有限公司,100,A
四川有善良品科技有限公司,100,A
四川有孚国文教育科技有限公司,80,B
四川有居乐科技有限公司,90,A
四川有成教育科技有限责任公司,90,A
四川有晴建筑修缮技术有限公司,100,A
四川有瑞科技有限公司,100,A
四川有界科技有限公司,100,A
四川有色环境科技有限公司,60,D
四川有获科技有限公司,90,A
四川有鑫人科技有限公司,95,A
四川朋丰电力工程有限公司,100,A
四川朗勃科技有限公司,100,A
四川朗坤建筑工程有限公司,100,A
四川朗峰电子材料有限公司,100,A
四川朗悦天辰教育科技有限公司,90,A
四川朗晏信息工程有限公司,100,A
四川朗特智能科技有限公司,100,A
四川朗科新创环保设备有限公司,100,A
四川望村网络科技有限公司,100,A
四川望江风机制造有限公司,100,A
四川望轩科技有限公司,100,A
四川望锦机械有限公司,100,A
四川朝岩新材料科技有限公司,90,A
四川朝阳公路试验检测有限公司,100,A
四川木悦科技有限公司,90,A
四川木森建设工程有限公司,100,A
四川木牛流马智能科技有限公司,100,A
四川木苗艺汇园林工程有限公司,90,A
四川木鸟教育科技有限公司,90,A
四川未壹空间环境艺术设计有限公司,90,A
四川未来数安科技有限公司,90,A
四川未来智脑科技有限公司,90,A
四川未来绿洲市政公用工程有限公司,100,A
四川未铼新能源科技有限公司,90,A
四川本焱文化传媒有限责任公司,100,A
四川本立生信息科技有限公司,100,A
四川本草兴农生物科技有限公司,100,A
四川朴案数字科技有限公司,90,A
四川朴舒品科技有限公司,80,B
四川机器之心科技有限公司,90,A
四川机智信息技术有限公司,90,A
四川权兴物流有限公司,80,B
四川权友环保科技有限公司,80,B
四川村田机械制造股份有限公司,95,A
四川杜伯特科技有限公司,100,A
四川杜客科技有限公司,90,A
四川杠杆科技有限公司,90,A
四川来去充充科技有限公司,90,A
四川杨国福食品有限公司,100,A
四川杨天生物药业股份有限公司,95,A
四川杨森乳业股份有限公司,75,C
四川杨精灵科技有限公司,90,A
四川杰仕德科技有限公司,90,A
四川杰斯顿电气设备有限公司,100,A
四川杰特机器有限公司,100,A
四川杰特油气工程技术服务有限公司,90,A
四川杰瑞卓越家具有限公司,100,A
四川杰瑞恒日天然气工程有限公司,95,A
四川杰瑞泰克科技有限公司,90,A
四川杰莱美科技有限公司,100,A
四川杰诺创科技有限公司,100,A
四川杰通交通科技有限公司,90,A
四川杰锦工程项目管理咨询有限公司,90,A
四川松光照明工程有限公司,100,A
四川松瑞科技有限公司,90,A
四川松龙科技有限公司,90,A
四川极云智飞科技有限公司,90,A
四川极创智融科技有限公司,90,A
四川极创科技有限公司,90,A
四川极智朗润科技有限公司,100,A
四川极简时代照明工程有限公司,100,A
四川极美生命高科技有限公司,100,A
四川极致信息技术有限公司,90,A
四川极讯网络科技有限公司,80,B
四川极速动力科技有限公司,100,A
四川构美环保科技有限公司,90,A
四川枕月酒业有限公司,90,A
四川林典农业有限责任公司,90,A
四川林奥科技有限公司,100,A
四川林彬彬装配式建筑科技有限公司,95,A
四川林桥电子有限公司,100,A
四川林械环保工程有限公司,100,A
四川林森净化工程有限公司,95,A
四川林飞数码科技有限公司,90,A
四川果仁飞翔科技有限公司,90,A
四川枫雅建筑勘察设计有限责任公司,100,A
四川柏慕联创建筑科技有限公司,100,A
四川柏汇世通工程项目管理有限公司,100,A
四川柏盛聚能新能源科技有限公司,90,A
四川柒元星实业有限公司,100,A
四川柒号科技有限公司,90,A
四川柒尚信息科技有限公司,90,A
四川柒影影视文化传播有限公司,90,A
四川柒玖映画传媒科技有限公司,90,A
四川柯世达汽车制动系统集团有限公司,80,B
四川柯睿思智能科技有限公司,90,A
四川柯锐工程项目管理有限公司,90,A
四川柳河齿轮有限公司,100,A
四川标一科技有限公司,90,A
四川标量检测技术有限公司,100,A
四川树云科技有限公司,90,A
四川树人兴国联盟教育咨询有限公司,90,A
四川树熊网络科技有限公司,100,A
四川栖木交通设备有限公司,90,A
四川校安视界科技有限公司,100,A
四川校惠优品科技发展有限公司,90,A
四川栢航信息技术有限公司,100,A
四川格林天娇科技有限公司,100,A
四川格林流体控制设备有限公司,100,A
四川格润赛思科技有限公司,90,A
四川格源新维环境工程有限公司,90,A
四川格瑞帝夫科技有限公司,90,A
四川格瑞恒辰机电设备有限公司,100,A
四川格瑞斯环境科技有限公司,90,A
四川格瑞特科技有限公司,95,A
四川格瑞良云科技有限公司,100,A
四川格瑞莱斯新能源科技有限公司,100,A
四川格瑞赢环保科技有限公司,90,A
四川格瓦斯电力科技有限公司,100,A
四川格菲视讯科技有限公司,100,A
四川格蓝环保工程有限公司,100,A
四川格蕾儿生物科技有限公司,90,A
四川格鑫拓科技有限公司,90,A
四川格锐乾图科技有限公司,100,A
四川格锐恩科技有限公司,100,A
四川格领教育科技有限公司,80,B
四川桃子健康科技股份有限公司,100,A
四川桃子健康科技股份有限公司,100,A
四川桑莱特智能电气设备股份有限公司,95,A
四川桓辰环保科技有限公司,90,A
四川桢祥科技有限公司,90,A
四川档博视科技有限公司,100,A
四川桥建工程检测有限公司,100,A
四川梅塞尔科技有限公司,100,A
四川梓沐教育科技有限公司,100,A
四川梓荆建筑装饰工程有限公司,90,A
四川梓阳嘉研科技有限公司,90,A
四川梦园建筑装饰工程有限责任公司,95,A
四川梦屿田文化旅游有限公司,80,B
四川梦扬合创信息技术有限公司,90,A
四川棋元水利水电工程有限公司,100,A
四川棋达科技有限公司,100,A
四川森丰源科技有限公司,100,A
四川森友佳教育咨询有限公司,90,A
四川森宇建筑工程有限公司,100,A
四川森普达能源有限责任公司,90,A
四川森海润环境管理有限公司,90,A
四川森淼荣业科技有限公司,90,A
四川森源通信技术有限公司,100,A
四川森盛环林林业科技有限公司,100,A
四川棱杰双龙科技有限公司,90,A
四川棱镜云科技有限公司,90,A
四川植得期待生物科技有限公司,90,A
四川椒淳源农业科技有限公司,100,A
四川楚风新能源科技有限公司,90,A
四川楠水农牧科技有限公司,90,A
四川楼下电子商务有限公司,90,A
四川樊嘉生物科技有限公司,90,A
四川橙香源工程技术服务有限公司,90,A
四川橡果科技有限责任公司,90,A
四川次生林网络科技有限公司,90,A
四川欣冬影视文化传媒有限公司,90,A
四川欣新创艺科技有限公司,90,A
四川欣智造科技有限公司,90,A
四川欣洋远锦环保科技有限公司,100,A
四川欣科奥电子科技有限公司,90,A
四川欣阳科技有限公司,95,A
四川欣龙信创科技有限公司,90,A
四川欧创惠美智能科技有限公司,90,A
四川欧易科技有限公司,100,A
四川欧曼机械有限公司,100,A
四川欧润特软件科技有限公司,100,A
四川欧牛食品有限公司,100,A
四川欧米纳科技有限公司,100,A
四川欧美佳整体式复合层地板科技有限公司,90,A
四川欧航科技有限责任公司,100,A
四川欧菲斯科技有限公司,100,A
四川欧蒂医药科技有限公司,100,A
四川欧西恩科技有限公司,90,A
四川欧贝理信息科技有限公司,90,A
四川欧飞宇机械设备有限公司,90,A
四川歌华网络技术有限公司,75,C
四川歌行科技有限公司,100,A
四川正世达通信技术有限公司,100,A
四川正中能源有限公司,90,A
四川正丰泰建设工程有限公司,80,B
四川正传机电设备有限公司,100,A
四川正佳鑫电力工程有限公司,100,A
四川正元智慧科技有限公司,100,A
四川正升环保科技有限公司,100,A
四川正华知识产权服务有限公司,90,A
四川正博宇建筑智能工程有限公司,90,A
四川正合德益环保科技有限公司,90,A
四川正大新材料科技有限公司,90,A
四川正天泽科技有限公司,90,A
四川正好科技发展有限公司,95,A
四川正寅建设工程有限公司,100,A
四川正建价格评估有限责任公司,90,A
四川正强木村树建设工程有限公司,100,A
四川正微禾环保科技有限公司,90,A
四川正成科贸有限公司,100,A
四川正方高压线缆有限公司,80,B
四川正昂建筑劳务有限公司,80,B
四川正昊微科科技有限公司,90,A
四川正易科技有限公司,100,A
四川正洁科技有限责任公司,85,B
四川正洋工程技术咨询有限公司,90,A
四川正源中溯科技股份有限公司,55,E
四川正源新型材料科技有限公司,60,D
四川正狐智慧科技有限公司,100,A
四川正盛达科技有限公司,90,A
四川正禹电气设备有限公司,100,A
四川正立消防科技有限责任公司,60,D
四川正红生物技术有限责任公司,100,A
四川正红生物技术有限责任公司,100,A
四川正维空间科技有限公司,100,A
四川正脉科技有限公司,100,A
四川正诚石油技术开发有限公司,100,A
四川正路建设工程检测咨询有限公司,100,A
四川正达检测技术有限责任公司,100,A
四川正通汇文信息技术有限公司,90,A
四川正龙机械设备制造有限公司,90,A
四川步络骞科技有限公司,90,A
四川死海极净呼吸环境科技有限公司,90,A
四川殊茂建筑工程有限公司,90,A
四川段氏科技有限公司,60,D
四川毅智众测科技有限公司,90,A
四川比盟科技有限公司,100,A
四川比高互动科技有限公司,90,A
四川毗河石油科技有限公司,90,A
四川毛球数据科技集团有限公司,80,B
四川民安易润建设工程有限公司,100,A
四川民工加网络科技有限公司,90,A
四川民惠科技有限公司,90,A
四川民承电子有限公司,100,A
四川民生管业有限责任公司,70,C
四川民福记食品有限公司,100,A
四川民能瑞和电力建设股份有限公司,100,A
四川氟迪新能源有限公司,100,A
四川水喜宝科技发展有限公司,100,A
四川水思源环境科技有限公司,90,A
四川水沐环保科技有限公司,100,A
四川水王子环境科技有限公司,90,A
四川水研膜科技有限公司,90,A
四川永坚新能源科技有限公司,100,A
四川永宽绿能供应链管理有限公司,85,B
四川永峰科技有限公司,100,A
四川永强机械施工股份有限公司,85,B
四川永志人防设备检测有限公司,100,A
四川永旗数链科技有限公司,90,A
四川永昊环保科技有限公司,100,A
四川永星电子有限公司,85,B
四川永本档案管理有限公司,100,A
四川永沁环境工程有限公司,100,A
四川永淦能源管理有限公司,90,A
四川永玖舜科技有限公司,90,A
四川永盛祥科技有限公司,95,A
四川永联星通科技有限公司,90,A
四川永能能源科技有限公司,95,A
四川永鸿地理信息集团有限公司,95,A
四川永鸿安交通设施有限公司,90,A
四川求准体育科技有限公司,90,A
四川汇世源科技有限公司,90,A
四川汇云行信息技术有限公司,90,A
四川汇众力低温科技有限公司,100,A
四川汇信融创信息技术有限公司,90,A
四川汇健酒店设备有限公司,90,A
四川汇利实业有限公司,100,A
四川汇博天成科技有限公司,90,A
四川汇友建设工程有限公司,100,A
四川汇友新装配式建设有限公司,90,A
四川汇友电气有限公司,100,A
四川汇天合工程设计有限公司,90,A
四川汇学邦教育科技有限公司,100,A
四川汇宇生物技术有限公司,100,A
四川汇安泰瑞科技有限公司,100,A
四川汇安融信息技术股份有限公司,100,A
四川汇康智感科技有限公司,90,A
四川汇德恒信软件有限公司,90,A
四川汇投环保工程有限责任公司,100,A
四川汇揽熙云科技有限公司,100,A
四川汇普达通信技术有限公司,90,A
四川汇智优教信息技术有限公司,90,A
四川汇智明博信息技术有限公司,100,A
四川汇松教育科技有限责任公司,100,A
四川汇正管道技术有限公司,85,B
四川汇泽能源科技有限公司,100,A
四川汇浪智成科技有限公司,90,A
四川汇涌新能源科技有限公司,90,A
四川汇源信息技术有限公司,100,A
四川汇源光通信有限公司,100,A
四川汇源吉迅数码科技有限公司,60,D
四川汇源塑料光纤有限公司,100,A
四川汇源星辰光电有限公司,100,A
四川汇源顺建设工程有限公司,95,A
四川汇盟信息技术有限公司,100,A
四川汇睿科信息技术有限公司,100,A
四川汇秦农业科技有限公司,75,C
四川汇立康科技有限公司,100,A
四川汇维物流有限公司,100,A
四川汇聚智腾科技有限公司,100,A
四川汇英光电科技有限公司,100,A
四川汇融智创工程设计咨询有限公司,90,A
四川汇诚医院管理有限公司,100,A
四川汇谷创客空间有限公司,90,A
四川汇达通机械设备制造有限公司,100,A
四川汇都互动信息技术有限公司,90,A
四川汇铄视讯科技有限公司,100,A
四川汇顶清源科技有限公司,100,A
四川汇风科技有限公司,90,A
四川汉伟杰建筑机械有限公司,80,B
四川汉唐信通商务咨询有限公司,90,A
四川汉唐印科技有限公司,90,A
四川汉唐腾辉科技有限公司,100,A
四川汉塔科技有限公司,90,A
四川汉宇晨星大数据科技有限责任公司,90,A
四川汉宇航空科技有限公司,100,A
四川汉尔医疗科技有限公司,90,A
四川汉德堂生物科技有限公司,90,A
四川汉怀智能科技有限公司,90,A
四川汉林威传媒有限公司,90,A
四川汉林威工程技术有限公司,90,A
四川汉深环境工程有限公司,100,A
四川汉盛源科技有限公司,100,A
四川汉科计算机信息技术有限公司,95,A
四川汉美文化创意有限公司,90,A
四川汉能电力设备有限公司,90,A
四川汉莫尼机械设备有限公司,100,A
四川汉辉盛世医疗科技有限公司,100,A
四川汉邦园林有限公司,100,A
四川汛森电子技术有限公司,90,A
四川汝影科技有限公司,100,A
四川江山轨道交通装备制造有限公司,85,B
四川江州建筑劳务有限公司,65,D
四川江河慧测水环境综合治理有限公司,90,A
四川江源工程咨询有限公司,100,A
四川江源弘盛科技有限公司,90,A
四川江特科达科技有限公司,100,A
四川江龙建筑工程有限公司,75,C
四川沃克森环境技术有限公司,90,A
四川沃兹凯兰科技有限公司,90,A
四川沃加科技有限公司,100,A
四川沃德家环保工程有限公司,90,A
四川沃德科金信息技术有限公司,90,A
四川沃捷智能装备有限公司,100,A
四川沃文特生物技术有限公司,90,A
四川沃斯泰科技有限公司,100,A
四川沃海水利勘测设计有限公司,90,A
四川沃特尔水处理设备有限公司,100,A
四川沃路科技有限公司,100,A
四川沃达丰生物科技有限公司,95,A
四川沃阁莱昇生物科技有限公司,100,A
四川沐一竹环保科技有限公司,90,A
四川沐云智创环保科技有限公司,90,A
四川沐光软件科技有限公司,90,A
四川沐萱环境监测科技有限公司,100,A
四川沐迪圣科技有限公司,90,A
四川沱江起重机有限公司,95,A
四川河森天运股份有限公司,65,D
四川泉溪文化传播有限公司,90,A
四川泊仕网络科技有限公司,90,A
四川泊微科技有限公司,100,A
四川泊麦科技发展股份有限公司,90,A
四川泓奇航都科技有限公司,100,A
四川泓宝润业工程技术有限公司,90,A
四川泓瑜环境科技有限责任公司,100,A
四川泓远环保工程有限公司,100,A
四川法加加数字科技有限公司,90,A
四川法宝宝科技有限公司,90,A
四川法拉盛化工有限公司,85,B
四川法拉第电子科技有限公司,100,A
四川法泰洁净技术有限公司,100,A
四川泛华航空仪表电器有限公司,100,A
四川泛在空间科技有限公司,100,A
四川泛梦科技有限公司,100,A
四川泛海通信有限公司,90,A
四川泛美智飞科技有限公司,100,A
四川泛茂科技股份有限公司,100,A
四川泛茂科技股份有限公司,100,A
四川波凡同创机器人有限公司,100,A
四川泰丰伏羲科技有限公司,90,A
四川泰克电器有限公司,100,A
四川泰兰德科技有限公司,100,A
四川泰兴建设管理有限责任公司,90,A
四川泰兴装饰工程有限责任公司,75,C
四川泰则科技有限公司,90,A
四川泰力电气成套有限公司,90,A
四川泰医汇健康科技有限公司,90,A
四川泰博流体科技有限公司,85,B
四川泰合泰环境工程有限公司,100,A
四川泰合能创科技有限公司,90,A
四川泰合金童科技有限公司,100,A
四川泰合鼎川物联科技有限公司,100,A
四川泰和安消防科技有限公司,100,A
四川泰图科技有限公司,90,A
四川泰安生科技咨询有限公司,100,A
四川泰富地面北斗科技股份有限公司,90,A
四川泰尊消防科技有限公司,80,B
四川泰尔科技有限公司,65,D
四川泰恒中勘察测绘有限公司,90,A
四川泰格尔系统集成有限公司,75,C
四川泰洋电力构件制造有限公司,95,A
四川泰猷科技有限公司,100,A
四川泰瑞创通讯技术股份有限公司,100,A
四川泰立智汇科技有限公司,100,A
四川泰立科技股份有限公司,85,B
四川泰航食品科技有限公司,90,A
四川泰钦通信科技有限公司,100,A
四川泰锐石油化工有限公司,100,A
四川泰隆农业科技有限公司,95,A
四川泰隆汇智生物科技有限公司,90,A
四川泷涛环境工程有限公司,90,A
四川泽牧科技有限公司,90,A
四川泽贸科技有限公司,90,A
四川泽辉信安科技有限公司,90,A
四川洁承环境科技有限公司,100,A
四川洁能干燥设备有限责任公司,100,A
四川洇沃环境科技有限公司,100,A
四川洛河工程项目管理有限公司,90,A
四川津宏康泰新材料有限公司,95,A
四川洪明伟业科技有限责任公司,80,B
四川洪春福环保设备有限公司,90,A
四川洪辉电力科技有限公司,100,A
四川洲桥科技有限公司,90,A
四川洵美科技有限公司,100,A
四川洵远科技有限公司,90,A
四川活态药业有限公司,95,A
四川活木新材料科技有限公司,100,A
四川活颐化妆品有限公司,90,A
四川派山科技有限公司,90,A
四川派师必达科技股份有限公司,90,A
四川派摩互联科技有限公司,90,A
四川派普承压与动载设备检测有限公司,100,A
四川派盛通石油工程技术有限公司,90,A
四川派胜合科技有限公司,90,A
四川济安智慧交通科技有限公司,90,A
四川济生堂药业有限公司,100,A
四川济舟信息科技有限公司,80,B
四川济通工程试验检测有限公司,100,A
四川浦华中药科技有限公司,90,A
四川浦鸿科技有限责任公司,90,A
四川浩冠科技有限公司,100,A
四川浩君科技有限责任公司,85,B
四川浩威电力科技有限公司,90,A
四川浩宇智成科技有限公司,90,A
四川浩旭科技有限公司,90,A
四川浩洋冷冻设备有限公司,100,A
四川浩润科技有限公司,100,A
四川浩淼睿诚科技有限公司,90,A
四川浩渺网络科技有限公司,100,A
四川浩特通信有限公司,95,A
四川浩珑科技有限公司,100,A
四川浩琦建筑装饰设计有限公司,100,A
四川浩能新能源有限公司,95,A
四川浩能科技有限公司,100,A
四川浩菲宇科技有限公司,90,A
四川浩诺优科技有限公司,100,A
四川浩铭羽成信息技术有限公司,90,A
四川浪巢科技有限公司,90,A
四川浪琴纸制品有限公司,100,A
四川浪跃建设工程有限公司,100,A
四川浮舟科技有限责任公司,90,A
四川海丝科技有限公司,90,A
四川海兰德自动化技术有限公司,100,A
四川海创天芯科技有限公司,90,A
四川海力智能科技股份有限公司,100,A
四川海华众讯信息技术有限公司,100,A
四川海博达航空科技有限公司,100,A
四川海品信医药科技有限公司,100,A
四川海图电子科技有限公司,100,A
四川海天仪表电器开发有限公司,100,A
四川海天环保能源有限公司,90,A
四川海天生环科技有限公司,100,A
四川海奥医院管理有限公司,85,B
四川海德科科技有限公司,100,A
四川海思科制药有限公司,100,A
四川海恒达环保科技股份有限公司,100,A
四川海恩特机械科技有限公司,95,A
四川海慕知识产权服务有限公司,90,A
四川海极汇成铁路安全技术检测有限公司,90,A
四川海极科技有限公司,100,A
四川海林格生物制药有限公司,100,A
四川海格锐特科技有限公司,90,A
四川海案视界科技有限公司,90,A
四川海梦智森生物制药有限公司,90,A
四川海汇药业有限公司,100,A
四川海河特种胶管有限责任公司,90,A
四川海河电力设备有限公司,90,A
四川海济城市更新建设集团有限公司,90,A
四川海湾微波科技有限责任公司,100,A
四川海爪传媒有限公司,85,B
四川海特亚美航空技术有限公司,100,A
四川海特高新技术股份有限公司,100,A
四川海猫通信科技股份有限公司,100,A
四川海盛信息技术有限公司,100,A
四川海盾石油新技术开发有限公司,80,B
四川海纳云链科技有限公司,90,A
四川海纳仁东科技有限公司,90,A
四川海纳恒太科技工程有限公司,100,A
四川海能化工科技有限公司,95,A
四川海芯微科技有限公司,90,A
四川海融合创科技有限公司,90,A
四川海诺优创品牌营销策划有限公司,90,A
四川海象世纪科技有限公司,90,A
四川海贤教育科技有限公司,90,A
四川海迪亚科技有限公司,100,A
四川海铭电子信息科技有限公司,100,A
四川海锐明松科技有限公司,90,A
四川海鹰阀门有限公司,100,A
四川海龙智造科技有限公司,90,A
四川涂乐互动科技有限公司,90,A
四川涅格科技有限公司,90,A
四川消安智能工程有限公司,100,A
四川润万方科技有限公司,90,A
四川润世竹生物科技有限公司,90,A
四川润兆渔业有限公司,100,A
四川润博至远科技有限公司,90,A
四川润和祥企业管理有限公司,90,A
四川润地农业有限公司,70,C
四川润尔科技有限公司,100,A
四川润扬绿科技有限公司,90,A
四川润景科技有限公司,90,A
四川润智兴科技有限公司,100,A
四川润林肆汇中药材有限公司,90,A
四川润泽皓宇科技有限公司,90,A
四川润泽经伟信息技术有限公司,100,A
四川润英达电子科技有限公司,100,A
四川润钰德电力工程有限公司,85,B
四川涪瑞威尔能源技术有限公司,100,A
四川涵源环保科技有限公司,100,A
四川淇力康生物科技有限公司,90,A
四川淘金你我信息技术有限公司,100,A
四川淡水河信息技术有限公司,90,A
四川淦多科技有限公司,90,A
四川淯源仪器科技有限公司,90,A
四川深南科技有限责任公司,50,E
四川深度在线广告传媒有限公司,80,B
四川深泰微波有限公司,100,A
四川深瑞视科技有限公司,90,A
四川深蓝果实科技有限公司,100,A
四川深蓝环保科技有限公司,80,B
四川深蓝鸟科技有限公司,100,A
四川深远石油钻井工具股份有限公司,100,A
四川淳博数据科技有限公司,90,A
四川淳康农业科技有限公司,90,A
四川淳鑫科技有限公司,90,A
四川混沌文化传播有限公司,90,A
四川添翼塑胶制品有限公司,100,A
四川清和科技有限公司,95,A
四川清嘉科技有限公司,90,A
四川清山秀水环保科技有限公司,90,A
四川清川建设工程有限公司,100,A
四川清正电子科技有限公司,100,A
四川清水荷花网络科技有限公司,90,A
四川清泉烧坊农业有限公司,90,A
四川清源环境工程有限公司,95,A
四川清蓝检测科技有限公司,100,A
四川清雲文化科技有限公司,90,A
四川清风徐来科技有限公司,100,A
四川渔光物联技术有限公司,100,A
四川渝建研建设工程质量检测有限责任公司,90,A
四川渝拓橡塑工程有限公司,100,A
四川渝泽润工程勘察设计有限公司,90,A
四川港投云港科技有限公司,90,A
四川港投滨水农业研究院有限公司,90,A
四川港航建设工程有限公司,85,B
四川港通医疗设备集团股份有限公司,85,B
四川港锟建筑工程有限公司,90,A
四川游易光年软件开发有限公司,90,A
四川游联云科技有限公司,90,A
四川湘阡凡昇科技有限公司,90,A
四川湛海科技有限公司,100,A
四川溉亚智能科技有限公司,100,A
四川源单科技有限责任公司,100,A
四川源坤国科质量检验有限公司,100,A
四川源控力博新能源科技有限公司,100,A
四川源明源能源科技有限公司,100,A
四川源景绿能科技有限公司,90,A
四川源本机电设备有限公司,100,A
四川源洪福科技有限公司,100,A
四川源码时代科技有限公司,85,B
四川源磊薇凡科技有限公司,90,A
四川溜溜顺出行科技有限公司,90,A
四川溢阳环保设备技术工程有限公司,95,A
四川溯源优品实业有限公司,90,A
四川滇马汽车配件有限公司,90,A
四川滔然科技有限公司,90,A
四川满得利科技有限公司,90,A
四川滤森环保科技有限公司,70,C
四川滴石信息科技有限责任公司,100,A
四川漫巡信息科技有限公司,90,A
四川澄华生物科技有限公司,100,A
四川澄观节能环保科技有限公司,100,A
四川澜悦医创科技发展有限公司,100,A
四川澜海建筑装饰工程有限公司,90,A
四川澳丁医疗科技有限公司,90,A
四川澳尖尖信息科技有限公司,90,A
四川澳沙科技有限公司,100,A
四川澳维采油设备有限公司,100,A
四川澳贝龙新材料科技有限公司,90,A
四川激越物联网科技有限公司,90,A
四川瀚力汇晨科技有限公司,90,A
四川瀚宇浩洋工具有限公司,100,A
四川瀚库智数科技有限公司,85,B
四川瀚申质量检测有限公司,90,A
四川瀚翔创业孵化服务有限责任公司,100,A
四川瀚能建设工程有限公司,90,A
四川瀚顶环保科技有限公司,90,A
四川瀛瑞医药科技有限公司,90,A
四川火星时代教育科技有限公司,90,A
四川火星时代文化传媒有限公司,90,A
四川火炎众智网络科技有限公司,100,A
四川火石光电有限公司,100,A
四川灰犀牛科技有限公司,100,A
四川灵典科技有限公司,100,A
四川灵小智人工智能科技有限公司,90,A
四川灵志玻璃有限公司,100,A
四川灵目科技有限公司,90,A
四川灵雨科技有限公司,90,A
四川灼知市场营销策划有限公司,100,A
四川灼识科技股份有限公司,100,A
四川炎赫科技股份有限公司,90,A
四川炎赫科技股份有限公司,90,A
四川炜麒科技股份有限公司,90,A
四川炫彩视觉科技有限公司,90,A
四川炬科光学科技有限公司,100,A
四川炬耘汇信息科技有限公司,90,A
四川炬荣信息科技发展有限公司,100,A
四川炮菜餐饮管理有限公司,90,A
四川炯仁科技有限公司,90,A
四川炯测环保技术有限公司,80,B
四川炳森特科技有限公司,90,A
四川炳泰知识产权服务有限公司,90,A
四川点沃物联网科技有限公司,100,A
四川点画文化传媒有限公司,90,A
四川点石玄武纤维科技有限公司,65,D
四川点风文化发展集团有限公司,90,A
四川烈火胜服科技有限公司,90,A
四川烛行州联科技有限公司,90,A
四川烨杰环保科技有限公司,90,A
四川热谷新能源科技有限公司,90,A
四川烽火台电子科技有限公司,90,A
四川焱森电梯有限公司,100,A
四川焱飞科技有限公司,100,A
四川然创新业科技有限公司,100,A
四川煋骅农业科技有限公司,90,A
四川煜昇智汇科技有限公司,90,A
四川熊猫房猫科技有限公司,90,A
四川熙望建筑设计有限公司,90,A
四川熙缘科技有限公司,90,A
四川熠海瑞科技有限公司,90,A
四川熵智科技有限公司,90,A
四川熵熵科技有限公司,95,A
四川燕赵保温材料有限公司,90,A
四川燚森地理信息有限公司,75,C
四川爬电科技有限公司,90,A
四川爱丁卡尔科技有限公司,90,A
四川爱丹利健康管理有限公司,90,A
四川爱买钢物联网科技有限公司,90,A
四川爱享科技有限公司,90,A
四川爱信诺航天信息有限公司,100,A
四川爱尔西科技有限公司,90,A
四川爱尚寰球文创科技有限公司,100,A
四川爱尚寰球文创科技有限公司,100,A
四川爱就帮科技有限公司,90,A
四川爱得机电设备有限公司,100,A
四川爱斯兰特门窗科技有限公司,100,A
四川爱普博科技有限公司,100,A
四川爱格汇科技集团有限公司,90,A
四川爱欧特环保科技有限公司,90,A
四川爱特尔科技有限公司,100,A
四川爱瑞佳科技有限公司,90,A
四川爱礼科技有限公司,85,B
四川爱立德健康科技有限公司,90,A
四川爱筑数字文化创意有限公司,100,A
四川爱萨环保科技有限公司,100,A
四川爱车邦科技有限公司,90,A
四川爱辉科技有限公司,100,A
四川爱迪讯健康科技有限公司,90,A
四川爱迪讯科技有限公司,100,A
四川牛途电子商务有限公司,75,C
四川牦牛先生科技有限公司,90,A
四川物华农业科技有限公司,100,A
四川物可智科技有限公司,90,A
四川物感信息技术有限公司,90,A
四川物联海天科技有限公司,90,A
四川物联者系统技术有限公司,70,C
四川物连数智科技有限公司,90,A
四川物通科技有限公司,100,A
四川特伦特科技股份有限公司,100,A
四川特克利电气有限公司,90,A
四川特力达网络科技有限公司,90,A
四川特力飞科技有限公司,100,A
四川特号商盟科技有限公司,90,A
四川特普交通设施有限公司,85,B
四川特爱众文化发展有限公司,90,A
四川特爱教育科技有限公司,100,A
四川特爱未来科技有限公司,90,A
四川特种变压器厂,95,A
四川特能杰暖通设备有限公司,85,B
四川特锐充新能源科技有限公司,90,A
四川犀牛鸟装饰设计有限公司,90,A
四川犀迈湾科技有限公司,90,A
四川犍小茉科技有限公司,90,A
四川狼途腾科技有限公司,90,A
四川猎石者龙宇科技有限公司,100,A
四川猫咪科技有限责任公司,85,B
四川猫当家网络科技有限公司,90,A
四川猫王鞋业有限公司,85,B
四川玄光立影医疗科技有限公司,90,A
四川玄诚智能科技有限公司,100,A
四川玉狻猊科技有限公司,90,A
四川玖优创信息科技有限公司,90,A
四川玖域康和教育科技有限公司,90,A
四川玖壹建设工程有限公司,95,A
四川玖怡工程管理有限公司,80,B
四川玖援应急装备有限公司,85,B
四川玖昇建设工程有限公司,90,A
四川玖智科技有限公司,90,A
四川玖玖新科技有限公司,90,A
四川玖越机器人科技有限公司,90,A
四川玖韵科技有限责任公司,100,A
四川玛瑞焊业发展有限公司,100,A
四川玛科思生物科技有限公司,90,A
四川玟祎信息系统有限公司,90,A
四川环亚博通检测技术服务有限公司,100,A
四川环奥污泥处置技术有限公司,100,A
四川环媒科技股份有限公司,75,C
四川环宇建筑设计有限公司,100,A
四川环水工程咨询有限公司,90,A
四川环泰答科技有限公司,100,A
四川环浚科技有限公司,90,A
四川环球绝缘子有限公司,65,D
四川环瑞源环境工程有限公司,90,A
四川环科检测技术有限公司,100,A
四川环科美能环保科技有限公司,100,A
四川环龙技术织物有限公司,100,A
四川现代建设咨询监理有限公司,75,C
四川现代疑难病研究院有限公司,90,A
四川现代种业集团科技创新中心有限公司,90,A
四川玺睿慧智企业管理咨询有限公司,90,A
四川玺运来企业管理有限公司,90,A
四川珀莱仕影视传媒有限公司,100,A
四川珂兴建设工程造价咨询有限责任公司,95,A
四川珩睿智能科技有限公司,100,A
四川珩睿智能科技有限公司,100,A
四川琅琅三达科技有限公司,90,A
四川理和信企业管理有限公司,90,A
四川琢新生物材料研究有限公司,95,A
四川琦花白雪文化传播有限公司,90,A
四川琼涛科技有限公司,100,A
四川瑞丰锻造有限公司,100,A
四川瑞云信通科技有限公司,100,A
四川瑞云数码科技有限公司,100,A
四川瑞云谷建筑工程有限公司,90,A
四川瑞信创科技有限公司,100,A
四川瑞信安创科技有限公司,90,A
四川瑞健兴生物科技有限公司,90,A
四川瑞冬科技有限公司,90,A
四川瑞凌怡信通信技术有限公司,90,A
四川瑞动科技有限责任公司,90,A
四川瑞可优医疗管理有限公司,90,A
四川瑞吉绿能科技有限公司,100,A
四川瑞图地信科技有限公司,100,A
四川瑞垒科技有限公司,100,A
四川瑞天光学有限责任公司,90,A
四川瑞天环境工程有限公司,100,A
四川瑞字科技有限公司,85,B
四川瑞希康生物医药有限公司,100,A
四川瑞康创新科技有限公司,100,A
四川瑞德弘扬科技有限公司,90,A
四川瑞德恒汇文化传播有限公司,85,B
四川瑞思可消防科技有限公司,80,B
四川瑞思经纬科技发展有限公司,90,A
四川瑞恩时代科技有限公司,100,A
四川瑞成智捷科技有限公司,90,A
四川瑞拓电力工程有限公司,100,A
四川瑞斯佳宴科技有限公司,100,A
四川瑞新轨道交通科技发展有限公司,100,A
四川瑞春建筑智能化工程有限公司,95,A
四川瑞晟石油设备开发有限公司,100,A
四川瑞朗医疗器械有限公司,100,A
四川瑞正信息技术有限公司,90,A
四川瑞民康生物科技有限公司,90,A
四川瑞泰达信息技术有限公司,100,A
四川瑞洲石油科技开发有限公司,95,A
四川瑞玥科技有限公司,90,A
四川瑞申运输代理有限公司,100,A
四川瑞盈卓能微电子科技有限公司,90,A
四川瑞福生茶业有限公司,90,A
四川瑞科慧联科技有限公司,100,A
四川瑞而浦科技有限公司,90,A
四川瑞致电工钢有限公司,80,B
四川瑞航电子科技有限公司,100,A
四川瑞萌特文化用品有限公司,90,A
四川瑞蓝智博科技有限公司,90,A
四川瑞虹云信息技术有限责任公司,100,A
四川瑞轩达科技有限公司,100,A
四川瑞进特科技有限公司,100,A
四川瑞连佳讯网络科技有限公司,90,A
四川瑞通工程建设集团有限公司,50,E
四川瑞都石油工程技术服务有限公司,80,B
四川瑞锦板材有限公司,100,A
四川瑞霆智汇科技有限公司,100,A
四川瑞鼎嘉扬防务科技有限公司,90,A
四川瑾瑜瑞翔科技有限公司,90,A
四川璧虹众杰科技有限公司,90,A
四川甘三科技有限公司,90,A
四川甜筒互娱科技有限公司,90,A
四川生力源生物工程有限公司,100,A
四川生学教育科技有限公司,100,A
四川生态诚品农业开发有限公司,100,A
四川生石花科技有限公司,70,C
四川用联信息技术有限公司,90,A
四川田册科技有限公司,95,A
四川申力门业有限责任公司,95,A
四川申能科技有限公司,90,A
四川申陆达能源工程技术有限公司,100,A
四川电力智能配电设备有限公司,100,A
四川电力设计咨询有限责任公司,100,A
四川电器成套设备有限公司,90,A
四川电器集团中低压智能配电有限公司,100,A
四川电器集团中电开关有限公司,100,A
四川电器集团股份有限公司,85,B
四川电安智能科技有限公司,100,A
四川电德电力设备有限公司,95,A
四川电掌门节能科技有限公司,90,A
四川电科维云信息技术有限公司,90,A
四川电科网安科技有限公司,100,A
四川畅云出行信息技术有限公司,100,A
四川畅享食品有限公司,80,B
四川畅想创作者科技有限公司,90,A
四川畅行天地科技有限公司,90,A
四川畅行捷达科技有限责任公司,90,A
四川畅讯建设工程有限公司,90,A
四川畅阳智能科技有限公司,90,A
四川界无际科技有限公司,100,A
四川留联说科技有限公司,90,A
四川白家阿宽食品产业股份有限公司,95,A
四川白胡子文化传媒有限公司,90,A
四川百世得信息技术有限公司,100,A
四川百事东旺生物科技有限公司,90,A
四川百仑信息科技有限公司,90,A
四川百众安消防科技有限责任公司,90,A
四川百利药业有限责任公司,90,A
四川百博时代科技有限公司,100,A
四川百可馨生物制药有限公司,100,A
四川百子图实业有限公司,100,A
四川百安宝科技有限公司,100,A
四川百川四维信息技术有限公司,100,A
四川百川科技有限公司,100,A
四川百川金开生物工程有限公司,90,A
四川百工科技有限责任公司,100,A
四川百平机电设备有限公司,100,A
四川百年溢彩照明科技有限公司,100,A
四川百恒电子科技设备有限公司,90,A
四川百承中医药科技有限公司,90,A
四川百旺金赋科技有限公司,100,A
四川百特文理科技有限公司,90,A
四川百特福优教育科技有限责任公司,90,A
四川百特芳华医药科技有限公司,90,A
四川百纳科技有限责任公司,100,A
四川百联通医疗科技有限公司,90,A
四川百能信息技术有限公司,100,A
四川百草精工生物科技有限公司,90,A
四川百视通科技有限公司,90,A
四川百誉科技集团有限公司,100,A
四川百诺吉科技有限公司,100,A
四川百顺运通科技有限公司,100,A
四川的梦科技有限公司,90,A
四川皇家蓝卡铝业有限公司,100,A
四川皓博药业有限公司,90,A
四川皓土测绘有限公司,90,A
四川盈为锡科技有限公司,90,A
四川盈乐威科技有限公司,100,A
四川盈嘉合生科技有限公司,100,A
四川盈安机电有限公司,100,A
四川盈腾瑞德科技股份有限公司,100,A
四川益丰电子科技有限公司,100,A
四川益动数字传媒有限公司,90,A
四川益友信机械设备有限公司,100,A
四川益嘉多科技有限责任公司,90,A
四川益天环保科技有限公司,90,A
四川益州动力网络科技有限公司,90,A
四川益巨交通工程有限责任公司,90,A
四川益思源网络信息有限公司,90,A
四川益新工程勘察设计有限公司,100,A
四川益昂科技有限公司,90,A
四川益明电信工程总承包有限公司,75,C
四川益曦机器人有限公司,90,A
四川益来科智慧能源有限公司,90,A
四川益祥康药业有限公司,80,B
四川益策康堂科技有限公司,90,A
四川益统网络服务有限公司,90,A
四川益能康生环保科技有限公司,100,A
四川益蓝智创科技有限公司,90,A
四川益诺德科技有限责任公司,100,A
四川益赫电力设计有限公司,100,A
四川盎芯科技有限公司,90,A
四川盒众之利科技有限公司,90,A
四川盒子怪网络科技有限公司,85,B
四川盘谷智慧医疗科技有限公司,100,A
四川盛世佳禾农业开发有限公司,100,A
四川盛世华兴贸易有限公司,90,A
四川盛世君拓科技有限公司,90,A
四川盛世启阳文化传播有限公司,95,A
四川盛世国兴科技有限公司,90,A
四川盛世天鱼科技有限公司,60,D
四川盛世弘扬科技有限公司,100,A
四川盛世昊越建设工程有限公司,90,A
四川盛世科恩工程技术集团有限公司,100,A
四川盛世繁华智能建筑工程有限公司,90,A
四川盛世融合科技有限公司,90,A
四川盛世赢家网络科技有限公司,90,A
四川盛世飞跃通信有限公司,100,A
四川盛世高创科技有限公司,100,A
四川盛丽农业科技有限公司,100,A
四川盛佳建材有限公司,90,A
四川盛创时代网络科技有限公司,65,D
四川盛华伟业科技有限公司,100,A
四川盛和晟达石化有限公司,100,A
四川盛和鼎安科技有限公司,90,A
四川盛唐建设工程有限公司,85,B
四川盛天伟业网络科技有限公司,90,A
四川盛娱互动网络科技有限公司,70,C
四川盛年同缔实业有限公司,100,A
四川盛彩嘉美科技有限公司,100,A
四川盛德瞳明视康文化科技有限公司,90,A
四川盛德鑫泽科技有限公司,100,A
四川盛必鑫机电设备有限公司,90,A
四川盛拓通科技有限公司,100,A
四川盛新和装饰工程有限公司,90,A
四川盛普和润科技有限公司,100,A
四川盛普富盈软件有限公司,100,A
四川盛景联创科技有限公司,100,A
四川盛杰低温设备制造股份有限公司,100,A
四川盛润建筑装饰工程有限公司,90,A
四川盛玖源环境工程有限公司,100,A
四川盛腾佳悦科技有限公司,70,C
四川盛蓝利环保科技有限公司,90,A
四川盛视天和文化传播有限公司,90,A
四川盛趣时代网络科技有限公司,95,A
四川盛通智联网络科技有限公司,80,B
四川盛通鹏林科技有限公司,90,A
四川盛邦建设工程有限公司,60,D
四川盛邦润达科技有限公司,100,A
四川盛铭洋电力工程有限公司,90,A
四川相真科技有限公司,90,A
四川盾安机电科技有限公司,100,A
四川盾强消防工程有限公司,100,A
四川省一带三代科技服务有限公司,90,A
四川省万智信息技术有限责任公司,100,A
四川省万略数据科技有限公司,90,A
四川省万道通科技有限公司,90,A
四川省三夫科技开发有限公司,100,A
四川省三物科技有限公司,100,A
四川省世源恒达科技有限公司,100,A
四川省东泰教学仪器设备有限公司,100,A
四川省东金龙建筑装饰工程有限公司,100,A
四川省丝绸工程技术研究中心,80,B
四川省丝绸科学研究院有限公司,100,A
四川省中奕达实业有限公司,95,A
四川省中安恒升应急科技有限公司,100,A
四川省中安检测有限公司,100,A
四川省中智天成安全技术服务有限公司,100,A
四川省中环博环境检测有限责任公司,95,A
四川省中药饮片有限责任公司,95,A
四川省中认信安技术服务有限公司,100,A
四川省丽通食品有限公司,95,A
四川省乐联科技有限公司,100,A
四川省云箴农业有限公司,90,A
四川省云谷建设工程有限公司,100,A
四川省互维信息技术有限公司,90,A
四川省五加一生态农业技术服务有限公司,100,A
四川省亚通工程咨询有限公司,100,A
四川省交通勘察设计研究院有限公司,90,A
四川省交通建设集团有限责任公司,70,C
四川省享乐康医药科技有限公司,70,C
四川省人间印象家具有限公司,100,A
四川省仁华科技有限公司,80,B
四川省众望科希盟科技有限公司,100,A
四川省众能新材料技术开发有限公司,90,A
四川省众诚瀚蓝环保服务有限公司,90,A
四川省优检联技术检测服务有限公司,100,A
四川省伟伦通电气有限公司,100,A
四川省佰六科技有限公司,90,A
四川省佰昉和科技有限公司,90,A
四川省佳圆义兴建筑劳务有限公司,90,A
四川省俊川科技有限公司,100,A
四川省倍胜智能科技有限公司,100,A
四川省允诺信检测技术有限公司,80,B
四川省元通润达信息技术有限公司,100,A
四川省公路规划勘察设计研究院有限公司,95,A
四川省公路规划勘察设计研究院有限公司,95,A
四川省六零五环境技术有限公司,80,B
四川省兴冶岩土工程检测有限责任公司,100,A
四川省兴华工程项目管理有限公司,95,A
四川省兴旺达精密机电有限公司,100,A
四川省兴铮峰科技有限公司,95,A
四川省军科电气有限责任公司,100,A
四川省冠视安防科技有限公司,90,A
四川省冬日智慧农业科技发展有限公司,90,A
四川省冶勘设计集团生态环境工程有限公司,90,A
四川省创世华软科技有限公司,100,A
四川省创航信科技有限公司,100,A
四川省创飞格环保技术有限公司,100,A
四川省医药设计院有限公司,100,A
四川省华地环境科技有限责任公司,100,A
四川省华威建筑设计有限公司,100,A
四川省华存智谷科技有限责任公司,90,A
四川省华成远为建筑工程技术有限公司,100,A
四川省华景智安科技有限公司,90,A
四川省华标信息技术有限公司,90,A
四川省华检技术检测服务有限公司,100,A
四川省华森新科信息有限公司,90,A
四川省华电成套设备有限公司,100,A
四川省华盾防务科技股份有限公司,100,A
四川省华艺名匠装饰工程有限公司,100,A
四川省博仁达石油科技有限公司,100,A
四川省博派乐农业科技有限公司,90,A
四川省博瑞恩科技有限公司,90,A
四川省博盾电力科技有限公司,100,A
四川省卡亿电子商务有限公司,100,A
四川省卫农现代农业科技有限公司,100,A
四川省厚医智能科技有限公司,100,A
四川省厚博知识产权服务有限公司,90,A
四川省双螺旋科技有限公司,90,A
四川省双龙马智造科技有限公司,90,A
四川省合匡科技有限公司,100,A
四川省合道市政工程设计有限公司,100,A
四川省吉宝科技有限公司,90,A
四川省同城建设工程质量检测有限公司,100,A
四川省同瑞达建设工程有限公司,100,A
四川省君源塑料制品有限公司,100,A
四川省和越气压减震器有限责任公司,60,D
四川省咏农鲜生农业科技有限公司,90,A
四川省咚咚数据有限责任公司,90,A
四川省商投信息技术有限责任公司,100,A
四川省善东家电子商务有限公司,90,A
四川省嘉绮瑞航空装备有限公司,100,A
四川省回旋医药科技有限公司,80,B
四川省固特工程技术有限公司,100,A
四川省国创智行科技有限公司,90,A
四川省国强科技有限公司,100,A
四川省国环环境工程咨询有限公司,100,A
四川省地质工程勘察院集团有限公司,85,B
四川省坝导水利科技有限公司,100,A
四川省坤泰环境检测有限公司,100,A
四川省坤运环境建设有限公司,100,A
四川省城市建设工程咨询集团有限公司,75,C
四川省士越照明科技有限责任公司,90,A
四川省外综云服科技有限公司,90,A
四川省大卫建筑设计有限公司,85,B
四川省大见通信技术有限公司,100,A
四川省天府容大信息科技有限公司,90,A
四川省天府智创信息科技有限公司,100,A
四川省天府泽川大数据科技有限公司,90,A
四川省天府细胞质量检测与评价中心有限公司,90,A
四川省天晟源信息技术有限公司,90,A
四川省天晟源环保股份有限公司,100,A
四川省天润康环保科技有限责任公司,100,A
四川省天策知识产权代理有限公司,100,A
四川省天道勤科技有限公司,90,A
四川省天链星通科技有限公司,90,A
四川省天顺慧智安全科技有限公司,90,A
四川省太易净科技有限公司,90,A
四川省奥宁太阳能科技有限公司,85,B
四川省威盾匠心建设有限公司,85,B
四川省宇坤金属制品有限公司,95,A
四川省守望信息科技有限责任公司,90,A
四川省安科源科技发展集团有限公司,90,A
四川省安胜消防安全检测有限责任公司,75,C
四川省宏业建设软件有限责任公司,100,A
四川省宏博安全科技有限责任公司,100,A
四川省宏茂环保技术服务有限公司,100,A
四川省宏骏科技有限公司,100,A
四川省宜赛机电设备有限公司,100,A
四川省客车制造有限责任公司,45,E
四川省小月亮服饰有限公司,90,A
四川省山水盾科技有限公司,90,A
四川省峰上生物科技有限公司,100,A
四川省崇州市恒丰园艺科技有限责任公司,90,A
四川省崇州市恒达电子厂,85,B
四川省崇州锦海医疗器械有限公司,100,A
四川省川建管道有限公司,85,B
四川省川杭塑胶科技有限公司,80,B
四川省川核测绘地理信息有限公司,90,A
四川省川河盛鑫电力工程有限公司,90,A
四川省川海晨洋食品有限责任公司,100,A
四川省川煤矿山装备检测有限公司,100,A
四川省川煤科技有限公司,100,A
四川省川环源创检测科技有限公司,100,A
四川省川益博大防水保温材料有限公司,90,A
四川省川能新能源开发有限责任公司,100,A
四川省川虎线缆有限公司,95,A
四川省川铁枕梁工程有限公司,100,A
四川省工程装备设计研究院有限责任公司,90,A
四川省巴蜀物流科技有限公司,90,A
四川省帕提科斯能源科技有限公司,90,A
四川省帝江治少影视科技有限公司,90,A
四川省广联大工程管理有限公司,80,B
四川省康源联合建设项目管理有限公司,95,A
四川省廖氏科技有限公司,75,C
四川省建业检验检测股份有限公司,95,A
四川省建业检验检测股份有限公司,95,A
四川省建圈强链建设集团有限公司,90,A
四川省建材工业科学研究院有限公司,100,A
四川省建研全固建筑新技术工程有限公司,100,A
四川省建科峰源建设工程有限公司,85,B
四川省建筑科学研究院有限公司,100,A
四川省建筑设计研究院有限公司,95,A
四川省开璞环保包装制品有限公司,95,A
四川省弘岭新技术服务有限公司,90,A
四川省彼得控鸟科技有限公司,90,A
四川省德名斯科技有限公司,95,A
四川省德泰机电设备有限公司,100,A
四川省德盛新锐科技有限责任公司,100,A
四川省思科新能源科技有限责任公司,90,A
四川省恒屹达新材料科技有限公司,100,A
四川省恒晟包装印务有限公司,95,A
四川省恒泰祥测绘有限公司,100,A
四川省恩乐生物工程有限公司,90,A
四川省慈予医疗科技有限责任公司,90,A
四川省慧算科技有限公司,90,A
四川省成都红灯笼食品有限公司,80,B
四川省户信信息技术有限公司,90,A
四川省才入科技有限公司,90,A
四川省拱心石科技有限公司,90,A
四川省振兴天府数字产业有限公司,90,A
四川省振控科技有限公司,100,A
四川省捷思睿科技有限公司,100,A
四川省搜发迷科技有限公司,90,A
四川省摄影家广告印务有限公司,90,A
四川省数字产业有限责任公司,90,A
四川省数字经济产业发展有限责任公司,90,A
四川省数字证书认证管理中心有限公司,100,A
四川省文君茶业有限公司,90,A
四川省新中能建设工程有限公司,100,A
四川省新洋安创科技有限公司,90,A
四川省新津潜力泵业有限公司,100,A
四川省新瑞胜达信息技术有限公司,80,B
四川省新视达科技有限公司,100,A
四川省新都永志印务有限公司,100,A
四川省新都美河线缆厂,100,A
四川省新鸿通信工程有限公司,90,A
四川省新鹿药业有限公司,70,C
四川省旺达生物饲料股份有限公司,95,A
四川省昊峰网络科技有限责任公司,100,A
四川省昊旺机械有限公司,100,A
四川省明一建设工程有限公司,95,A
四川省明厚天信息技术股份有限公司,95,A
四川省星时代智能卫星科技有限公司,90,A
四川省星百云佳智能科技有限公司,100,A
四川省晋萃科技有限公司,90,A
四川省晟宏祥质检技术服务有限公司,90,A
四川省智慧城市照明工程有限公司,100,A
四川省智晓工程项目管理咨询有限公司,90,A
四川省智航宏业科技有限公司,90,A
四川省有色冶金研究院有限公司,100,A
四川省有色矿冶科技有限公司,85,B
四川省朝霆科技有限责任公司,90,A
四川省机械技术服务中心有限责任公司,85,B
四川省机械研究设计院（集团）有限公司,100,A
四川省杜一生生物医药科技有限公司,90,A
四川省松泽安全技术有限公司,100,A
四川省极域科技有限公司,100,A
四川省林圃田科技有限公司,90,A
四川省林泽环境科技有限公司,95,A
四川省树生智慧科技有限公司,85,B
四川省桑瑞光辉标识系统股份有限公司,90,A
四川省梦创卿尘电子商务有限公司,80,B
四川省梦捷科技有限公司,90,A
四川省橄榄绿勘测设计有限公司,90,A
四川省欣牧人生物科技有限公司,100,A
四川省欧玛科技有限公司,100,A
四川省正鑫农业科技有限公司,100,A
四川省每文环保科技有限公司,100,A
四川省民和鑫新材料科技有限公司,100,A
四川省水立方环保工程有限公司,100,A
四川省水网信息科技有限责任公司,90,A
四川省永亨实业有限责任公司,100,A
四川省汇泉罐头食品有限公司,95,A
四川省汇电送变电工程有限公司,100,A
四川省汉城石油机械有限公司,80,B
四川省泉达装饰工程有限公司,100,A
四川省津诚纸业有限公司,95,A
四川省测绘技术服务中心有限责任公司,90,A
四川省海创电气有限责任公司,100,A
四川省海旻科技有限公司,100,A
四川省海蓝晴天环保科技有限公司,80,B
四川省满江红食品科技有限公司,55,E
四川省澳博互动科技有限公司,90,A
四川省瀚博星辰档案管理有限公司,100,A
四川省炎立信息技术有限公司,100,A
四川省炬美奥世文化发展集团有限公司,95,A
四川省煊煊科技有限公司,90,A
四川省物流信息服务有限公司,100,A
四川省环保科技工程有限责任公司,95,A
四川省环宇众冠科技发展有限公司,90,A
四川省环科源科技有限公司,100,A
四川省环科院科技咨询有限责任公司,100,A
四川省珂华利远科技有限公司,100,A
四川省珏源祥半导体技术有限公司,90,A
四川省理化计量无损检测有限责任公司,100,A
四川省瑜仁嘉卫生技术服务有限公司,90,A
四川省瑞云生态环境科技有限公司,80,B
四川省瑞人网络科技有限公司,100,A
四川省瑞星德科技有限公司,90,A
四川省电力设计院有限公司,100,A
四川省电子信息产业技术研究院有限公司,100,A
四川省电科互联网加产业技术研究院有限公司,90,A
四川省百世兴食品产业有限公司,100,A
四川省百草生物药业有限公司,100,A
四川省百蒂科技有限公司,100,A
四川省皮革研究所有限公司,90,A
四川省盛源鑫智能电气有限责任公司,100,A
四川省盛臻科技有限公司,90,A
四川省真如视界科技有限公司,75,C
四川省祥业机械铸造有限公司,55,E
四川省祥源恒防水工程有限公司,100,A
四川省福悦测绘有限公司,100,A
四川省科凌仕净化科技有限公司,90,A
四川省科力为电子信息科技有限公司,100,A
四川省科嘉环境科技有限公司,100,A
四川省科学器材公司,100,A
四川省科建煤炭产业技术研究院有限公司,90,A
四川省科思诺新材料科技有限公司,80,B
四川省科本哈根能源科技有限公司,55,E
四川省科欣医药贸易有限公司,95,A
四川省科源工程技术测试中心有限责任公司,100,A
四川省科源煤矿瓦斯煤层气工程研究中心有限公司,100,A
四川省科能工业设备制造有限公司,100,A
四川省秭源建设工程有限公司,80,B
四川省第六建筑有限公司,70,C
四川省筚蓝项目管理有限公司,90,A
四川省简阳天府脱模材料有限公司,100,A
四川省简阳川田机械阀业有限公司,80,B
四川省简阳市兴华教学仪器设备有限公司,100,A
四川省简阳市川力机械制造有限责任公司,100,A
四川省简阳市建川实业有限公司,95,A
四川省简阳空冷器制造有限公司,90,A
四川省精瑞峰科技有限责任公司,100,A
四川省精跃工程咨询有限公司,100,A
四川省红九久调味品有限公司,100,A
四川省红广科技有限公司,90,A
四川省纺织科学研究院有限公司,100,A
四川省细胞库有限公司,90,A
四川省绿洲环保工程有限公司,90,A
四川省美程天下科技有限公司,100,A
四川省老黄牛科技有限公司,100,A
四川省职方科技有限公司,100,A
四川省联创辉煌油田科技服务有限公司,90,A
四川省聚和高分子材料有限公司,70,C
四川省聚贤通信工程有限公司,100,A
四川省胜男农业开发有限公司,100,A
四川省腾图建设工程有限公司,100,A
四川省腾森科技有限公司,100,A
四川省腾达电力器材制造有限公司,100,A
四川省自主可控电子信息产业有限责任公司,90,A
四川省自然资源勘察设计集团有限公司,100,A
四川省自然资源投资集团物探勘查院有限公司,100,A
四川省臻安建科实业有限公司,100,A
四川省舒特科技有限责任公司,100,A
四川省舫棰科技有限责任公司,100,A
四川省艺蜀中星文化发展有限公司,100,A
四川省艾耳能科技有限公司,100,A
四川省花秋茶业有限公司,50,E
四川省英联国泰科技有限公司,100,A
四川省莱沃云创科技有限公司,100,A
四川省菱璞科技有限责任公司,90,A
四川省蜀壹川生态农业科技服务有限公司,90,A
四川省蜀通云汇实业有限公司,85,B
四川省行之行科技有限公司,100,A
四川省衡信环保技术有限公司,90,A
四川省西南建科建筑工程技术有限公司,90,A
四川省西核机电设备制造有限公司,100,A
四川省西格林科技有限公司,100,A
四川省西点能源有限公司,100,A
四川省视频电子有限责任公司,90,A
四川省讯益节能科技有限公司,100,A
四川省诚实安全咨询技术服务有限责任公司,100,A
四川省诚程节能环保科技有限公司,100,A
四川省贝特石油技术有限公司,100,A
四川省轩熹电力工程有限公司,100,A
四川省轻工业研究设计院有限公司,100,A
四川省辛普森动力设备有限公司,80,B
四川省达科特能源科技股份有限公司,80,B
四川省迈瑞可科技有限公司,100,A
四川省远大专用凭证印务有限公司,100,A
四川省远景建筑园林设计研究院有限公司,95,A
四川省迪斯曼科技有限公司,100,A
四川省逍遥畅享科技有限责任公司,90,A
四川省途游天下教育科技有限公司,90,A
四川省通力德节能科技有限公司,85,B
四川省通宇建筑智能工程有限公司,70,C
四川省郫筒酱园有限责任公司,100,A
四川省金润仪器设备有限公司,100,A
四川省金科成地理信息技术有限公司,100,A
四川省金笛服饰有限公司,100,A
四川省金钻地质矿产勘探工程有限责任公司,100,A
四川省金雨节能环保科技有限公司,90,A
四川省鑫垚工程勘察设计有限公司,100,A
四川省鑫好麦的多食品有限公司,90,A
四川省鑫泰宇工程咨询有限责任公司,90,A
四川省鑫牧汇科技有限公司,100,A
四川省铁证工程检测有限公司,100,A
四川省铭涵建筑工程有限责任公司,90,A
四川省银玛亿科技发展有限公司,90,A
四川省锦石慧创科技有限公司,90,A
四川省阳子森环保设备有限公司,100,A
四川省阳家私坊食品开发有限公司,100,A
四川省阿法赛塔科技有限公司,90,A
四川省雅士科技有限公司,100,A
四川省集创科技有限责任公司,100,A
四川省雨之水科技有限公司,100,A
四川省雨燃环境科技有限公司,90,A
四川省非图文化传播有限公司,90,A
四川省韬光通信有限公司,100,A
四川省食品发酵工业研究设计院有限公司,100,A
四川省鼎宸科技发展有限公司,100,A
四川省鼎耀德岩土勘察设计有限公司,65,D
四川省鼎讯科技股份有限公司,100,A
四川省龙丹纳科技有限公司,100,A
四川省龙澜科技有限公司,100,A
四川真查源科技有限公司,90,A
四川真理电子商务有限公司,90,A
四川真驹检验检测有限公司,90,A
四川眨眼科技有限公司,100,A
四川眷诚土木工程有限公司,100,A
四川眷诚天佑科技有限公司,80,B
四川督信工程试验检测有限责任公司,100,A
四川睿云数联科技有限公司,100,A
四川睿信极致科技有限责任公司,90,A
四川睿信极致科技有限责任公司,90,A
四川睿凌建设集团有限公司,100,A
四川睿华新新能源科技有限公司,90,A
四川睿博达科技有限公司,100,A
四川睿友智云科技有限公司,100,A
四川睿奇威科技有限公司,90,A
四川睿宇科技有限公司,80,B
四川睿尔琪科技有限公司,90,A
四川睿文骁阳科技有限公司,90,A
四川睿方科技有限公司,100,A
四川睿欧莱资科技有限公司,90,A
四川睿烨科技有限公司,90,A
四川睿盈源科技有限责任公司,100,A
四川睿立科技有限公司,100,A
四川睿美地生态环境科技有限公司,90,A
四川睿至大数据科技有限公司,65,D
四川睿致企业孵化管理有限公司,80,B
四川睿象科技有限公司,90,A
四川睿辰科技有限公司,90,A
四川睿迪澳科技有限公司,100,A
四川睿道知识产权服务有限公司,100,A
四川睿铁科技有限责任公司,100,A
四川睿频科技有限公司,100,A
四川睿鸿星应用技术研究有限公司,90,A
四川瞩目影视科技有限公司,90,A
四川瞪羚腾光科技有限公司,90,A
四川瞭望工业自动化控制技术有限公司,100,A
四川瞭望环保科技有限公司,100,A
四川瞳兴网络科技有限公司,90,A
四川知周科技有限责任公司,100,A
四川知如企业管理集团有限责任公司,90,A
四川知微传感技术有限公司,100,A
四川知我者科技有限公司,90,A
四川知数智慧科技有限公司,90,A
四川知本生物工程有限公司,90,A
四川知汇通科技有限公司,90,A
四川知源数金信息技术有限公司,90,A
四川知睿华业科技有限公司,90,A
四川知行信科网络技术有限公司,90,A
四川知行天下企业服务有限公司,90,A
四川知行志成科技有限公司,100,A
四川知行悦享科技有限公司,90,A
四川知鹿科技有限公司,90,A
四川石化雅诗纸业有限公司,85,B
四川石子花信息科技有限责任公司,90,A
四川石心科技有限公司,100,A
四川码嘟嘟科技有限公司,90,A
四川研宝科技有限公司,100,A
四川研旭科技有限公司,100,A
四川研熠科技有限公司,100,A
四川研科科技有限公司,90,A
四川研途教育科技集团有限公司,90,A
四川砥弘科技有限公司,90,A
四川砼道科技有限公司,100,A
四川硒莱坞科技有限公司,90,A
四川硕悦教育科技有限公司,90,A
四川碧海翠特环境智能科技有限公司,90,A
四川碳世界科技有限公司,100,A
四川碳智汇科技有限公司,90,A
四川碳硅氧新材料有限公司,100,A
四川碳索环保科技有限公司,90,A
四川磐达照明股份有限公司,100,A
四川磨子科技有限公司,90,A
四川祈铭科技有限公司,90,A
四川神佑科技有限公司,55,E
四川神卫应急技术研究有限公司,90,A
四川神州天宇科技有限责任公司,100,A
四川神州智云自动化技术有限公司,90,A
四川神州绿创智慧能源有限责任公司,90,A
四川神州联创科技有限责任公司,90,A
四川神州雅韵科技有限公司,95,A
四川神工钨钢刀具有限公司,100,A
四川神探网络科技有限公司,90,A
四川神琥科技有限公司,100,A
四川神石高纯材料科技有限公司,90,A
四川神鸟世纪科技有限公司,90,A
四川神龙科技股份有限公司,85,B
四川祥信合商务咨询有限公司,90,A
四川祥和弘瑞科技有限公司,90,A
四川祥和鸟服饰有限公司,70,C
四川祥恒包装制品有限公司,100,A
四川祥瑞达信息技术有限公司,100,A
四川祥锋瑞建设工程有限公司,90,A
四川祥龙茧丝绸发展有限公司,100,A
四川祯祥和科技发展有限公司,100,A
四川福利云科技有限公司,80,B
四川福友塑业有限公司,100,A
四川福地旅游投资管理有限公司,100,A
四川福帆科技有限公司,90,A
四川福思达生物技术开发有限责任公司,80,B
四川福摩数字科技有限公司,100,A
四川福泰美科技有限公司,100,A
四川福济生鸿医疗科技有限公司,100,A
四川福润印务有限责任公司,100,A
四川福生源科技有限公司,90,A
四川福立盟智慧环保大数据有限公司,90,A
四川福莫斯工业技术有限公司,100,A
四川福豆科技有限公司,90,A
四川福鹏绿科环保材料有限公司,100,A
四川禹信安电子科技有限公司,90,A
四川禹安科技有限公司,50,E
四川禹慕科技有限公司,90,A
四川禺京科技有限公司,100,A
四川离骚科技有限公司,90,A
四川禾业科技有限公司,100,A
四川禾九消防工程有限公司,100,A
四川禾亿制药有限公司,100,A
四川禾智诚科技有限公司,100,A
四川禾木源药业有限公司,90,A
四川禾构环保科技有限公司,90,A
四川禾润天成农业科技有限公司,90,A
四川禾田义信科技有限公司,90,A
四川禾田空间文化传媒有限公司,90,A
四川禾诚新能源科技有限公司,85,B
四川禾雨星辉科技有限公司,90,A
四川私慕科技有限公司,90,A
四川秉和环保科技有限公司,100,A
四川秉真科技有限公司,90,A
四川种都高科种业有限公司,95,A
四川科亦昂科技有限公司,90,A
四川科伦博泰生物医药股份有限公司,100,A
四川科伦斗山生物技术有限公司,100,A
四川科伦药业股份有限公司,90,A
四川科伦药物研究院有限公司,100,A
四川科信汇锦科技有限公司,90,A
四川科信环保工程有限公司,90,A
四川科兴达密封件有限公司,90,A
四川科创源洁净工程有限公司,100,A
四川科力特机械设备有限公司,100,A
四川科力特油气技术服务有限公司,100,A
四川科劲生物科技有限公司,100,A
四川科华天府科技有限公司,100,A
四川科华展示设备有限公司,100,A
四川科图信息技术有限公司,90,A
四川科域企业服务有限公司,90,A
四川科大思宇科技有限公司,100,A
四川科奥达技术有限公司,100,A
四川科安数码科技有限公司,100,A
四川科尔威光电科技有限公司,100,A
四川科库科技有限公司,100,A
四川科弘医疗器械有限公司,100,A
四川科思精密模具股份有限公司,100,A
四川科斯特自动化设备有限公司,100,A
四川科施福企业管理集团有限公司,90,A
四川科智洁环保科技有限公司,100,A
四川科朗电子技术有限公司,100,A
四川科检检测技术有限公司,100,A
四川科模应数科技有限公司,90,A
四川科正检测技术有限公司,100,A
四川科比科油气工程有限公司,100,A
四川科比科科技有限公司,90,A
四川科泰世纪环保工程有限公司,100,A
四川科泰智能电子有限公司,100,A
四川科特空间科技有限公司,95,A
四川科瑞源信息科技有限公司,90,A
四川科瑞种业有限公司,95,A
四川科瑞纳信息技术有限公司,100,A
四川科瑞航电子科技有限责任公司,85,B
四川科瑞远航信息技术有限公司,100,A
四川科电智能技术有限责任公司,90,A
四川科盛新环境科技有限公司,100,A
四川科硕互动网络科技有限公司,90,A
四川科立达智能系统有限公司,90,A
四川科维兴华科技有限公司,90,A
四川科维实业有限责任公司,100,A
四川科维迪电气有限公司,100,A
四川科耐科技有限公司,90,A
四川科能锂电有限公司,70,C
四川科莱迪科技有限公司,90,A
四川科路泰交通科技有限公司,100,A
四川科达乐科技有限公司,90,A
四川科迈斯电器有限公司,100,A
四川科迪燃气管道防腐有限公司,100,A
四川科道芯国智能技术股份有限公司,100,A
四川科道芯国智能技术股份有限公司,100,A
四川科道芯国智能技术股份有限公司,95,A
四川科锐新激光科技有限公司,90,A
四川科陆新能电气有限公司,95,A
四川科鲁睿工程设计有限公司,90,A
四川秒加智慧科技有限公司,90,A
四川积健智慧科技有限公司,100,A
四川积善之家药业有限公司,100,A
四川积木智慧智造科技有限公司,90,A
四川程鑫生态农业开发有限公司,90,A
四川税划算企业管理有限公司,90,A
四川稷下科技有限责任公司,90,A
四川稽山科技有限公司,90,A
四川穹鼎信息技术有限公司,90,A
四川空分医用设备工程股份有限公司,95,A
四川空分设备（集团）有限责任公司,80,B
四川空天增材科技有限公司,90,A
四川空白创想数字科技有限公司,90,A
四川空间座标信息科技有限公司,100,A
四川窈歌建材有限公司,90,A
四川窝特智能科技有限公司,100,A
四川立德种苗科技有限公司,90,A
四川立普威陆科技有限公司,100,A
四川立维空间信息技术有限公司,90,A
四川立蓝水务有限公司,65,D
四川立达利科技有限公司,90,A
四川竑信达建筑工程有限责任公司,90,A
四川竞本科技有限公司,90,A
四川竣鸿工程项目管理有限公司,100,A
四川童川纸业有限公司,90,A
四川童燊防水工程有限公司,100,A
四川笃行致信科技有限公司,80,B
四川笙恺科技有限公司,90,A
四川笛思科技有限公司,90,A
四川符号科技有限公司,90,A
四川第尔电气成套设备有限公司,100,A
四川筑小家科技有限公司,90,A
四川筑盾人防工程设备有限公司,100,A
四川筱辉建设工程有限公司,100,A
四川简医科技有限公司,100,A
四川简慧展科技有限公司,90,A
四川简物与乐文化创意有限公司,90,A
四川简达金属构件有限公司,45,E
四川简阳海特有限公司,100,A
四川简阳瑞特机械设备有限公司,95,A
四川米城科技集团有限公司,90,A
四川米果码信息技术有限公司,100,A
四川米特睿慧创科技有限责任公司,90,A
四川米瑞科信息技术有限公司,100,A
四川精伍轨道交通科技有限公司,100,A
四川精准医疗科技有限责任公司,80,B
四川精创国芯科技有限公司,100,A
四川精创通信网络维护有限公司,100,A
四川精宜嘉信园林景观工程有限公司,95,A
四川精容数安科技有限公司,100,A
四川精方智慧科技有限公司,90,A
四川精智仪表科技有限公司,100,A
四川精正建设管理咨询有限公司,95,A
四川精灵球环保科技有限公司,90,A
四川精益成科技有限公司,90,A
四川精益永创科技有限公司,85,B
四川精益致远科技有限公司,90,A
四川精益通多语信息科技有限公司,100,A
四川精艺防伪科技有限公司,85,B
四川精英博鼎智教育咨询有限公司,80,B
四川精诚名医医疗股份有限公司,100,A
四川精诚智达网络技术有限公司,90,A
四川精迅产品质量检测有限公司,100,A
四川精酿原酒标准技术服务有限公司,90,A
四川素问天码科技有限公司,100,A
四川索图软件有限责任公司,100,A
四川索安机电工程有限公司,100,A
四川索牌科技股份有限公司,100,A
四川索玛新材料科技有限公司,90,A
四川索维斯信息技术有限公司,100,A
四川索能智信科技有限公司,100,A
四川索芯成半导体科技有限公司,90,A
四川索路科技有限公司,100,A
四川紫云之光科技有限公司,100,A
四川紫荆花开智能网联汽车科技有限公司,80,B
四川紫荆花药业有限公司,80,B
四川红光汽车机电有限公司,80,B
四川红孩儿游乐设备集团有限公司,100,A
四川红宇创智信息科技有限责任公司,100,A
四川红宇达泰智能工程有限公司,90,A
四川红山世纪科技有限公司,100,A
四川红山红科技有限公司,90,A
四川红岸基地智能科技有限公司,100,A
四川红指针科技有限公司,90,A
四川红番茄科技有限公司,100,A
四川红研文化传播有限公司,90,A
四川红茄科技有限公司,100,A
四川红蜂科技有限公司,100,A
四川纬德数字技术有限公司,90,A
四川纬易企业管理咨询有限公司,90,A
四川纬远科技有限公司,100,A
四川纯洁科技有限公司,100,A
四川纯源勘察设计有限公司,90,A
四川纯真世纪生活服务有限公司,100,A
四川纯阳润森节能环保有限公司,100,A
四川纳加信息技术有限公司,100,A
四川纳卡检测服务有限公司,90,A
四川纳夷科技有限公司,90,A
四川纳川致远新能源科技有限公司,90,A
四川纳敏生物科技有限公司,90,A
四川纳菲特电子科技有限公司,90,A
四川纵横六合科技股份有限公司,100,A
四川纵横测控技术股份有限公司,100,A
四川纷领信息技术有限公司,100,A
四川纸上行文化发展有限公司,90,A
四川纸捷购纸业有限责任公司,100,A
四川纽代尔特科技有限公司,90,A
四川纽安能科技有限公司,90,A
四川纽瑞特医药科技股份有限公司,100,A
四川纽睿科技有限公司,100,A
四川纽豪斯建筑工程有限公司,100,A
四川纽赛特工业机器人制造有限公司,100,A
四川终结科技有限公司,90,A
四川经纬万达科技有限公司,90,A
四川经纬天地科技有限公司,90,A
四川经纬年华文化传媒有限公司,90,A
四川经纬度生物科技有限公司,90,A
四川经纬汉方软件科技有限公司,90,A
四川继圣开世教育科技有限公司,90,A
四川绮沄装饰工程有限公司,90,A
四川维亚本苑生物科技有限公司,100,A
四川维优科技有限责任公司,90,A
四川维嘉增材制造技术有限公司,90,A
四川维奥制药有限公司,95,A
四川维孚科技有限公司,90,A
四川维度电子科技有限公司,100,A
四川维思模医疗科技有限公司,90,A
四川维数立方教育科技有限公司,90,A
四川维柯拓科技有限公司,90,A
四川维泰科创石油设备制造有限公司,90,A
四川维珍高新材料有限公司,100,A
四川维觉信息技术有限公司,90,A
四川维赛特科技有限公司,100,A
四川绿之境园林工程有限公司,95,A
四川绿境科兴环境科技有限公司,90,A
四川绿安特环保科技有限公司,100,A
四川绿微生物科技有限公司,100,A
四川绿树建设工程有限公司,100,A
四川绿水环保工程有限公司,100,A
四川绿沃创新环保工程有限公司,100,A
四川绿洲商旅科技有限公司,100,A
四川绿源环保技术开发有限公司,90,A
四川绿源聚能环保科技有限责任公司,100,A
四川绿源诚科技有限公司,100,A
四川绿源集科技有限公司,100,A
四川绿溢源农业科技有限公司,100,A
四川绿满堂环保工程有限公司,90,A
四川绿能芯动科技有限公司,100,A
四川绿臣环境资源管理咨询有限公司,90,A
四川绿色方舟检测技术有限公司,90,A
四川绿色本草科技发展有限公司,70,C
四川绿豆芽信息技术有限公司,100,A
四川绿阳公盈科技集团有限公司,90,A
四川绿高生态农业科技开发有限公司,90,A
四川缔之源新能源科技有限公司,100,A
四川编编科技有限公司,90,A
四川缘聚汇科技有限公司,90,A
四川缪斯科技有限公司,90,A
四川网动光电子技术有限公司,100,A
四川网极智元科技有限公司,90,A
四川网格新通科技有限公司,100,A
四川网联万家科技有限公司,90,A
四川网联电气有限公司,100,A
四川网诚科技有限公司,100,A
四川网达科技有限公司,90,A
四川网达软件技术有限公司,100,A
四川署信驱动科技有限公司,90,A
四川羌创科技有限公司,90,A
四川美丰源农业科技有限公司,100,A
四川美亚联环保技术有限公司,100,A
四川美兰逸品装饰装修工程有限公司,90,A
四川美卡莱汽车配件有限公司,95,A
四川美厕科技有限公司,90,A
四川美味源食品有限公司,100,A
四川美域高生物医药科技有限公司,90,A
四川美奥斯通科技有限公司,90,A
四川美安信创信息技术有限公司,90,A
四川美康医药软件研究开发股份有限公司,100,A
四川美忆国际旅行社有限公司,90,A
四川美懋软件科技有限公司,90,A
四川美斯特机械设备有限公司,80,B
四川美森信息技术有限公司,70,C
四川美泰恩能源科技有限公司,90,A
四川美珠实业有限公司,85,B
四川美科奇生物科技有限公司,90,A
四川美立方环保科技有限公司,90,A
四川美艺阁装饰工程有限公司,90,A
四川美萱园林绿化工程有限公司,90,A
四川美视界环境艺术工程有限公司,95,A
四川美谷展览展示有限公司,100,A
四川美辰软通科技有限公司,90,A
四川美迪科医疗科技有限公司,90,A
四川美途电子科技有限公司,90,A
四川美鑫盛利商务信息咨询服务有限公司,70,C
四川美龙洗涤服务有限公司,90,A
四川群峰科技有限公司,90,A
四川群源科技有限公司,85,B
四川群英创能光电科技有限公司,85,B
四川群青新材料科技有限公司,100,A
四川羽医医疗管理有限公司,90,A
四川羽润晨环保科技有限公司,90,A
四川羿人数码科技有限公司,90,A
四川翎锋科技有限公司,85,B
四川翔品医疗科技有限公司,90,A
四川翔展信息技术有限公司,90,A
四川翔越电力线路构件有限公司,100,A
四川翠鸟看看网络科技有限公司,90,A
四川翰森科技有限公司,100,A
四川翰鼎工程设计有限公司,100,A
四川翼云通讯信息技术有限公司,100,A
四川翼加沃通信科技有限公司,90,A
四川翼联创新科技有限公司,100,A
四川翼飞科技有限公司,100,A
四川翼飞腾科技有限公司,85,B
四川翼飞视科技有限公司,95,A
四川耀农农业装备有限公司,100,A
四川耀农机电科技有限公司,100,A
四川耀安环境科技有限公司,100,A
四川耀舜建设工程有限公司,100,A
四川老徐智控互联科技有限公司,90,A
四川老快计财税科技有限公司,90,A
四川耘之培教育科技有限责任公司,90,A
四川联众成环保科技有限公司,100,A
四川联众竞达科技有限公司,100,A
四川联保天下信息技术服务有限公司,100,A
四川联创拓远信息技术有限公司,90,A
四川联创新仪科技有限公司,100,A
四川联创智达科技有限公司,90,A
四川联华纵横信息技术有限公司,100,A
四川联友电讯技术有限公司,85,B
四川联合佰豪集团有限公司,100,A
四川联合环境交易所有限公司,90,A
四川联建信通科技集团有限公司,90,A
四川联恒工程咨询监理有限公司,100,A
四川联昌卫康检测技术有限公司,90,A
四川联星环保科技有限公司,100,A
四川联智科技有限责任公司,100,A
四川联横利谱生物科技有限公司,90,A
四川联欣启成科技有限公司,90,A
四川联欣科技服务有限公司,90,A
四川联海文化传播有限责任公司,90,A
四川联畅信通科技有限公司,100,A
四川联畅工业设计有限公司,100,A
四川联疆科技有限公司,90,A
四川联菲科技有限公司,90,A
四川联颐科技集团有限公司,85,B
四川联颐科技集团有限公司,85,B
四川联颐科技集团有限公司,85,B
四川聚之丰文化发展有限公司,90,A
四川聚云付信息技术有限公司,90,A
四川聚仁德汇建设工程有限公司,100,A
四川聚优智品标识制作有限公司,80,B
四川聚典新业科技有限公司,90,A
四川聚创欣荣科技有限公司,100,A
四川聚力创汇科技有限公司,90,A
四川聚力麦林科技有限公司,90,A
四川聚变未来航空科技有限公司,80,B
四川聚和兴农业科技有限公司,85,B
四川聚商节能科技股份有限公司,75,C
四川聚商节能科技股份有限公司,75,C
四川聚坤农业开发有限公司,100,A
四川聚塔峰汇数据服务有限公司,100,A
四川聚客游科技有限公司,90,A
四川聚峰谷农业科技开发有限公司,55,E
四川聚川诚名网络科技有限公司,100,A
四川聚川雨环保科技有限公司,90,A
四川聚师傅科技有限公司,90,A
四川聚星建筑工程有限公司,90,A
四川聚益先尚网络科技有限公司,90,A
四川聚省科技有限公司,90,A
四川聚福田科技有限公司,90,A
四川聚能仁和新材料有限公司,100,A
四川聚能峰科技有限公司,100,A
四川聚能滤材有限公司,100,A
四川聚蓉慧明鑫科技有限公司,90,A
四川聚蓉智创科技有限公司,90,A
四川聚鑫联和教育科技有限公司,90,A
四川聚阳创通智能科技有限公司,90,A
四川聚阳科技有限公司,100,A
四川聚阳腾达科技有限公司,90,A
四川聪德快新能源科技有限公司,90,A
四川肯耐特建筑智能工程有限公司,100,A
四川育强本草生物技术有限公司,90,A
四川育才阁教育科技有限责任公司,90,A
四川育良检测有限公司,100,A
四川胜任力人力资源测评咨询有限公司,100,A
四川胜捷消防设备制造有限公司,95,A
四川胜桦电缆有限公司,100,A
四川胜者为王知识产权代理有限公司,85,B
四川胜蓝科技工程有限责任公司,100,A
四川胜驾科技有限公司,90,A
四川胡星科技有限公司,90,A
四川胡浩波建筑装饰设计工程有限公司,100,A
四川能业科技有限公司,90,A
四川能信科技股份有限公司,100,A
四川能士科技发展有限公司,95,A
四川能康健生物科技有限公司,85,B
四川能投云天信息技术有限责任公司,80,B
四川能投云电科技有限公司,100,A
四川能投光电有限公司,90,A
四川能投天府新能源研究院有限公司,90,A
四川能投天府新能源研究院有限公司,90,A
四川能投建工集团设计研究院有限公司,100,A
四川能投智慧光电有限公司,85,B
四川能节环保科技有限公司,90,A
四川能达康健康科技有限公司,80,B
四川脉得影深信息技术有限公司,90,A
四川脊健科技有限公司,100,A
四川腾利恒欣科技有限公司,85,B
四川腾华智控科技有限公司,100,A
四川腾楚科技有限公司,100,A
四川腾狮科技有限公司,90,A
四川腾盾科技有限公司,100,A
四川腾联信息科技有限公司,90,A
四川腾辰科技有限公司,100,A
四川腾道科技有限公司,90,A
四川腾锐迪科技有限公司,90,A
四川腾颢环保工程有限公司,100,A
四川腾飞航空实业有限公司,100,A
四川腾鼎建设工程有限公司,100,A
四川臣铠冷链物流有限公司,100,A
四川自主科技有限公司,90,A
四川自由健信息科技有限公司,90,A
四川臬辉科技有限公司,85,B
四川至久尚云科技服务有限公司,100,A
四川至善唯新生物科技有限公司,90,A
四川至善电子商务有限公司,90,A
四川至圣科技有限公司,90,A
四川至尚信和科技有限公司,90,A
四川至美之行文化旅游发展有限公司,90,A
四川至美环境管理有限公司,95,A
四川至臻精密光学有限公司,100,A
四川至诚顶峰包装设计有限公司,100,A
四川致信明道科技有限责任公司,100,A
四川致力众合信息技术有限公司,80,B
四川致和博视科技有限公司,100,A
四川致和海越工程建设管理有限公司,90,A
四川致坚医疗科技有限公司,90,A
四川致新汇聚科技有限公司,90,A
四川致正科技有限公司,90,A
四川致研科技有限公司,100,A
四川致红云贸食品有限公司,90,A
四川致远力行信息技术有限公司,100,A
四川致远协创软件有限公司,100,A
四川臻城科技有限公司,100,A
四川臻砺建科技有限公司,90,A
四川臻美色彩科技有限公司,90,A
四川臻识科技发展有限公司,90,A
四川舍舍广告传媒有限责任公司,65,D
四川舜瑞环境科技有限公司,100,A
四川舜锦农业科技有限公司,90,A
四川航印机械制造有限公司,100,A
四川航启科技发展有限公司,100,A
四川航大新材料有限公司,90,A
四川航天世东科技有限公司,90,A
四川航天世东科技有限公司,90,A
四川航天世东科技有限公司,90,A
四川航天世源科技有限公司,100,A
四川航天世源科技有限公司,100,A
四川航天中天动力装备有限责任公司,100,A
四川航天中天动力装备有限责任公司,100,A
四川航天中天动力装备有限责任公司,100,A
四川航天中瑞建设工程有限公司,100,A
四川航天五源复合材料有限公司,85,B
四川航天信息有限公司,100,A
四川航天信息有限公司,100,A
四川航天信息有限公司,100,A
四川航天建筑工程有限公司,80,B
四川航天拓鑫玄武岩实业有限公司,100,A
四川航天烽火伺服控制技术有限公司,100,A
四川航天烽火伺服控制技术有限公司,100,A
四川航天烽火伺服控制技术有限公司,100,A
四川航天燎原科技有限公司,100,A
四川航天燎原科技有限公司,100,A
四川航天电子设备研究所,85,B
四川航天电子设备研究所,90,A
四川航天电子设备研究所,90,A
四川航天电子设备研究所,90,A
四川航天电子设备研究所,90,A
四川航天电子设备研究所,90,A
四川航天电子设备研究所,90,A
四川航天电子设备研究所,80,B
四川航天电子设备研究所,90,A
四川航天电子设备研究所,100,A
四川航天电子设备研究所,90,A
四川航天电子设备研究所,90,A
四川航天电子设备研究所,100,A
四川航天电子设备研究所,90,A
四川航天电子设备研究所,90,A
四川航天电子设备研究所,90,A
四川航天电子设备研究所,90,A
四川航天电子设备研究所,100,A
四川航天电子设备研究所,100,A
四川航天电子设备研究所,90,A
四川航天电子设备研究所,90,A
四川航天电液控制有限公司,80,B
四川航天神坤科技有限公司,100,A
四川航天神坤装备有限公司,75,C
四川航天红峰科技有限公司,90,A
四川航天计量测试研究所瑞启经营部,90,A
四川航天谦源科技有限公司,100,A
四川航天长征装备制造有限公司,100,A
四川航天长征装备制造有限公司,100,A
四川航天飞宇电子科技有限公司,100,A
四川航宇机械制造有限公司,85,B
四川航宇腾飞科技有限责任公司,90,A
四川航岛检测科技有限公司,100,A
四川航投民芯科技有限公司,90,A
四川航星智造科技有限责任公司,100,A
四川航洋电力工程设计有限公司,100,A
四川航浩科技有限公司,95,A
四川航电微能源有限公司,100,A
四川航空科瑞特工程技术有限公司,100,A
四川航翎都成科技有限公司,75,C
四川航行科技有限公司,100,A
四川航计检测技术有限公司,90,A
四川航越航空科技有限责任公司,95,A
四川航鑫新型建材有限公司,100,A
四川航龙航空工业有限公司,100,A
四川舵手文化传播有限公司,90,A
四川良仕农业科技有限公司,100,A
四川良剂达科技有限公司,90,A
四川良友建设咨询有限公司,90,A
四川良川机械设备有限公司,100,A
四川良策创享信息技术服务有限公司,90,A
四川色加佳软件有限公司,90,A
四川色谱科技有限公司,90,A
四川艺云联众网络科技有限公司,100,A
四川艺巢文化传播有限公司,90,A
四川艺海智能科技有限公司,100,A
四川艺联汇文化传播有限公司,90,A
四川艾医生医疗科技有限公司,100,A
四川艾合智兴生物科技有限公司,90,A
四川艾吉比特科技有限公司,100,A
四川艾声诺仪表科技有限公司,90,A
四川艾娜爵科技有限责任公司,90,A
四川艾宇光科技有限公司,60,D
四川艾尔诺航空金属器材有限公司,75,C
四川艾巴斯环境科技有限公司,100,A
四川艾巴斯环境科技有限公司,100,A
四川艾巴斯环境科技有限公司,100,A
四川艾思可生物科技有限公司,90,A
四川艾思瑞阀门科技有限公司,90,A
四川艾想科技有限公司,95,A
四川艾文思创能源科技有限公司,100,A
四川艾施派尔新材料科技有限公司,100,A
四川艾普斯节能科技有限公司,90,A
四川艾普特信息产业有限公司,90,A
四川艾普耐斯油气工程服务有限公司,100,A
四川艾普视达数码科技有限公司,100,A
四川艾普诺新材料有限公司,100,A
四川艾欧特智能科技有限公司,100,A
四川艾欧达环保科技有限公司,100,A
四川艾浦源智能光电科技有限公司,90,A
四川艾淇照明工程有限公司,90,A
四川艾瑞维尔科技有限公司,80,B
四川艾糖科技有限公司,90,A
四川艾能捷科技有限公司,90,A
四川艾贝斯科技发展有限公司,100,A
四川艾迪克斯医疗科技有限公司,90,A
四川节之源环保工程有限公司,100,A
四川芊龙聚信网络科技有限公司,90,A
四川芯农智慧农业科技服务有限公司,100,A
四川芯力量科技有限公司,90,A
四川芯启源生物科技有限公司,90,A
四川芯呈科技有限公司,90,A
四川芯康达生物科技有限公司,100,A
四川芯测电子技术有限公司,90,A
四川芯海联云科技有限公司,100,A
四川芯益电子材料有限公司,90,A
四川芯码信息技术有限公司,100,A
四川芯诺力科技股份有限公司,90,A
四川芯辰光微纳科技有限公司,100,A
四川花树下文化传播有限公司,90,A
四川花贝儿科技有限公司,90,A
四川花间阁文化传媒有限责任公司,85,B
四川芳嘉祺科技有限公司,90,A
四川芷若建筑有限公司,90,A
四川芸禾农业发展有限公司,90,A
四川苏克流体控制设备股份有限公司,100,A
四川苏净机电设备有限公司,100,A
四川苏洋建材有限公司,95,A
四川苏源环保工程有限公司,100,A
四川苏通交通工程有限公司,100,A
四川若博信息技术有限公司,90,A
四川若寻文化传媒有限公司,90,A
四川若斌生物科技有限责任公司,100,A
四川苦思司名科技有限公司,90,A
四川英卓科技有限责任公司,100,A
四川英喆科技有限公司,90,A
四川英得赛克科技有限公司,100,A
四川英拓企业管理集团有限公司,90,A
四川英捷达医疗科技有限公司,90,A
四川英智祥科技有限公司,100,A
四川英智翔机电有限公司,100,A
四川英海瑞特科技有限公司,100,A
四川英特吉思科技有限公司,90,A
四川英皓环保科技有限公司,100,A
四川英聚鑫科技有限公司,100,A
四川英能基科技有限公司,90,A
四川英诚明达项目管理有限公司,90,A
四川英诺环保设备有限公司,95,A
四川英诺航空科技有限公司,90,A
四川英钛恩科技有限公司,90,A
四川苹果树科技有限公司,90,A
四川茂烨智能科技有限公司,70,C
四川茵地乐科技有限公司,100,A
四川荃银生物科技股份有限公司,95,A
四川荆山通风设备有限公司,95,A
四川荒石教育科技有限公司,90,A
四川荣丰云大数据科技有限公司,90,A
四川荣乐化妆品有限公司,100,A
四川荣光宁海消防科技有限公司,100,A
四川荣养健康科技有限公司,90,A
四川荣创新能动力系统有限公司,90,A
四川荣塑管业集团有限责任公司,100,A
四川荣志盛和建设工程有限公司,100,A
四川荣恩堂中药材有限公司,90,A
四川荣明通信设备有限公司,100,A
四川荣柯智能科技有限公司,100,A
四川荣炳科技有限责任公司,100,A
四川荣盛弘源电力技术有限公司,100,A
四川荣稻科技有限公司,90,A
四川荣视智能科技有限公司,90,A
四川荣讯通科技有限公司,90,A
四川荣辉智能化工程有限公司,100,A
四川荣达铁路机车车辆配件制造有限公司,100,A
四川荣鑫送变电工程有限公司,95,A
四川荣鲤科技有限责任公司,90,A
四川荷福胤禧科技有限公司,90,A
四川莞蓉科技有限公司,90,A
四川莫名信息科技有限公司,95,A
四川莱奥科技有限公司,100,A
四川莱威盛世科技有限公司,85,B
四川莱峰流体设备制造有限公司,100,A
四川莱恩计量检测有限公司,100,A
四川莱源科技有限公司,100,A
四川莱福德科技有限公司成都分公司,90,A
四川莹润数码科技有限公司,100,A
四川菁彭科技服务有限公司,90,A
四川菁瀚科技有限公司,90,A
四川菁能科技有限公司,100,A
四川菩丰堂药业有限公司,90,A
四川菲克科技有限公司,100,A
四川菲博斯科技有限责任公司,90,A
四川菲尔检测技术有限公司,90,A
四川菲尼特数字科技集团有限公司,100,A
四川菲沃德水环境科技有限公司,100,A
四川菲泰迩石化设备有限公司,90,A
四川菲瑞生物技术有限公司,90,A
四川菲罗米特仪表有限公司,100,A
四川菲迪克能源科技有限公司,90,A
四川萃博科技有限公司,90,A
四川萃雅教育科技有限公司,90,A
四川萌点科技有限公司,100,A
四川萍雨科技有限公司,85,B
四川萨里文化传媒有限公司,90,A
四川葵清环保科技有限公司,90,A
四川蒙德斯环保科技有限公司,100,A
四川蒙特新能源科技有限公司,60,D
四川蓁知科技有限公司,90,A
四川蓉仕环保科技有限公司,90,A
四川蓉信开工程设计有限公司,100,A
四川蓉光旭生物科技有限公司,90,A
四川蓉创鼎锋环境科技有限公司,90,A
四川蓉医信科技有限公司,90,A
四川蓉城听风科技有限公司,100,A
四川蓉城蕾茗科技有限公司,100,A
四川蓉府天悦科技有限公司,90,A
四川蓉开电气成套设备有限公司,100,A
四川蓉慧云图科技有限公司,90,A
四川蓉新淮企业管理咨询有限公司,85,B
四川蓉泰环保技术有限公司,100,A
四川蓉测环境检测有限公司,70,C
四川蓉港青创科技有限公司,90,A
四川蓉电科技发展有限公司,100,A
四川蓉科强工程管理咨询有限责任公司,100,A
四川蓉艺汇文化传播有限公司,65,D
四川蓉芯智慧农业科技有限公司,90,A
四川蓉诚中科机械设备有限公司,100,A
四川蓉诚优创环境科技有限公司,100,A
四川蓉诚华塑高分子材料有限公司,100,A
四川蓉诺科技有限公司,100,A
四川蓉资旅游科技股份有限公司,80,B
四川蓉远地测科技有限公司,90,A
四川蓉通达资讯科技有限公司,100,A
四川蓉都源环保科技有限公司,90,A
四川蓉锦巾帼企业管理咨询服务有限公司,90,A
四川蓉青洁华环境工程有限公司,100,A
四川蓓希儿家具有限公司,90,A
四川蓝京鱼互联网科技集团有限公司,90,A
四川蓝优科技有限公司,90,A
四川蓝光优居科技有限公司,60,D
四川蓝光嘉宝服务集团股份有限公司,85,B
四川蓝光英诺生物科技股份有限公司,80,B
四川蓝光金谷环境科技有限公司,70,C
四川蓝净源科技有限公司,90,A
四川蓝凫派教育科技有限公司,90,A
四川蓝动力环保科技有限公司,90,A
四川蓝励医药科技有限公司,100,A
四川蓝图智造科技有限公司,90,A
四川蓝城检测技术有限公司,100,A
四川蓝壹科技有限公司,100,A
四川蓝天星环保科技有限公司,100,A
四川蓝川管道有限公司,100,A
四川蓝手科技有限公司,90,A
四川蓝拓环保科技有限公司,85,B
四川蓝普斯科信息技术有限公司,90,A
四川蓝景光电技术有限责任公司,100,A
四川蓝本数字建造科技有限公司,80,B
四川蓝棕榈科技有限公司,90,A
四川蓝橄榄电子商务有限公司,90,A
四川蓝欣弘科技有限公司,90,A
四川蓝海助梦科技有限公司,85,B
四川蓝海智能装备制造有限公司,100,A
四川蓝海航科技有限公司,100,A
四川蓝灵交通设施工程有限责任公司,100,A
四川蓝狐建筑装饰工程设计有限公司,90,A
四川蓝狐智慧照明工程有限公司,100,A
四川蓝玥湾科技有限公司,90,A
四川蓝电电缆科技有限公司,90,A
四川蓝科源环保科技有限公司,90,A
四川蓝翱兆丰科技有限公司,90,A
四川蓝腾建设工程有限责任公司,95,A
四川蓝色海豚生物科技有限公司,90,A
四川蓝血智造科技有限公司,90,A
四川蓝讯宝迩电子科技有限公司,100,A
四川蓝雨禾环保科技有限公司,100,A
四川蓝韵心理咨询服务有限公司,90,A
四川蓝领带互联科技有限公司,100,A
四川蔚丰云联信息科技有限公司,90,A
四川蔚徕已徕科技有限公司,85,B
四川蔚朗新能源电动车有限公司,90,A
四川蔚蓝康灵医药科技有限公司,90,A
四川蕊源集成电路科技有限公司,90,A
四川蕊源集成电路科技有限公司,90,A
四川蕴华视讯科技有限公司,90,A
四川薪动力科技有限公司,100,A
四川薪图科技有限公司,90,A
四川藤柏间科技有限公司,90,A
四川虎克建设工程有限公司,95,A
四川虎尾兰环保科技有限公司,100,A
四川虎马文化传媒有限公司,75,C
四川虫洞物联送科技有限公司,80,B
四川虹屹科技有限公司,100,A
四川虹广网络科技有限公司,85,B
四川虹微技术有限公司,90,A
四川虹物网络科技有限责任公司,90,A
四川虹端智能科技有限公司,90,A
四川虹视显示技术有限公司,95,A
四川蚁联环保科技有限公司,90,A
四川蚂蚁献策生物科技有限公司,90,A
四川蛙众科技有限公司,90,A
四川蜀之光农业科技有限公司,90,A
四川蜀之慧科技有限公司,90,A
四川蜀侠网络技术有限公司,100,A
四川蜀兴优创安全科技有限公司,100,A
四川蜀兴环创科技有限责任公司,90,A
四川蜀兴鸿阳环保科技有限公司,100,A
四川蜀冷冷暖设备有限公司,100,A
四川蜀凤梧环保科技有限公司,90,A
四川蜀创世通信息科技有限公司,90,A
四川蜀医汇医生集团管理有限公司,90,A
四川蜀地资环科技有限公司,90,A
四川蜀坤行测绘服务有限公司,90,A
四川蜀塔实业有限公司,70,C
四川蜀塔实业有限公司,70,C
四川蜀天峰科技有限公司,100,A
四川蜀天梦图数据科技有限公司,100,A
四川蜀宁科技有限公司,100,A
四川蜀家酿食品有限公司,90,A
四川蜀工公路工程试验检测有限公司,90,A
四川蜀帝管业有限公司,100,A
四川蜀影科技有限公司,90,A
四川蜀易控科技有限公司,100,A
四川蜀月信息技术有限公司,100,A
四川蜀杰通用电气有限公司,100,A
四川蜀水生态环境建设有限责任公司,100,A
四川蜀水阀门有限公司,90,A
四川蜀润地理信息工程有限公司,100,A
四川蜀睿轩广告有限公司,100,A
四川蜀科仪器有限公司,100,A
四川蜀美建筑装饰工程有限公司,95,A
四川蜀美科技有限公司,100,A
四川蜀腾母线有限公司,100,A
四川蜀蓉三合未来生物科技有限公司,90,A
四川蜀蓉新农业科技有限公司,90,A
四川蜀西地质工程勘测集团有限公司,90,A
四川蜀谷仪表科技有限公司,100,A
四川蜀辰信息技术有限责任公司,100,A
四川蜀通信息科技有限公司,100,A
四川蜀道装备科技股份有限公司,95,A
四川蜀道铁路物流有限责任公司,100,A
四川蜀道铁路运维有限责任公司,90,A
四川蜀都地质工程勘察有限公司,95,A
四川蜀铝新材料科技有限公司,80,B
四川蜀锦通助航科技有限公司,100,A
四川蜀龙安全技术咨询服务有限公司,100,A
四川蜂巢智造云科技有限公司,90,A
四川蜗牛咩咩科技有限公司,85,B
四川蜘蛛精网络科技有限公司,90,A
四川蜜蛋网络科技有限公司,100,A
四川蝗虫网络科技有限公司,95,A
四川融创汇智科技有限公司,85,B
四川融开科技有限公司,100,A
四川融易通电子科技有限公司,90,A
四川融海智城科技集团有限公司,90,A
四川融海运通抗震科技有限责任公司,90,A
四川融瑞欣信息技术有限公司,90,A
四川融科华信科技有限公司,100,A
四川融科智联科技有限公司,100,A
四川融视安科技有限公司,100,A
四川融鑫信息科技有限公司,80,B
四川行一科技有限公司,90,A
四川行之智汇知识产权运营有限公司,100,A
四川行动医疗科技股份有限公司,90,A
四川行培教育科技集团有限公司,90,A
四川衡信公路工程试验检测有限公司,85,B
四川衡兴泰工程技术咨询服务有限公司,90,A
四川衡准检测技术有限公司,100,A
四川衡励科技有限公司,90,A
四川衡图勘测规划有限公司,100,A
四川衡太信科技有限公司,90,A
四川衡昇地理信息咨询有限公司,90,A
四川衡测检测技术股份有限公司,100,A
四川衡驰信息技术有限公司,85,B
四川表网科技有限公司,90,A
四川裕凯建设工程有限公司,100,A
四川裕安消防工程有限公司,80,B
四川裕锦峰智能技术有限公司,90,A
四川裕阳军航科技有限公司,100,A
四川西交慧桥科技有限公司,100,A
四川西交路安科技有限公司,90,A
四川西克丰信息技术有限公司,100,A
四川西冶新材料股份有限公司,100,A
四川西冶检测科技有限公司,100,A
四川西出西行科技有限公司,90,A
四川西华通用航空股份有限公司,75,C
四川西南交大土木工程设计有限公司,90,A
四川西南交大铁路发展股份有限公司,95,A
四川西南工程项目管理咨询有限责任公司,100,A
四川西南油大石油工程有限公司,80,B
四川西南直通车新能源科技有限公司,90,A
四川西悦科技有限公司,90,A
四川西文科技有限公司,100,A
四川西斯德科技建设有限公司,95,A
四川西晨智慧农业科技有限公司,90,A
四川西汉电子科技有限责任公司,100,A
四川西油科技服务有限公司,90,A
四川西油致诚石油技术有限公司,100,A
四川西测科技有限公司,100,A
四川西牛智泊科技有限公司,100,A
四川西牛矩阵科技有限公司,85,B
四川西物数码有限责任公司,100,A
四川西物激光技术有限公司,100,A
四川西盾科技有限公司,100,A
四川西蒙屹画电气有限公司,90,A
四川西蜀得信科技有限公司,90,A
四川西谷物联科技有限公司,90,A
四川西部天时网络技术有限公司,90,A
四川西部民生研究院有限责任公司,100,A
四川西部聚鑫化工包装有限公司,100,A
四川西部芯辰集成电路有限公司,90,A
四川西锦智控科技有限公司,90,A
四川西陇科学有限公司,100,A
四川西陇科学有限公司,100,A
四川西陇科学有限公司,100,A
四川西高电气有限公司,100,A
四川西默时代智能科技有限公司,90,A
四川见山科技有限责任公司,100,A
四川见微知著科技有限公司,90,A
四川见路创新科技发展集团有限公司,90,A
四川观堂建筑工程设计股份有限公司,95,A
四川观想科技股份有限公司,100,A
四川观猎科技有限公司,90,A
四川观筑数智科技有限公司,90,A
四川规格智慧生物科技有限公司,90,A
四川觅栩科技有限公司,90,A
四川觅财猫数据科技有限公司,90,A
四川视如美电器有限公司,100,A
四川视慧智图空间信息技术有限公司,90,A
四川视觉幻境科技有限公司,60,D
四川言成科技有限公司,85,B
四川言行相顾科技有限公司,90,A
四川许多云数字科技有限公司,90,A
四川证法科技有限公司,90,A
四川译宝联科技有限公司,100,A
四川译讯信息科技有限公司,100,A
四川诗杰电力设备开发有限公司,100,A
四川诚一诺网络科技有限公司,90,A
四川诚乐成教育科技有限公司,90,A
四川诚信服科技有限公司,100,A
四川诚吉新材料有限公司,100,A
四川诚图杰科科技有限公司,90,A
四川诚宜佳工程管理有限公司,90,A
四川诚德机械有限公司,95,A
四川诚志节能科技有限公司,90,A
四川诚投电力设计有限公司,85,B
四川诚景鑫医药科技有限公司,90,A
四川诚欲达科技有限公司,90,A
四川诚汇金环保科技有限公司,85,B
四川诚聚合科技有限公司,100,A
四川诚育讯科技有限公司,90,A
四川诚自科技有限公司,90,A
四川诚邦测控技术有限公司,100,A
四川诚邦浩然测控技术有限公司,90,A
四川诚铁工程材料有限公司,100,A
四川询星科技有限公司,90,A
四川语墨生物科技有限公司,90,A
四川语立方多语科技有限公司,90,A
四川语立方科技有限公司,90,A
四川语言桥信息技术有限公司,100,A
四川诺乐电动科技有限公司,100,A
四川诺克钻探机械有限公司,100,A
四川诺威仕健康管理有限公司,90,A
四川诺实安全科技有限公司,100,A
四川诺恒信通科技集团有限公司,90,A
四川诺恒通信技术有限公司,100,A
四川诺托斯水利水电工程技术有限公司,90,A
四川诺易优科技有限公司,90,A
四川诺杰斯石油科技有限公司,90,A
四川诺瀚康科技有限公司,90,A
四川诺瀚检测有限公司,100,A
四川诺瀚科技有限公司,100,A
四川诺特科技有限公司,100,A
四川课标科技有限公司,100,A
四川谋席科技有限公司,70,C
四川谐铭科技有限公司,90,A
四川谛达诺科技有限公司,100,A
四川谱识检测技术有限公司,90,A
四川谷田汇科企业管理有限公司,90,A
四川豆丁海马科技有限公司,85,B
四川豆豆数据服务有限公司,90,A
四川象劈叉电子商务有限公司,100,A
四川豪云科技有限公司,90,A
四川豪思特科技有限公司,90,A
四川豪思科技实业有限公司,100,A
四川豪琪线缆有限公司,100,A
四川豪睿和节能科技有限公司,100,A
四川豪能电力有限公司,95,A
四川豪谊光电科技有限公司,90,A
四川豪锐木业新技术发展有限责任公司,100,A
四川豫恩图信息技术有限公司,90,A
四川贝业科技有限公司,100,A
四川贝园科技有限公司,100,A
四川贝尔开林医疗科技有限公司,100,A
四川贝拓贝通科技有限公司,90,A
四川贝瑞特信息技术有限公司,90,A
四川贝能达交通设备有限公司,90,A
四川贞华电气工程有限公司,100,A
四川贞迈智能科技有限公司,100,A
四川货拉满科技有限责任公司,90,A
四川质谱生物科技有限公司,80,B
四川贰捌融创信息技术有限公司,90,A
四川资源树新材料有限公司,90,A
四川赋能智盈企业管理有限责任公司,90,A
四川赛为科技有限公司,100,A
四川赛久智能科技有限公司,90,A
四川赛佰惠信息技术有限公司,90,A
四川赛创博能科技有限公司,90,A
四川赛博创新科技有限公司,100,A
四川赛因斯特生物科技有限公司,90,A
四川赛尔斯科技有限公司,100,A
四川赛尔雷新能源科技有限公司,90,A
四川赛康智能科技股份有限公司,95,A
四川赛昂盛景建筑科技有限公司,90,A
四川赛狄信息技术股份公司,95,A
四川赛睿思科技有限公司,100,A
四川赛福伟业石油技术服务有限公司,100,A
四川赛福威飞机维修服务有限公司,100,A
四川赛科安全技术有限公司,100,A
四川赛纳兄弟网络科技有限公司,100,A
四川赛纳斯分析检测有限公司,100,A
四川赛纳科技有限公司,100,A
四川赛纽斯科技有限公司,90,A
四川赛维康科技有限公司,90,A
四川赛蒙科技有限公司,100,A
四川赛虎科技有限公司,90,A
四川赛诺维企业管理咨询有限公司,90,A
四川赛贝思科技有限公司,90,A
四川赛迅科技有限公司,100,A
四川赛迪克生物医药科技有限公司,100,A
四川赛闯检测股份有限公司,100,A
四川赛高斯科技有限公司,90,A
四川赢信汇通实业有限公司,90,A
四川赢创云商科技有限公司,90,A
四川赢才多多科技有限公司,90,A
四川赢阳智汇科技有限公司,90,A
四川赤壁量化科技有限公司,90,A
四川超弦电子技术有限公司,100,A
四川超影科技有限公司,90,A
四川超益环保科技有限公司,100,A
四川超算时空科技有限公司,90,A
四川超网科技有限公司,100,A
四川超腾达物联科技有限公司,100,A
四川超跃汇智科技有限公司,90,A
四川超远风景园林规划设计有限公司,100,A
四川越陆科技有限公司,90,A
四川趣名师科技有限公司,100,A
四川趣摩科技有限公司,90,A
四川趣美时代科技有限公司,90,A
四川趣问科技有限责任公司,90,A
四川跃上科技有限公司,90,A
四川跃燊智诚科技有限公司,100,A
四川跃顺科技有限公司,90,A
四川跨客通科技有限公司,90,A
四川跨智科技有限公司,100,A
四川跨行电气有限公司,90,A
四川路亚特交通科技有限公司,100,A
四川路冠明辰科技有限公司,90,A
四川路加四通科技发展有限公司,100,A
四川路博信息科技有限公司,100,A
四川路桥高速公路养护有限公司,95,A
四川路腾科技有限公司,100,A
四川路讯达供应链科技有限公司,90,A
四川路路宝环保科技有限公司,70,C
四川路通建设（集团）有限公司,95,A
四川躬乾新能源科技有限公司,100,A
四川车妈妈科技有限公司,100,A
四川车绘邦科技有限公司,90,A
四川车豪科技有限公司,90,A
四川轩可洋建设工程有限公司,90,A
四川轩宇时代科技有限公司,90,A
四川轩扬新材料有限公司,100,A
四川轮胎橡胶（集团）股份有限公司,90,A
四川软测技术检测中心有限公司,90,A
四川载云端科技发展有限公司,90,A
四川辅正药业股份有限公司,100,A
四川辉电启明智能科技有限公司,90,A
四川辉达管业科技有限公司,100,A
四川辉通云联数据科技有限公司,100,A
四川辛安特种门窗有限公司,90,A
四川辛巴创想科技有限公司,90,A
四川辛巴远扬科技有限公司,90,A
四川辣猫信息技术有限公司,75,C
四川辨微科技有限公司,90,A
四川辰华联创科技有限公司,90,A
四川辰微沐阳心理咨询有限公司,90,A
四川辰煜星华信息技术有限公司,90,A
四川辰鳗科技有限公司,90,A
四川辰鸣科技有限责任公司,90,A
四川边界智能科技有限公司,90,A
四川边缘算力科技有限公司,100,A
四川达为安信科技有限公司,90,A
四川达众科技有限公司,90,A
四川达兴工程设计有限公司,100,A
四川达卡电气有限公司,100,A
四川达和吉瑞工程技术有限公司,90,A
四川达坦能源科技有限公司,90,A
四川达威科技股份有限公司,100,A
四川达宇鹏辰科技有限公司,90,A
四川达尔志信息技术有限公司,100,A
四川达成合科技有限责任公司,90,A
四川达易通信息技术有限公司,100,A
四川达标环境检测技术有限公司,90,A
四川达沃斯生态环保科技股份有限公司,95,A
四川达虹宇建筑工程有限公司,70,C
四川达西数字科技有限公司,90,A
四川迅时奥优装饰材料有限公司,90,A
四川迅游网络科技股份有限公司,100,A
四川迅立机电设备有限公司,100,A
四川迅联达智能科技有限公司,90,A
四川迅驰神马信息科技有限公司,90,A
四川迈众天下科技有限公司,90,A
四川迈博科技有限公司,90,A
四川迈博纳贝文化传播有限责任公司,90,A
四川迈可隆生物科技有限公司,90,A
四川迈和科技有限公司,100,A
四川迈客航空科技有限公司,100,A
四川迈捷科技有限责任公司,100,A
四川迈科创智科技有限公司,100,A
四川迈速众享科技有限责任公司,90,A
四川迈铁龙科技有限公司,100,A
四川迈鼎胜制药有限公司,70,C
四川迎华新科技有限公司,90,A
四川运联通达供应链管理有限公司,100,A
四川近日点新能源科技有限公司,90,A
四川近达科技有限公司,90,A
四川进兴信息技术有限公司,90,A
四川进源科技有限责任公司,90,A
四川远信伟科技有限公司,90,A
四川远凡建筑科技股份有限公司,90,A
四川远创工业设备有限公司,90,A
四川远大蜀阳药业有限责任公司,100,A
四川远大蜀阳药业有限责任公司,100,A
四川远大蜀阳药业有限责任公司,100,A
四川远川教育咨询有限公司,90,A
四川远成通达售电有限公司,100,A
四川远星橡胶有限责任公司,100,A
四川远晨物流有限公司,100,A
四川远景达智能科技有限公司,100,A
四川远河物流设备有限公司,100,A
四川远滤科技有限公司,100,A
四川远畅新能源科技有限公司,90,A
四川远瞻安防工程有限公司,100,A
四川远瞻赢实业集团有限公司,100,A
四川远绩物联技术有限公司,100,A
四川远航华诚机械有限公司,100,A
四川远航蜀欣公路工程有限公司,100,A
四川远舰扬帆信息科技有限公司,100,A
四川远通通信有限公司,100,A
四川远邦益安科技有限公司,75,C
四川远防消防技术股份有限公司,90,A
四川远鸣科技有限公司,95,A
四川连冠印务有限公司,90,A
四川连正科技有限公司,90,A
四川迪亚生物科技集团有限公司,90,A
四川迪威消防设备制造有限公司,95,A
四川迪思源科技有限公司,100,A
四川迪思腾科技有限责任公司,100,A
四川迪晟新达类脑智能技术有限公司,90,A
四川迪森沃克建筑装饰工程有限公司,100,A
四川迪瑞机电设备有限公司,90,A
四川迪瑞检测技术有限公司,90,A
四川迪航和信科技有限公司,90,A
四川迪菲特药业有限公司,85,B
四川迪迈尔科技有限公司,90,A
四川述由信息技术有限责任公司,90,A
四川追溯科技有限公司,90,A
四川途欢医疗健康科技有限公司,95,A
四川途谷信息技术有限公司,90,A
四川通丰科技有限公司,85,B
四川通信建设工程有限公司,95,A
四川通信科研规划设计有限责任公司,100,A
四川通力达医疗水处理设备有限公司,95,A
四川通升制冷设备有限公司,90,A
四川通安实业有限公司,90,A
四川通安航天科技有限公司,100,A
四川通广标源低碳科技有限公司,90,A
四川通控智达电气有限公司,100,A
四川通普科技有限公司,90,A
四川通普科技有限公司,100,A
四川通普科技有限公司,90,A
四川通濯人力资源管理有限公司,90,A
四川通盈能源开发有限公司,90,A
四川通维信息技术有限公司,100,A
四川通航智源航空科技有限公司,100,A
四川通通付科技有限公司,100,A
四川通通数智科技有限公司,90,A
四川通驰丰科技有限公司,90,A
四川速图机电有限公司,90,A
四川速宝网络科技有限公司,100,A
四川速聚智联科技有限公司,100,A
四川速肥绿能科技有限公司,90,A
四川逸名环保科技有限公司,100,A
四川逸恒焦点科技有限公司,90,A
四川逸视杰系统集成有限公司,100,A
四川逸览天下文化传播有限公司,90,A
四川逸通达科技有限公司,100,A
四川逸间科技有限责任公司,90,A
四川遂临科技有限公司,100,A
四川道为石油科技有限公司,90,A
四川道亨计算机软件有限责任公司,90,A
四川道勤信业科技有限公司,90,A
四川道勤切削工具有限公司,100,A
四川道威斯顿科技有限公司,100,A
四川道联科技有限公司,90,A
四川道能科润滑科技有限公司,100,A
四川道诚建设工程检测有限责任公司,100,A
四川道通达工程技术有限公司,100,A
四川道铭空间信息技术有限公司,100,A
四川遥喜乐科技有限公司,90,A
四川遥智信息技术有限公司,90,A
四川遥竹智能科技有限公司,90,A
四川邈济生物医药科技有限公司,90,A
四川邑诚科技有限公司,90,A
四川邕合科技有限公司,90,A
四川邕江南湖遥感科技有限公司,90,A
四川邡牌种业有限公司,100,A
四川邻舍科技有限公司,100,A
四川郝斯特油气技术有限公司,100,A
四川都得利管业有限公司,100,A
四川都江机械有限责任公司,65,D
四川都江铸造有限责任公司,95,A
四川都睿感控科技有限公司,100,A
四川都行文化传播有限公司,90,A
四川酒帮天下网络科技有限公司,90,A
四川酷哞哞科技有限公司,100,A
四川酷竖钧科技有限公司,90,A
四川采个够科技有限公司,85,B
四川里来思诺生物科技有限公司,90,A
四川里航科技集团有限公司,100,A
四川重业商贸有限公司,90,A
四川重安教育咨询有限公司,90,A
四川重盟电力设备制造有限公司,100,A
四川野马汽车股份有限公司,65,D
四川野马科技有限公司,100,A
四川量子云商科技有限公司,90,A
四川量子边界科技有限责任公司,90,A
四川量迅科技有限公司,90,A
四川金信合科技有限公司,100,A
四川金信石信息技术有限公司,100,A
四川金元贝科技有限公司,100,A
四川金先生科技有限公司,90,A
四川金兴邑都建筑材料有限公司,100,A
四川金兴防水工程有限责任公司,90,A
四川金典照明工程有限公司,100,A
四川金冠新材料股份有限公司,100,A
四川金凫康农业开发有限公司,90,A
四川金刚智汇科技有限公司,100,A
四川金利泰暖通设备有限公司,100,A
四川金利邦智能科技股份有限公司,90,A
四川金力电缆集团有限公司,100,A
四川金原工程勘察设计有限责任公司,100,A
四川金口袋商务咨询有限公司,90,A
四川金土地实业有限公司,90,A
四川金地田岭涧生物科技有限公司,100,A
四川金地菌类有限责任公司,100,A
四川金城栅栏工程有限公司,95,A
四川金域医学检验中心有限公司,100,A
四川金士诚生物技术有限公司,90,A
四川金奥博新能源科技有限公司,90,A
四川金安特农业股份有限公司,100,A
四川金尚环保科技有限公司,100,A
四川金开工程检测有限公司,100,A
四川金开达科技有限公司,100,A
四川金彧科技有限公司,90,A
四川金恒毅科技有限公司,100,A
四川金慧力电气有限公司,90,A
四川金投科技股份有限公司,90,A
四川金投科技股份有限公司,90,A
四川金投科技股份有限公司,90,A
四川金指南教育科技有限公司,100,A
四川金摩尔环保新材料有限责任公司,100,A
四川金时新能科技有限公司,90,A
四川金星清洁能源装备集团股份有限公司,85,B
四川金星石油化工机械设备有限公司,90,A
四川金汇能新材料股份有限公司,100,A
四川金沐志德科技有限公司,90,A
四川金泓丰科技有限责任公司,90,A
四川金润大宇科技有限公司,95,A
四川金淼建设工程有限公司,100,A
四川金满仓物流有限公司,70,C
四川金澜科技有限公司,100,A
四川金澜达环境科技有限公司,100,A
四川金熊猫新媒体有限公司,100,A
四川金牌农业发展有限公司,100,A
四川金玉诚科技有限公司,90,A
四川金玉麒麟企业管理咨询有限公司,90,A
四川金珠生态农业科技有限公司,75,C
四川金理念科技有限公司,100,A
四川金瑞气体有限公司,55,E
四川金瑞穗科技有限公司,100,A
四川金瑞麒智能科学技术有限公司,90,A
四川金田益尔新材料科技有限公司,90,A
四川金电科技有限公司,90,A
四川金石东方新材料科技有限公司,100,A
四川金石亚洲医药股份有限公司,100,A
四川金石信安科技有限公司,95,A
四川金码科技有限公司,100,A
四川金秋新型建材有限公司,90,A
四川金科林医疗产业发展有限公司,80,B
四川金科环保科技有限公司,85,B
四川金科药业有限责任公司,95,A
四川金童云商科技有限公司,100,A
四川金网通电子科技有限公司,90,A
四川金腾龙商务服务有限公司,90,A
四川金色未来科技有限公司,90,A
四川金色梧桐科技有限责任公司,90,A
四川金艾格农牧机械有限公司,100,A
四川金蓉地科技有限公司,100,A
四川金虹等离子技术有限公司,90,A
四川金蜜信息技术有限公司,90,A
四川金誉成翔科技有限公司,90,A
四川金誉科技有限公司,100,A
四川金诺斯泰环保科技有限公司,100,A
四川金谷园环境检测有限公司,100,A
四川金辰悦净化科技有限公司,90,A
四川金达气安机械制造有限公司,90,A
四川金迪莱网络科技有限公司,90,A
四川金选址信息科技有限公司,90,A
四川金通工程试验检测有限公司,100,A
四川金通检测有限公司,100,A
四川金逸慧到家科技有限公司,90,A
四川金鑫达金属建材有限公司,95,A
四川金钱柜文化传播有限公司,100,A
四川金铠迪马铁路专用设备股份有限公司,90,A
四川金键信息科技有限责任公司,80,B
四川金雅通汽车科技有限公司,60,D
四川金马印象科技环保有限公司,100,A
四川金鹏宏达实业有限公司,100,A
四川金麟信创信息技术有限公司,90,A
四川金麟新智慧城市科技有限公司,80,B
四川鋈新能源科技有限公司,60,D
四川鑫三泰安保科技有限责任公司,90,A
四川鑫中泰新材料有限公司,100,A
四川鑫仁泰药业有限责任公司,80,B
四川鑫倍科技有限责任公司,100,A
四川鑫兴自动化及仪表工程有限责任公司,100,A
四川鑫华邦自动控制技术有限公司,100,A
四川鑫博雅园林景观工程有限公司,100,A
四川鑫和信探测工程技术服务有限公司,100,A
四川鑫和能电力工程有限公司,100,A
四川鑫唐新能源科技有限公司,80,B
四川鑫坤达建筑装饰工程有限公司,100,A
四川鑫多多企业管理有限公司,90,A
四川鑫奥达建筑机械有限公司,90,A
四川鑫宇言科技有限公司,90,A
四川鑫宇鸿图工程管理有限公司,90,A
四川鑫安物联科技有限公司,85,B
四川鑫川丰越科技有限公司,100,A
四川鑫川控电气有限公司,90,A
四川鑫恒森科技有限公司,90,A
四川鑫意联新材料有限公司,100,A
四川鑫昇中成智能信息技术有限公司,90,A
四川鑫晓积庆科技有限公司,90,A
四川鑫普飞数字科技有限公司,95,A
四川鑫智联网络科技有限公司,100,A
四川鑫材东方信息技术有限公司,90,A
四川鑫杭利电气有限公司,95,A
四川鑫森管业有限公司,100,A
四川鑫汇沣实业有限公司,80,B
四川鑫泰乐企业管理有限公司,90,A
四川鑫泽胜科技有限公司,90,A
四川鑫浩诚检测技术有限公司,100,A
四川鑫海工程造价咨询事务所有限公司,100,A
四川鑫涛泛泰信息技术有限公司,90,A
四川鑫涞信息工程有限公司,60,D
四川鑫灿机械制造有限公司,100,A
四川鑫炬矿业资源开发股份有限公司,80,B
四川鑫瑞斯博建筑工程有限公司,90,A
四川鑫瑞景装饰工程有限公司,100,A
四川鑫瑞源光通讯工程有限责任公司,95,A
四川鑫瑞达办公家具有限公司,100,A
四川鑫电电缆有限公司,100,A
四川鑫福石油化工设备制造有限责任公司,100,A
四川鑫科智建科技有限公司,90,A
四川鑫科通信工程有限公司,100,A
四川鑫红江汽车租赁有限公司,100,A
四川鑫艺智联科技有限公司,100,A
四川鑫荣创输送机械有限公司,75,C
四川鑫蓉腾智能科技有限公司,100,A
四川鑫西高电气有限公司,90,A
四川鑫辉致远信息技术服务有限公司,90,A
四川鑫迪源电子科技有限公司,90,A
四川鑫金新科新能源科技有限公司,90,A
四川鑫铖环保科技有限责任公司,100,A
四川鑫阳绿洲环保科技有限公司,90,A
四川鑫露源科技有限公司,100,A
四川鑫霸和阿力克斯新材料科技有限公司,90,A
四川鑫飞测控技术有限公司,90,A
四川鑫鹏远广通科技有限公司,90,A
四川钇德智能科技有限公司,90,A
四川钉牛智能家居有限公司,100,A
四川钛默科技有限公司,100,A
四川钜莘信合科技有限公司,90,A
四川钟义鑫新材料有限公司,70,C
四川钟顺太阳能开发有限公司,100,A
四川钟鸣建设工程有限公司,95,A
四川钢联建环保设备有限公司,100,A
四川钧力成科技有限公司,100,A
四川钧势科技有限公司,100,A
四川钧好科技有限公司,60,D
四川钧泰合众科技有限公司,100,A
四川钧盈鸿医药科技有限公司,100,A
四川钧龙互动科技有限公司,90,A
四川钭进科技有限公司,100,A
四川钱坤云智能科技有限公司,100,A
四川钱坤信息技术有限公司,100,A
四川钺锋机械制造有限公司,90,A
四川钻神智能机械制造有限公司,100,A
四川铁公铁信息技术有限公司,75,C
四川铁宇轨道交通科技有限公司,90,A
四川铁拓科技有限公司,100,A
四川铁科新型建材有限公司,100,A
四川铁航信息技术有限公司,95,A
四川铁马视觉文化传播有限公司,90,A
四川铂泰戈重工机械有限公司,70,C
四川铂钉科技有限公司,80,B
四川铎旺环境检测有限公司,100,A
四川铎烽科技有限公司,90,A
四川铭学智能技术有限公司,100,A
四川铭宏芯瑞科技有限公司,90,A
四川铭川乘宇机电设备有限公司,55,E
四川铭德教育科技有限公司,80,B
四川铭晟鼎航空科技有限公司,90,A
四川铭能科技开发有限公司,100,A
四川铭航兰德科技有限公司,100,A
四川铭航晟新能源有限公司,90,A
四川铭诚国评环保科技有限公司,100,A
四川铭迅科技有限公司,100,A
四川铭铭科技有限公司,100,A
四川铭飞网络科技有限公司,90,A
四川铱金蜀玉文化艺术有限责任公司,90,A
四川银亿科技有限公司,100,A
四川银保通供应链科技有限公司,90,A
四川银利华应用科技有限责任公司,100,A
四川银华世纪信息系统有限公司,100,A
四川银峰文化传播有限公司,100,A
四川银沙科技有限公司,90,A
四川银海天怡信息技术有限公司,100,A
四川银海翼展科技有限公司,100,A
四川银百迪科技有限公司,100,A
四川银网实业有限公司,90,A
四川银谷智联环保科技股份有限公司,100,A
四川铸创安全科技有限公司,100,A
四川铸竣建筑工程有限公司,90,A
四川铺盖科技有限责任公司,90,A
四川链向千禧科技有限公司,90,A
四川链向科技集团有限公司,90,A
四川锐嘉石油科技有限公司,100,A
四川锐图威视科技有限公司,90,A
四川锐工重型液压件厂,95,A
四川锐彩科技有限公司,90,A
四川锐思酷汽车服务有限公司,90,A
四川锐明智通科技有限公司,100,A
四川锐普特医疗设备有限公司,100,A
四川锐智电气科技有限公司,100,A
四川锐朔支护科技有限公司,100,A
四川锐泽建设工程有限公司,100,A
四川锐狐网络科技有限公司,95,A
四川锐立文物保护科技有限公司,100,A
四川锐达昌科技有限公司,90,A
四川锐进工程设计咨询有限公司,90,A
四川锦之源网络科技有限公司,90,A
四川锦云数联科技有限公司,90,A
四川锦信建筑工程有限公司,95,A
四川锦兴蓉和科技有限公司,100,A
四川锦名成建筑工程有限公司,90,A
四川锦和万明科技有限公司,90,A
四川锦城中天智慧科技有限公司,90,A
四川锦城佳禾生态环保科技有限公司,100,A
四川锦城嘉云科技有限公司,90,A
四川锦城建筑机械有限责任公司,80,B
四川锦城御建筑工程技术有限公司,90,A
四川锦城智信建设工程有限公司,65,D
四川锦宇装备有限公司,100,A
四川锦宏辰希科技有限公司,90,A
四川锦官青云科技有限公司,90,A
四川锦尚锦农业开发有限公司,100,A
四川锦成信息技术有限公司,90,A
四川锦新达科技有限公司,100,A
四川锦月扬创科技有限公司,90,A
四川锦樾电力工程有限公司,90,A
四川锦江电子医疗器械科技股份有限公司,100,A
四川锦泰天禄户外用品有限责任公司,100,A
四川锦泰达建筑工程有限公司,70,C
四川锦睿宏源科技有限公司,90,A
四川锦睿智诚科技有限公司,100,A
四川锦睿管业有限公司,90,A
四川锦秀峰业科技服务有限公司,90,A
四川锦程文化传播有限公司,100,A
四川锦绣前程教育咨询有限公司,90,A
四川锦绣山河交通工程有限公司,50,E
四川锦美环保股份有限公司,95,A
四川锦耀科技有限公司,90,A
四川锦联华电器有限公司,60,D
四川锦胜创同环保机械制造有限公司,100,A
四川锦通盛达科技有限公司,100,A
四川锦鑫源医疗器械有限公司,100,A
四川锦顺建设工程有限公司,90,A
四川锦鸿恒创科技有限公司,90,A
四川长和华锂科技有限公司,100,A
四川长园工程勘察设计有限公司,100,A
四川长城软件科技股份有限公司,100,A
四川长江液压天成机械有限公司,100,A
四川长液丰源机械制造有限公司,100,A
四川长照智医科技有限公司,90,A
四川长能装配式建筑科技有限公司,90,A
四川长虹润天能源科技有限公司,90,A
四川长誉信息技术有限公司,90,A
四川长讯信息技术有限公司,100,A
四川长诚智谷信息技术有限公司,100,A
四川长软科技有限公司,100,A
四川长青松科技有限公司,100,A
四川长风致远科技有限公司,100,A
四川闪电到家科技有限公司,90,A
四川闫新江信息科技有限公司,90,A
四川闰宇康羲医疗科技有限公司,90,A
四川闻风讯安科技有限公司,90,A
四川阁空过科技有限公司,90,A
四川阅微环保工程有限公司,90,A
四川阔程科技有限公司,55,E
四川阳亦科技有限公司,90,A
四川阳光上元能源技术有限公司,100,A
四川阳光大地勘测设计有限公司,90,A
四川阳光机电一体化有限责任公司,85,B
四川阳晨环境工程投资有限公司,100,A
四川阳辰信通科技有限公司,100,A
四川阵风科技有限公司,85,B
四川阿么科技有限公司,90,A
四川阿么鞋业有限公司,90,A
四川阿利伯克科技有限公司,100,A
四川阿尔凯电气有限公司,100,A
四川阿尔特新能源汽车有限公司,90,A
四川阿尔西制冷工程技术有限公司,100,A
四川阿帕克生物科技有限公司,100,A
四川阿思科力生物科技有限公司,90,A
四川阿泰因机器人智能装备有限公司,80,B
四川阿海珐电气有限公司,95,A
四川阿门阿前科技有限责任公司,90,A
四川陆王科技有限公司,90,A
四川陆通检测科技有限公司,100,A
四川陆零伍空间信息科技股份有限公司,90,A
四川陆零捌空间信息科技股份有限公司,90,A
四川陆零陆空间信息科技有限公司,90,A
四川陌洋测绘有限公司,100,A
四川陶成腾飞科技有限公司,100,A
四川陶然柑桔新品种研究有限公司,100,A
四川隆和源建设工程有限公司,100,A
四川隆源钜鑫商贸有限公司,90,A
四川隆祚工程咨询有限公司,100,A
四川隆航科技有限公司,100,A
四川隐思保科技有限公司,90,A
四川隧唐科技股份有限公司,95,A
四川雄州慈泓包装材料有限公司,100,A
四川雄港玻璃有限公司,95,A
四川雄风工程设备有限公司,95,A
四川雅新钢结构工程有限公司,100,A
四川雅淳工程项目管理有限公司,90,A
四川雅蓉科技有限公司,100,A
四川雅阁居养老服务有限公司,90,A
四川集众科技有限公司,90,A
四川集创智恒科技有限公司,100,A
四川集卓塑料制品有限公司,90,A
四川集峰众创科技有限公司,90,A
四川集思数源信息技术有限公司,100,A
四川集泓建设工程有限公司,100,A
四川集立方科技有限公司,90,A
四川集结能源科技有限公司,90,A
四川集风智造科技有限公司,90,A
四川雍和科技成果转化服务有限公司,90,A
四川雨之润新材料科技有限公司,90,A
四川雨云慧垒科技有限公司,90,A
四川雨来科技有限公司,90,A
四川雨田交通设施工程有限公司,100,A
四川雨禾源绿建科技有限公司,100,A
四川雪球能源环境科技集团有限公司,100,A
四川雲塞信息技术有限公司,100,A
四川零公里工程构件有限责任公司,100,A
四川零坐标勘察设计有限公司,95,A
四川零域环保科技有限公司,100,A
四川零碳智慧科技有限公司,90,A
四川雷克斯智慧科技股份有限公司,90,A
四川雷兹盾电子科技有限公司,85,B
四川雷得兴业信息科技有限公司,100,A
四川雷星科技有限公司,90,A
四川雷盾科技有限公司,100,A
四川雷神电缆股份有限公司,90,A
四川雷蒙斯科技有限公司,90,A
四川雷行文化产业集团有限公司,100,A
四川雷鸣天健新能源科技有限公司,100,A
四川震强建筑材料有限责任公司,90,A
四川震强绿舍建材有限公司,85,B
四川霍尼尔电气技术有限公司,100,A
四川霜陪水处理科技有限公司,90,A
四川青云世纪大数据有限公司,100,A
四川青云集系统集成有限公司,100,A
四川青云鸿图建设工程有限公司,100,A
四川青俊智能科技有限公司,90,A
四川青城数字科技有限公司,90,A
四川青山长源科技有限公司,80,B
四川青弘科技有限公司,90,A
四川青春意达影视文化有限公司,90,A
四川青木阳光科技有限公司,100,A
四川青末科技有限公司,90,A
四川青源帝科技有限公司,90,A
四川青益纯医药科技有限公司,100,A
四川青禾林草科技有限公司,90,A
四川青禾物业管理有限公司,75,C
四川青程融创科技有限公司,90,A
四川青竹阁科技有限公司,100,A
四川青芒阳光科技有限公司,100,A
四川青霄信息科技有限公司,100,A
四川靓华科技有限公司,90,A
四川静之源环保科技有限公司,100,A
四川静立文化传媒有限公司,90,A
四川革震科技有限公司,90,A
四川鞋唰唰科技有限公司,90,A
四川韦伯斯特国际贸易有限公司,90,A
四川韦克电缆有限公司,95,A
四川韧新药业有限公司,90,A
四川音创伟业科技股份公司,90,A
四川音创数娱科技有限公司,100,A
四川韶讯科技有限公司,100,A
四川顶威科技有限公司,100,A
四川顶洁环保科技有限公司,100,A
四川顶通信息技术有限公司,90,A
四川顶香宴食品有限公司,90,A
四川顺博扬科技有限公司,90,A
四川顺合诚科技有限公司,100,A
四川顺成电子技术有限公司,100,A
四川顺捷通科技有限公司,90,A
四川顺旺发商贸有限公司,90,A
四川顺易通科技发展有限公司,100,A
四川顺胜源科技有限公司,90,A
四川顺荣建筑工程有限公司,90,A
四川顺隆祥科技发展有限公司,90,A
四川顺驰科技有限公司,100,A
四川预多宝科技股份有限公司,90,A
四川预多宝科技股份有限公司,90,A
四川预维佳科技有限公司,100,A
四川领中科技有限公司,85,B
四川领军智能科技有限公司,100,A
四川领创者科技有限公司,90,A
四川领梵数字科技有限公司,90,A
四川领科优普教育科技有限公司,90,A
四川领维智筑信息科技有限公司,90,A
四川领网安宝科技有限公司,90,A
四川领航未来通信技术有限公司,100,A
四川领跑致远科技有限公司,90,A
四川领道全过程工程咨询有限公司,90,A
四川领骏科技有限公司,90,A
四川颐海蓝天环保工程有限公司,100,A
四川颠三图文设计有限公司,100,A
四川风向西文化传播有限公司,90,A
四川风声安防工程有限公司,100,A
四川风尚行科技有限公司,100,A
四川风林卓越环保科技有限公司,90,A
四川风调雨顺农业科技有限公司,70,C
四川飞优特建筑工程有限公司,90,A
四川飞博科技有限公司,90,A
四川飞宇电力股份有限公司,100,A
四川飞宇电气有限公司,95,A
四川飞宇集团成都飞宇物业管理有限公司,85,B
四川飞翔能源有限公司,90,A
四川飞通系统集成有限公司,100,A
四川飞阳科技有限公司,80,B
四川食安卫士科技有限公司,90,A
四川食尚农夫科技有限公司,90,A
四川饶益十方科技集团有限公司,75,C
四川饺子互动科技有限公司,100,A
四川首信四方企业服务有限公司,100,A
四川首翔智宇科技有限公司,90,A
四川首翔科技有限公司,85,B
四川首赞文化传媒有限责任公司,90,A
四川香之源生物科技有限公司,80,B
四川香榕源食品有限公司,100,A
四川香水花科技有限公司,100,A
四川馥芳集生物科技有限公司,90,A
四川馨光爱大健康科技有限公司,90,A
四川馨玉凡农业科技有限公司,90,A
四川馨藤电子科技有限公司,90,A
四川马可视觉网络科技有限公司,90,A
四川马太科技有限公司,100,A
四川马氏窑技术发展有限公司,90,A
四川驭云航空科技有限公司,85,B
四川驰艮医疗技术有限公司,90,A
四川驰讯信息科技有限公司,100,A
四川驰讯信息科技有限公司,100,A
四川驰赛智能科技有限公司,90,A
四川驰骋天下科技有限公司,90,A
四川驰鼎盛通生物科技有限公司,85,B
四川驹马科技有限公司,90,A
四川驾车保科技有限公司,90,A
四川骋誉生物制品有限公司,90,A
四川骏业日新文化传播有限公司,90,A
四川骏泽机电设备销售有限责任公司,80,B
四川骏腾空调净化工程有限公司,100,A
四川骏逸富顿科技有限公司,100,A
四川骐羽科技有限公司,80,B
四川高乐昇奥家具有限公司,100,A
四川高博环保工程有限公司,95,A
四川高朋工程检测有限公司,100,A
四川高欣数智科技有限公司,90,A
四川高灯企服科技有限公司,90,A
四川高福记生物科技有限公司,100,A
四川高诚物联网科技有限公司,90,A
四川高路远长集团有限公司,90,A
四川高迪创智科技有限公司,90,A
四川高速互联科技有限公司,100,A
四川高速通科技有限公司,90,A
四川高隔李装饰工程材料有限公司,90,A
四川魔态科技有限公司,100,A
四川魔杰科技有限公司,90,A
四川魔胜汽车科技有限公司,90,A
四川鱼尾巴科技有限公司,90,A
四川鲁尔物联科技有限公司,100,A
四川鲁明公科技有限责任公司,90,A
四川鲁班精匠建筑科技有限公司,90,A
四川鲁通市政工程有限公司,95,A
四川鲜一步文化传播有限公司,90,A
四川鲜云科技有限公司,90,A
四川鲜货优享农业科技有限公司,90,A
四川鲲腾九州科技有限公司,90,A
四川鲲腾科技有限公司,90,A
四川鲲逸科技发展有限公司,90,A
四川鲲鹏交通设施制造有限公司,100,A
四川鲸益建设工程项目管理有限公司,90,A
四川鲸端科技有限公司,90,A
四川鸣天科技有限责任公司,90,A
四川鸥克建材科技有限公司,85,B
四川鸥鹏建筑工程公司,80,B
四川鸿云智谷信息产业有限公司,100,A
四川鸿创电子科技有限公司,100,A
四川鸿博教体科技有限公司,90,A
四川鸿图实业有限公司,95,A
四川鸿基新视听科技有限公司,80,B
四川鸿展智通科技有限公司,100,A
四川鸿昌塑胶工业有限公司,85,B
四川鸿景润科技有限公司,100,A
四川鸿智途源科技有限公司,90,A
四川鸿泰创合科技有限公司,90,A
四川鸿洋自动化设备有限公司,100,A
四川鸿涛信息科技有限公司,90,A
四川鸿源鼎芯科技有限公司,90,A
四川鸿盛天极网络科技有限公司,90,A
四川鸿睿聚创科技有限公司,100,A
四川鸿硼金属制品有限公司,100,A
四川鸿祥瑞工程咨询有限公司,90,A
四川鸿蒙时代信息科技有限责任公司,90,A
四川鸿视美达科技有限公司,100,A
四川鸿达安视科技有限公司,95,A
四川鸿运启航新能源科技有限公司,100,A
四川鸿运鼎盛工程设计有限公司,100,A
四川鸿进达卫生技术服务有限公司,100,A
四川鸿遵商贸有限公司,100,A
四川鸿霖保险代理有限公司,80,B
四川鸿韵科技有限公司,90,A
四川鸿鹄科技集团有限公司,90,A
四川鸿鹏航空航天装备智能制造有限公司,90,A
四川鹏也智能科技有限公司,90,A
四川鹏天科技发展有限公司,100,A
四川鹏旭斯特科技有限公司,90,A
四川鹏翔凯盛科技有限公司,90,A
四川鹏鹞环保设备有限公司,100,A
四川鹭羽科技有限公司,100,A
四川鹰派机电科技有限公司,100,A
四川鹰王电力设备有限公司,90,A
四川鹿台科技有限公司,100,A
四川鹿府到家信息技术有限公司,90,A
四川麦克威科技有限公司,100,A
四川麦克威通风设备有限公司,100,A
四川麦克希马科技有限公司,90,A
四川麦克斯乐科技有限公司,100,A
四川麦古实业有限公司,100,A
四川麦浪风科技有限公司,90,A
四川麦穗教育科技有限公司,80,B
四川麦笠机械设备有限公司,100,A
四川麦迪威尔医药科技有限公司,100,A
四川麦迪森工程技术有限公司,90,A
四川麦道建设工程有限公司,90,A
四川麻条石网络科技有限公司,90,A
四川麻辣鲜生食品有限公司,90,A
四川黎嘉机械设备有限公司,100,A
四川黑森林网络技术有限公司,90,A
四川黑焰影视传媒有限公司,80,B
四川黑石曼星健康科技有限公司,90,A
四川黑菠萝科技有限公司,90,A
四川黑金椹绿色科技有限公司,100,A
四川鼎创网信科技有限公司,90,A
四川鼎宏科技有限公司,100,A
四川鼎尖动物药业有限责任公司,100,A
四川鼎岳文化传播有限公司,100,A
四川鼎恒峰消防设备有限公司,100,A
四川鼎懿达安全技术有限公司,90,A
四川鼎成华创农业科技有限公司,90,A
四川鼎新思远粮油食品工业有限公司,90,A
四川鼎智盛达科技有限公司,90,A
四川鼎智通科技有限公司,90,A
四川鼎森亿林科技有限公司,100,A
四川鼎泰汇隆科技有限公司,90,A
四川鼎洲能源有限公司,90,A
四川鼎立科技有限公司,100,A
四川鼎立耐思能源科技有限公司,100,A
四川鼎言居科技有限公司,90,A
四川鼎诺达标物科技有限公司,90,A
四川鼎远科技有限公司,100,A
四川鼎鑫聚信息技术有限公司,90,A
四川鼎鑫谊缘科技有限公司,100,A
四川鼎阳嘉顺工程技术有限公司,90,A
四川鼎际恒荣金属材料有限公司,100,A
四川鼎马科技有限公司,90,A
四川齐兴资讯科技有限责任公司,100,A
四川齐凯锐博精密工具有限公司,90,A
四川齐力绿源科技有限公司,100,A
四川齐天大圣物流有限公司,100,A
四川齐拓科技有限公司,95,A
四川齐盟环境科技发展有限公司,95,A
四川齐睿科技有限公司,90,A
四川齐能新型材料有限公司,100,A
四川齐航盈创科技有限公司,100,A
四川齐龙科技有限公司,100,A
四川龙华腾飞科技有限公司,90,A
四川龙威消安科技有限公司,80,B
四川龙威软件科技有限公司,100,A
四川龙德合建筑装饰工程有限公司,100,A
四川龙恒精准物联科技有限公司,90,A
四川龙旺食品有限公司,90,A
四川龙泽乾宇农业科技有限公司,90,A
四川龙瑞微电子有限公司,100,A
四川龙登坎科技有限公司,90,A
四川龙睿三航科技有限公司,90,A
四川龙章凤彩网络科技有限公司,90,A
四川龙腾盛世印务有限公司,100,A
四川龙锦宇科技有限公司,90,A
四川龙锦泰科技有限公司,100,A
四川龙门智创环保新材料科技有限公司,90,A
四川龙马溪能源技术有限公司,90,A
四川龙鸟智能交通科技有限公司,100,A
四川龙麟节能环保科技有限公司,90,A
四川龙麟锅炉设备有限责任公司,65,D
四点零（成都）教育咨询有限公司,80,B
四维视野（成都）科技有限公司,90,A
固正保和健康科技（成都）有限公司,100,A
固远晨通科技发展有限公司,100,A
国信中健数字科技有限公司,90,A
国信利安科技股份有限公司,85,B
国信医控信息技术有限公司,100,A
国信蓝桥（成都）教育科技有限公司,100,A
国城科技（成都）有限公司,90,A
国富科技（成都）集团有限公司,90,A
国广看视广告传媒（成都）有限公司,90,A
国广视界科技（成都）有限公司,95,A
国科泰达科技（南京）有限公司,90,A
国网四川电力送变电建设有限公司,95,A
国网四川电力送变电建设有限公司,95,A
国网四川电力送变电建设有限公司,95,A
国能大渡河大数据服务有限公司,95,A
国能西部（四川）能源有限公司,100,A
国药集团川抗制药有限公司,100,A
国药集团成都信立邦生物制药有限公司,95,A
国蓉科技有限公司,60,D
国诚集团有限公司,60,D
国车（成都）汽车服务有限公司,95,A
国铸（成都）工业物联网技术有限公司,90,A
国镓芯科（成都）半导体科技有限公司,90,A
图码思（成都）科技有限公司,90,A
图码思（成都）科技有限公司,90,A
图菱科技（成都）有限公司,60,D
圣戈班速造建筑科技（成都）有限公司,90,A
圣成凯数字科技（成都）有限公司,90,A
地奥集团成都药业股份有限公司,95,A
坤泷农业科技（成都）有限公司,90,A
垒知科技集团四川有限公司,100,A
垒知科技集团四川有限公司,100,A
垒知（成都）科技研究院有限公司,90,A
埃姆维亿低温生物设备（成都）有限公司,100,A
埃微信息技术（成都）有限公司,90,A
埃瑞巴蒂成都科技有限公司,95,A
埃顿能源科技（四川）有限公司,90,A
城艺光建设有限公司,90,A
城艺光建设有限公司,90,A
基准方中建筑设计股份有限公司,95,A
基点低温设备（成都）有限公司,90,A
基点生物科技（成都）有限公司,100,A
基腾（成都）科技有限公司,90,A
塞纳博科石油技术服务有限公司,100,A
墨境天合成都数字图像科技有限公司,100,A
声泰特（成都）科技有限公司,100,A
壹甲子（成都）通讯有限公司,90,A
壹站科技发展（成都）有限责任公司,90,A
壹茗信风科技有限公司,100,A
复星安特金（成都）生物制药有限公司,90,A
多普勒电梯股份有限公司,90,A
多普勒电梯股份有限公司,90,A
多普勒电梯股份有限公司,90,A
多点生活（成都）科技有限公司,100,A
大唐电信（成都）信息技术有限公司,90,A
大山科技有限公司,100,A
大崎（成都）科技有限公司,90,A
大数聚信息技术成都有限公司,90,A
大数金科网络技术有限公司,90,A
大昊油压（四川）科技有限公司,90,A
大榕树（成都）科技有限公司,90,A
大道智典（成都）科技有限公司,90,A
大邑县天瑞农民养兔专业合作社,90,A
大野荣耀（成都）体育文化传播有限公司,90,A
天予生态环境集团有限公司,90,A
天健世纪科技股份有限公司,90,A
天印（成都）影视传媒有限公司,90,A
天圣环保工程（成都）有限公司,75,C
天威新能源控股有限公司,55,E
天宇利水信息技术成都有限公司,100,A
天平智建（成都）信息技术有限公司,90,A
天曰能安达科技有限公司,90,A
天泽智慧科技（成都）有限公司,90,A
天燚仪器制造（成都）有限公司,90,A
天睦合生态建设有限公司,80,B
天羽蜂（成都）科技有限公司,90,A
天行智控（成都）科技有限公司,90,A
天逸匠心文旅（成都）集团有限公司,100,A
天露智慧（成都）物流有限公司,65,D
太极集团四川太极制药有限公司,90,A
夸克医药（中国）有限公司,100,A
奕瑞影像科技成都有限公司,90,A
奥兹科技（成都）有限公司,90,A
奥泰医疗系统有限责任公司,70,C
好哇网（成都）信息技术股份有限公司,65,D
好哇网（成都）信息技术股份有限公司,65,D
好哇网（成都）信息技术股份有限公司,65,D
好哇网（成都）信息技术股份有限公司,65,D
好果子农业股份有限公司,35,E
如皋菁哲科技有限公司,90,A
威特龙消防安全集团股份公司,80,B
婕师生物科技（成都）有限公司,90,A
婵数科技（成都）有限公司,90,A
子亥科技（成都）有限公司,90,A
子群网络科技成都有限公司,100,A
字节星球科技（成都）有限公司,90,A
孚泽（成都）科技有限公司,90,A
孚瑞工程技术有限公司,100,A
宁静之盾成都科技有限公司,90,A
宇坤轩畅网络科技（成都）有限公司,90,A
安世工仿科技（成都）有限公司,100,A
安信铝业集团有限公司,95,A
安创众宜科技成都有限公司,90,A
安厦系统科技成都有限责任公司,90,A
安尼斯威（成都）科技有限公司,90,A
安捷光通科技成都有限公司,90,A
安普德泰工程科技有限公司,100,A
安格利（成都）仪器设备有限公司,90,A
安洁行方流体管理技术有限公司,90,A
安科思软件（成都）有限公司,100,A
安般（成都）信息科技有限公司,90,A
宏华油气工程技术服务有限公司,90,A
宏福环保技术有限公司,100,A
宜云煜康（成都）医疗科技有限公司,90,A
宜卓信数据平台有限公司,90,A
宝乘科技（成都）有限公司,75,C
宝乘科技（成都）有限公司,75,C
宝信软件（成都）有限公司,100,A
宝利根（成都）精密工业股份有限公司,95,A
宠慕（成都）科技有限公司,90,A
客如云科技（成都）有限责任公司,75,C
家家车（成都）科技有限公司,85,B
容华科技（成都）有限公司,55,E
宽窄央吉酒业有限公司,90,A
宿迁净之木环保科技有限公司,90,A
宿迁创亦哲科技有限公司,90,A
富临普赛行（成都）科技有限责任公司,100,A
富临普赛行（成都）科技有限责任公司,100,A
富华融科（成都）科技有限公司,90,A
富士电梯（四川）有限公司,75,C
富泰锦（溧阳）科技有限公司,90,A
富瀚微电子（成都）有限公司,90,A
富通光纤光缆（成都）有限公司,90,A
小事科技成都有限公司,90,A
小厨郎（成都）食品有限公司,90,A
小土科技有限公司,90,A
小微信息科技（成都）有限公司,90,A
小慕（成都）科技有限公司,90,A
小象蓝图（成都）科技有限公司,90,A
小象赋能（成都）科技有限公司,90,A
小逸成都信息技术有限公司,100,A
少书房教育科技（成都）有限公司,90,A
尚恩企业管理咨询成都有限责任公司,100,A
尚益园（成都）企业管理有限公司,100,A
尚益园（成都）检测技术服务有限公司,100,A
尚益（成都）科技集团有限公司,90,A
尚诚怡美（成都）生物科技有限公司,95,A
屏丽科技成都有限责任公司,100,A
展讯半导体（成都）有限公司,100,A
山东中博信息科技有限公司,90,A
山东杰禹教育科技有限公司,90,A
山猫蔚来（成都）科技有限公司,90,A
山知科技（成都）有限公司,90,A
岸宝环保科技（成都）有限公司,95,A
峻江建设有限公司,90,A
崇州天智轻量化制造有限公司,40,E
崇州市倪氏纸业有限公司,95,A
崇州市四方新能源有限公司,100,A
崇州市岷江塑胶有限公司,95,A
崇州市蜀玻科学仪器有限责任公司,100,A
崇州速达科技有限公司,90,A
崇州金利诚智能门窗有限公司,90,A
崇州鑫海养殖农业专业合作社,90,A
崇研科技成都有限公司,90,A
嵩格科技（成都）有限公司,100,A
川开电气有限公司,90,A
川开科技有限公司,90,A
川投信息产业集团有限公司,100,A
川楚联合国际工程有限公司,90,A
川消消防工程有限公司,70,C
川联科技集团有限公司,100,A
川阳光科技发展（成都）有限公司,80,B
工业云制造（四川）创新中心有限公司,100,A
工业信息安全（四川）创新中心有限公司,90,A
工业宝建筑科技成都有限公司,90,A
巨商（成都）知识产权运营有限公司,90,A
巨星农牧有限公司,100,A
巨石集团成都有限公司,90,A
已除名（中霖佳环保科技有限公司）,70,C
巴哈勃科技（成都）有限公司,100,A
巴符科技（成都）有限责任公司,90,A
布法罗机器人科技（成都）有限公司,100,A
布鲁克（成都）工程有限公司,90,A
希望森兰科技股份有限公司,95,A
希望银蕨智能科技有限公司,90,A
常州万读网络科技有限公司,90,A
常州嘉卓科技有限公司,90,A
常州如杉网络科技有限公司,90,A
常州巍赫睿圣科技有限公司,90,A
常州捌吾网络科技有限责任公司,85,B
常州星媛信息科技有限公司,90,A
常州欣源皓辰环保科技有限公司,90,A
常州珀袍信息科技有限公司,90,A
常州赫峰网络科技有限公司,100,A
常州阮敏科技有限公司,90,A
常鑫检测技术（成都）有限公司,80,B
常鑫防水科技股份有限公司,100,A
平裕（成都）科技有限公司,100,A
广东众金源生物科技有限公司,90,A
广晟昊兴勘测设计有限公司,100,A
广电计量检测（成都）有限公司,100,A
库蜂成都科技有限公司,90,A
应子科技（成都）有限公司,85,B
康助理成都健康科技有限公司,80,B
康卫通信息科技成都有限公司,90,A
康民智美（成都）健康科技有限公司,90,A
康泰塑胶科技股份有限公司,95,A
康诺亚生物医药科技（成都）有限公司,90,A
康鸿四维空间（成都）科技有限公司,90,A
延旭未来科技成都有限公司,90,A
建锐天宇工程设计有限公司,90,A
开能智慧能源有限公司,100,A
弗锐德天宇环境科技成都有限公司,100,A
弘邦电力系统技术有限公司,100,A
张邦成都生物医药科技有限公司,100,A
强华时代（成都）科技有限公司,90,A
当纳利（成都）印刷有限公司,100,A
彩烛（成都）科技有限公司,90,A
彭州东硕数控设备有限公司,100,A
彭州先临三维科技有限公司,90,A
彭州市华联机电化工有限公司,90,A
彭州市绿力丰源生态农业发展有限公司,90,A
彭州市舒心社物业服务有限公司,90,A
彭州市航诚机械制造有限公司,90,A
彭州市长庆全成技术开发有限公司,100,A
彭州建光科技有限公司,100,A
彭州欣欣服装整理有限公司,100,A
彭州西部蓝色动力科技有限公司,90,A
彭州金驰阳农牧有限公司,100,A
彼亚泽庭科技（成都）有限公司,90,A
徐州凯联软件有限公司,90,A
徐州浩联天下网络科技有限公司,90,A
徐州盛义家信息技术有限公司,90,A
徐州芯动软件有限公司,90,A
徐州西天取经科技有限公司,90,A
微山县雄旺利网络科技有限公司,90,A
微慕客（成都）科技有限公司,90,A
微网优联科技（成都）有限公司,90,A
微量云商（成都）科技有限公司,100,A
德中（成都）微加工技术有限公司,100,A
德博尔（成都）生物科技有限公司,90,A
德州中增电子科技有限公司,90,A
德州小蚁网电子科技有限公司,90,A
德汶环能（成都）科技有限公司,90,A
德特赛维技术有限公司,100,A
德能森智能科技（成都）有限公司,95,A
德车车创梦工场（成都）科技有限公司,75,C
德车车非凡（成都）科技有限公司,60,D
德鲁动力科技（成都）有限公司,90,A
心悦界（成都）科技有限责任公司,90,A
心禾互联网医院（成都）有限公司,90,A
必成汇（成都）科技有限公司,85,B
思光科技（成都）有限公司,90,A
思极星能科技（四川）有限公司,90,A
思澜科技（成都）有限公司,100,A
思特沃克软件技术（成都）有限公司,100,A
恒昇万象（成都）科技有限公司,85,B
恒银信息科技有限公司,90,A
恒鸿建设集团有限公司,95,A
恩众科技（成都）有限公司,90,A
恩士迅信息科技（成都）有限公司,100,A
恩斯迈科技（成都）有限公司,90,A
恰恰牛网络科技有限公司,90,A
意诺科技有限公司,90,A
感知万物（成都）科技有限公司,100,A
感跃医疗科技（成都）有限公司,90,A
感飞科技成都有限公司,90,A
慧择（成都）网络科技有限公司,100,A
慧聚知识产权服务（成都）有限公司,90,A
慧荣兴科技成都有限公司,90,A
慨迩医疗科技（成都）有限公司,100,A
成发建安集团有限公司,100,A
成渝（成都）信息通信研究院有限公司,90,A
成理智源科技（成都）有限公司,100,A
成理砚湖科技（成都）有限公司,90,A
成立航空技术（成都）有限公司,90,A
成致环境科技（成都）集团股份有限公司,90,A
成都一一互动科技有限公司,90,A
成都一七创达科技有限公司,100,A
成都一云米科技有限公司,100,A
成都一亩田科技有限公司,90,A
成都一人一票网络科技有限公司,70,C
成都一几文化科技有限责任公司,90,A
成都一创友邦科技有限公司,90,A
成都一动科技有限公司,100,A
成都一半儿文化传播有限公司,90,A
成都一叁科技有限公司,100,A
成都一变变压器有限公司,95,A
成都一口吖吖农业有限公司,95,A
成都一只羊驼科技有限公司,90,A
成都一号客厅家具有限公司,100,A
成都一品晟世包装有限公司,90,A
成都一天云联科技有限公司,100,A
成都一天长健科技有限公司,90,A
成都一屿有迹网络科技有限责任公司,90,A
成都一席广告有限公司,90,A
成都一度光电科技有限公司,100,A
成都一心航科技有限公司,100,A
成都一拓信息技术有限公司,100,A
成都一播光影科技有限公司,90,A
成都一方元信息技术有限公司,100,A
成都一方通行网络科技有限公司,80,B
成都一本厨房工程有限公司,100,A
成都一汽四环汽车内饰件有限公司,100,A
成都一洋办公文具有限责任公司,100,A
成都一点金广告制作有限公司,90,A
成都一生约信息技术有限公司,100,A
成都一石科技有限公司,100,A
成都一禾科技有限公司,100,A
成都一羽科技有限公司,90,A
成都一菁科技有限公司,90,A
成都一蟹科技有限公司,100,A
成都一诺桦禹传媒科技有限公司,90,A
成都一诺网金科技有限公司,100,A
成都一诺金帝能源技术有限公司,100,A
成都一课量子科技有限公司,90,A
成都一超医药科技有限公司,100,A
成都一路向北科技有限公司,90,A
成都一辉信息科技有限公司,100,A
成都一通密封股份有限公司,100,A
成都一郅映画文化传媒有限公司,90,A
成都一阅千里教育咨询有限公司,90,A
成都一零二三文化传播有限公司,90,A
成都一颗牛油果科技有限公司,100,A
成都丁丁猫管家科技有限公司,100,A
成都七享文化传播有限公司,90,A
成都七俊机械有限公司,90,A
成都七十二变科技有限公司,100,A
成都七好文化传播有限公司,100,A
成都七战趣科技有限公司,90,A
成都七扇门科技有限公司,90,A
成都七曲互动科技有限公司,90,A
成都七月早安科技有限公司,80,B
成都七维频控科技有限公司,90,A
成都七芯科技股份有限公司,90,A
成都万仕欣科技有限公司,90,A
成都万众壹芯生物科技有限公司,90,A
成都万佳互联科技有限公司,100,A
成都万保易网络科技有限公司,85,B
成都万信安隆科技有限公司,100,A
成都万全电子技术服务有限责任公司,100,A
成都万创科技股份有限公司,100,A
成都万博智能电力科技股份有限公司,100,A
成都万可瑞特金属科技有限公司,100,A
成都万合众联科技有限公司,90,A
成都万和众智科技有限公司,95,A
成都万和天物数字科技有限公司,100,A
成都万唐科技有限责任公司,80,B
成都万垒科技有限公司,90,A
成都万士达瓷业有限公司,100,A
成都万山顶峰科技有限公司,90,A
成都万川博达医药科技有限公司,90,A
成都万应微电子有限公司,90,A
成都万开科技有限公司,100,A
成都万德机械进出口有限责任公司,100,A
成都万成鑫盛科技有限公司,95,A
成都万控精密模具有限公司,95,A
成都万数光合信息科技有限公司,100,A
成都万斯特测控技术有限公司,90,A
成都万春农牧机械有限公司,95,A
成都万春智汇孵化器管理有限公司,90,A
成都万晟科技有限公司,100,A
成都万智信息技术有限公司,100,A
成都万栩智能科技有限责任公司,90,A
成都万欣邦达实业有限公司,100,A
成都万汇创意文化传播有限公司,90,A
成都万江智控科技有限公司,100,A
成都万江港利科技股份有限公司,100,A
成都万沣科技有限公司,80,B
成都万灵科医疗设备有限公司,100,A
成都万物互生科技有限公司,90,A
成都万珏科技有限公司,90,A
成都万瑞泰通精密机械有限公司,100,A
成都万电汇商务咨询有限公司,90,A
成都万疆久诚生态环境有限公司,90,A
成都万皓信息系统集成服务有限公司,100,A
成都万维图新信息技术有限公司,100,A
成都万维时空科技有限公司,100,A
成都万美迪科技有限公司,100,A
成都万联传感网络技术有限公司,100,A
成都万象映画文化传播有限公司,90,A
成都万通全顺铁路专用设备有限公司,90,A
成都万里桥科技有限公司,100,A
成都万里蓝环保科技有限公司,70,C
成都万锦科技有限公司,100,A
成都万顺达模塑有限公司,100,A
成都万鸿门业有限公司,100,A
成都三一能源环保技术有限公司,90,A
成都三业嘉豪科技有限公司,100,A
成都三丰工控技术有限责任公司,90,A
成都三义路桥设备有限公司,100,A
成都三九精工科技有限公司,100,A
成都三信创联科技有限公司,90,A
成都三勒浆药业集团四川华美制药有限公司,95,A
成都三匠科技有限公司,90,A
成都三医智汇科技有限公司,90,A
成都三十三科技有限公司,90,A
成都三千米甜蜂业有限公司,85,B
成都三叉戟科技有限公司,100,A
成都三友生物工程有限公司,100,A
成都三叠纪数码科技有限公司,40,E
成都三可实业有限公司,100,A
成都三叶家具有限公司,90,A
成都三叶草企业管理有限公司,90,A
成都三合力诚商务服务有限责任公司,35,E
成都三合力通科技有限公司,100,A
成都三和新业科技有限公司,90,A
成都三圣模具制品有限公司,90,A
成都三塔科技有限公司,90,A
成都三境景观设计有限公司,90,A
成都三好年华科技有限公司,100,A
成都三山粮油有限公司,100,A
成都三川复合材料有限公司,90,A
成都三康王消毒设备有限公司,100,A
成都三异元科技有限公司,90,A
成都三张图科技有限公司,100,A
成都三强轧辊股份有限公司,100,A
成都三彩电子科技有限公司,100,A
成都三思云科技有限公司,90,A
成都三戳云科技有限公司,100,A
成都三扬新材科技有限公司,90,A
成都三方元科技有限公司,100,A
成都三方电气有限公司,100,A
成都三时文化科技有限公司,90,A
成都三时文化科技有限公司,90,A
成都三昌智能设备有限公司,100,A
成都三是汇科技有限公司,100,A
成都三是泰科科技有限公司,90,A
成都三是科技有限公司,100,A
成都三晖科技有限公司,100,A
成都三晶科技有限公司,100,A
成都三月童川科技有限公司,90,A
成都三本机电设备有限公司,100,A
成都三朵云科技有限公司,95,A
成都三朵广告有限公司,100,A
成都三柚科技有限公司,100,A
成都三梓乐玩科技有限责任公司,100,A
成都三横一纵科技有限公司,100,A
成都三泰信联科技有限公司,90,A
成都三泰智能科技有限公司,95,A
成都三泰智能科技有限公司,95,A
成都三泰铭品金融信息服务有限公司,100,A
成都三泰魔方园区运营管理有限公司,90,A
成都三洋蜀航精密机械工程有限公司,100,A
成都三洪高科科技有限公司,90,A
成都三环金属制品有限公司,85,B
成都三生目科技有限公司,100,A
成都三电电缆有限公司,80,B
成都三益新材料有限公司,100,A
成都三眼视界光电科技有限公司,90,A
成都三研精密刀具有限公司,100,A
成都三福电子科技有限公司,100,A
成都三策科技有限公司,95,A
成都三维原光通讯技术有限公司,90,A
成都三维工场科技有限公司,90,A
成都三维康物联网科技有限公司,90,A
成都三维视拓科技有限公司,90,A
成都三缘玻璃钢有限责任公司,100,A
成都三网融合科技有限公司,90,A
成都三网讯科技有限公司,100,A
成都三联微讯科技有限公司,100,A
成都三联瑞通科技有限公司,100,A
成都三联龙腾科技有限公司,90,A
成都三胜源科技有限公司,90,A
成都三航机电股份有限公司,100,A
成都三节课教育科技有限公司,90,A
成都三译智能技术有限公司,90,A
成都三谛科技有限公司,100,A
成都三象合科技有限公司,90,A
成都三途科技有限公司,85,B
成都三鑫包装彩印有限公司,90,A
成都三键科技有限公司,100,A
成都三零凯天通信实业有限公司,85,B
成都三零嘉微电子有限公司,95,A
成都三零普瑞科技有限公司,90,A
成都三零瑞通移动通信有限公司,100,A
成都三零盛安信息系统有限公司,90,A
成都三顶环保科技有限公司,55,E
成都三颗杉智慧医疗科技有限公司,90,A
成都三香汇香料有限公司,100,A
成都三鼎日新激光科技有限公司,100,A
成都上上上智能科技有限公司,90,A
成都上下牙科技术开发有限公司,90,A
成都上善生生物科技有限公司,90,A
成都上图网络科技有限公司,90,A
成都上富智感科技有限公司,90,A
成都上新游科技有限公司,90,A
成都上柏建筑设计咨询有限公司,100,A
成都上泰科技有限公司,100,A
成都上源空间数字科技有限公司,90,A
成都上生活网络科技有限公司,70,C
成都上程数据有限公司,90,A
成都上筑建材有限公司,80,B
成都上芸智汇科技有限公司,90,A
成都上门侠科技有限公司,85,B
成都上龙泽网络科技有限公司,90,A
成都不二农业有限公司,90,A
成都不只于书文化传播有限公司,100,A
成都不玩网络科技有限公司,100,A
成都不褪色科技有限公司,90,A
成都不问科技有限公司,100,A
成都不鸣科技有限公司,90,A
成都与众科技有限公司,90,A
成都与伦科技有限公司,90,A
成都与俱科技有限公司,100,A
成都与梦同行科技有限公司,100,A
成都与然科技有限公司,90,A
成都与盛能源科技股份有限公司,90,A
成都与睿创新科技有限公司,90,A
成都与非测控设备有限公司,100,A
成都专铁电子技术有限责任公司,100,A
成都世加亿科技有限公司,90,A
成都世唯科技有限公司,100,A
成都世嘉机电工程有限公司,85,B
成都世宝佳科技有限公司,90,A
成都世工测控科技有限公司,100,A
成都世帆科技有限公司,85,B
成都世海恒科技有限公司,90,A
成都世源频控技术股份有限公司,100,A
成都世纪中测信息技术有限公司,100,A
成都世纪九舟信息科技有限公司,100,A
成都世纪交子科技有限公司,90,A
成都世纪光合作用科技有限公司,75,C
成都世纪加华软件技术有限公司,100,A
成都世纪天裕科技有限公司,90,A
成都世纪宏景软件有限公司,100,A
成都世纪川翔科技有限公司,100,A
成都世纪微讯科技有限公司,90,A
成都世纪慧源科技有限公司,90,A
成都世纪慧眼云科技有限公司,90,A
成都世纪投资有限公司,100,A
成都世纪捷美文化传播有限公司,90,A
成都世纪智慧科技有限公司,85,B
成都世纪杰图软件有限公司,90,A
成都世纪灵云科技有限公司,90,A
成都世纪科园电子有限公司,90,A
成都世纪立方科技有限公司,90,A
成都世纪美扬科技有限公司,100,A
成都世纪英成科技有限公司,100,A
成都世纪鑫诚科技有限公司,100,A
成都世纪锐通科技有限公司,90,A
成都世纪阳光密封件有限公司,85,B
成都世纪阳天科技有限公司,85,B
成都世纪顶点科技有限公司,100,A
成都世纪飞扬科技集团有限公司,100,A
成都世联广慧科技有限公司,90,A
成都世联康健生物科技有限公司,90,A
成都世联达科技有限公司,90,A
成都世茂通讯设备有限公司,100,A
成都世谦科技有限公司,100,A
成都世高科技有限公司,90,A
成都丘钛微电子科技有限公司,100,A
成都业烽科技有限公司,100,A
成都业豪教学设备有限责任公司,90,A
成都业龙信息技术服务有限责任公司,90,A
成都东久源塑料制品有限公司,100,A
成都东亿智联科技有限公司,100,A
成都东信丰汇商务服务有限公司,100,A
成都东信科创科技有限公司,100,A
成都东信科技有限公司,100,A
成都东光中一精锻有限公司,90,A
成都东光大华机械制造有限公司,90,A
成都东光奥威汽车制动系统有限公司,100,A
成都东创精英科技有限公司,90,A
成都东华卓越科技有限公司,100,A
成都东南钢结构有限公司,60,D
成都东启智能设备有限公司,95,A
成都东哲科技有限公司,100,A
成都东宸文化传媒有限公司,100,A
成都东岩信息科技有限公司,90,A
成都东恒新材料科技有限公司,100,A
成都东方人健康产业有限责任公司,75,C
成都东方仪器有限公司,100,A
成都东方天呈智能科技有限公司,65,D
成都东方热动设备制造有限责任公司,100,A
成都东方盛行电子有限责任公司,100,A
成都东方赫日科技有限公司,100,A
成都东方闻道科技发展有限公司,100,A
成都东日瑞姆机械有限公司,100,A
成都东旭智能科技有限公司,80,B
成都东旭智能科技有限公司,80,B
成都东旭智能科技有限公司,80,B
成都东极六感信息科技有限公司,90,A
成都东森永杰科技有限公司,90,A
成都东氏信息技术有限公司,90,A
成都东气风电新能源有限公司,90,A
成都东沛电子科技有限公司,90,A
成都东流物联科技有限公司,100,A
成都东浩散热器有限公司,100,A
成都东港安全印刷有限公司,100,A
成都东灵万红科技有限公司,90,A
成都东珑科技有限公司,90,A
成都东瑞家茂信息工程有限公司,100,A
成都东盛同创电子技术有限公司,100,A
成都东研网络科技有限公司,100,A
成都东神汽车零部件有限公司,100,A
成都东科信航空自控设备有限公司,100,A
成都东联智胜软件有限公司,90,A
成都东胜付信息技术有限公司,90,A
成都东蓝星新材料有限公司,95,A
成都东谷信息技术有限公司,100,A
成都东谷精工机械有限公司,100,A
成都东路交通科技有限公司,90,A
成都东软系统集成有限公司,100,A
成都东迈电子科技有限责任公司,100,A
成都东门市井科技有限公司,90,A
成都东骏激光股份有限公司,100,A
成都两个月亮科技有限公司,90,A
成都严川电器有限公司,100,A
成都中一电气工程有限公司,85,B
成都中世顺朗科技有限公司,90,A
成都中为兴光电科技有限公司,100,A
成都中为微通电子科技有限公司,90,A
成都中云世纪科技有限责任公司,100,A
成都中云创智科技有限公司,100,A
成都中云天下科技有限公司,100,A
成都中云智数科技有限责任公司,100,A
成都中亚光环照明工程有限公司,100,A
成都中亚港利科技集团有限公司深圳分公司,90,A
成都中亚通茂科技股份有限公司,100,A
成都中交国讯信息科技有限公司,90,A
成都中住光纤有限公司,100,A
成都中体大健康体育文化传播有限公司,100,A
成都中佳信科技发展有限公司,90,A
成都中佳电子科技有限公司,100,A
成都中俊科技有限公司,100,A
成都中信华瑞科技有限公司,100,A
成都中光电科技有限公司,90,A
成都中光睿华科技有限公司,90,A
成都中兴软件有限责任公司,100,A
成都中兴鑫辉科技有限公司,100,A
成都中农能源环境工程设计所有限责任公司,100,A
成都中冷低温科技有限公司,100,A
成都中创一佳科技有限公司,90,A
成都中创云科技有限公司,90,A
成都中创云讯科技有限公司,90,A
成都中创五联科技有限公司,95,A
成都中创信达科技有限公司,100,A
成都中创光科科技有限公司,100,A
成都中创空间科技有限公司,90,A
成都中创立扬科技有限公司,90,A
成都中创英博科技有限公司,90,A
成都中创蜀洋生物科技有限公司,90,A
成都中创锐科信息技术有限公司,100,A
成都中北卫恩科技有限公司,90,A
成都中医大银海眼科医院股份有限公司,90,A
成都中博传盛消防科技有限公司,90,A
成都中合联邦科技有限公司,90,A
成都中和电子科技有限公司,100,A
成都中品建设工程有限公司,45,E
成都中嘉微视科技有限公司,90,A
成都中地六合科工贸有限公司,100,A
成都中地时空科技有限公司,100,A
成都中域电子科技有限公司,100,A
成都中增科教设备有限公司,85,B
成都中大华瑞科技有限公司,100,A
成都中天之光科技有限公司,85,B
成都中天和工程项目管理有限公司,90,A
成都中天开物科技有限公司,90,A
成都中天泰瑞科技有限公司,100,A
成都中宇光电技术有限公司,100,A
成都中宇微芯科技有限公司,90,A
成都中安电气有限公司,90,A
成都中安频谱科技有限公司,100,A
成都中宏信科技有限公司,90,A
成都中实科技有限公司,100,A
成都中实视讯科技有限公司,100,A
成都中寰流体控制设备股份有限公司,100,A
成都中嵌自动化工程有限公司,100,A
成都中州智软科技有限公司,90,A
成都中工电气工程有限公司,100,A
成都中工科技有限公司,100,A
成都中广上洋科技有限公司,100,A
成都中康大成环保科技有限公司,90,A
成都中建材光电材料有限公司,95,A
成都中弘信知识产权代理有限公司,90,A
成都中弘轨道交通环保产业股份有限公司,95,A
成都中得文化科技有限责任公司,100,A
成都中得智能技术集团有限公司,90,A
成都中微普业科技有限公司,100,A
成都中微晶体材料有限公司,90,A
成都中微电微波技术有限公司,90,A
成都中微科技有限公司,100,A
成都中微视网科技有限公司,90,A
成都中微达信科技有限公司,90,A
成都中德绿色建筑技术有限公司,100,A
成都中思远信息技术有限公司,100,A
成都中恒华腾激光设备有限公司,100,A
成都中恒博睿智能科技发展有限公司,90,A
成都中恒启扬航空科技有限公司,100,A
成都中恒智达科技有限公司,90,A
成都中恒瑞达铝幕墙装饰材料有限公司,100,A
成都中惠锦能源科技有限公司,100,A
成都中慧云启科技有限公司,90,A
成都中慧智创科技有限公司,90,A
成都中慧科技有限公司,100,A
成都中成华瑞科技有限公司,100,A
成都中成汇通电子商务有限公司,90,A
成都中挖智能科技有限公司,100,A
成都中挖机械有限公司,100,A
成都中挖金属制品有限公司,90,A
成都中擎玻璃有限公司,100,A
成都中教智汇信息技术有限公司,100,A
成都中新恒量科技有限公司,80,B
成都中新睿飞科技有限公司,90,A
成都中昂科技有限公司,90,A
成都中昆德润科技有限公司,90,A
成都中昊网络科技有限公司,90,A
成都中昊英孚科技有限公司,100,A
成都中易信知识产权有限公司,90,A
成都中易天创科技发展有限公司,100,A
成都中星世通电子科技有限公司,100,A
成都中智创云科技有限公司,70,C
成都中智游科技有限公司,100,A
成都中杰联控科技有限公司,90,A
成都中标软件技术有限公司,90,A
成都中核海川核技术有限公司,100,A
成都中核海川核技术有限公司,100,A
成都中核鑫星应用技术研究所,90,A
成都中核高通同位素股份有限公司,90,A
成都中楚亨通商贸有限公司,90,A
成都中横通科技有限公司,100,A
成都中欣科技有限公司,95,A
成都中永印务有限责任公司,100,A
成都中汇天健专利代理有限公司,90,A
成都中汇远景科技有限公司,90,A
成都中油翼龙科技有限责任公司,90,A
成都中泓泰智科技有限公司,95,A
成都中泓科技有限公司,90,A
成都中泰新材料有限公司,95,A
成都中浦建筑工程有限公司,80,B
成都中浦科技有限公司,70,C
成都中海软通科技有限责任公司,90,A
成都中照照明科技有限公司,100,A
成都中牧生物药业有限公司,100,A
成都中环三创知识产权代理有限公司,90,A
成都中环国保科技有限公司,75,C
成都中环科创科技有限公司,100,A
成都中环资工程设计研究院有限公司,90,A
成都中玻复合材料有限公司,100,A
成都中珠健联基因科技有限责任公司,100,A
成都中瑞科技有限公司,100,A
成都中申能源装备制造有限公司,45,E
成都中电光能科技有限公司,90,A
成都中电航芯电子技术有限公司,100,A
成都中电飞航科技有限公司,90,A
成都中畜德科生物技术有限公司,90,A
成都中盛华昌科技有限责任公司,85,B
成都中盛地嘉房地产信息咨询有限责任公司,90,A
成都中盛绿邦环境科技有限公司,90,A
成都中睿天下信息技术有限公司,90,A
成都中科云集信息技术有限公司,100,A
成都中科亿信科技有限公司,90,A
成都中科以太生物科技有限公司,90,A
成都中科信息技术有限公司,100,A
成都中科凯特科技有限公司,100,A
成都中科创达软件有限公司,100,A
成都中科动态仪器有限公司,95,A
成都中科华信科技有限公司,90,A
成都中科华力机械有限责任公司,85,B
成都中科华微电子有限公司,100,A
成都中科华芯科技有限公司,90,A
成都中科卓尔智能科技集团有限公司,90,A
成都中科合迅科技有限公司,100,A
成都中科唯实仪器有限责任公司,95,A
成都中科四点零科技有限公司,90,A
成都中科图测科技有限公司,90,A
成都中科大旗软件股份有限公司,100,A
成都中科天御通信技术有限公司,100,A
成都中科天辰环保科技有限公司,90,A
成都中科奥格生物科技有限公司,90,A
成都中科宇图科技有限公司,90,A
成都中科屏信信息技术有限公司,85,B
成都中科巨浪计算机技术有限公司,100,A
成都中科希奥科技有限公司,90,A
成都中科微信息技术研究院有限公司,100,A
成都中科慧源科技有限公司,95,A
成都中科慧源科技有限公司,95,A
成都中科时代纳能科技有限公司,100,A
成都中科时空比智新研科技有限公司,90,A
成都中科星驰科技有限公司,90,A
成都中科普瑞净化设备有限公司,100,A
成都中科智云科技有限公司,100,A
成都中科智成科技有限责任公司,100,A
成都中科比智科技有限公司,90,A
成都中科注能科技有限公司,90,A
成都中科泰禾生物科技有限公司,90,A
成都中科瑞为科技有限公司,100,A
成都中科瑞达智能科技有限公司,100,A
成都中科瑞达智能科技有限公司,100,A
成都中科百川科技有限公司,90,A
成都中科石油工程技术有限责任公司,95,A
成都中科精密模具有限公司,100,A
成都中科维信生物科技有限公司,90,A
成都中科绿生环境科技有限公司,90,A
成都中科翼能科技有限公司,90,A
成都中科联航科技有限公司,100,A
成都中科能源环保有限公司,100,A
成都中科至善信息技术有限公司,100,A
成都中科西瑞智能技术有限公司,100,A
成都中科达能源科技有限责任公司,90,A
成都中科遥数智创科技有限公司,90,A
成都中科锦城健康科技有限公司,90,A
成都中科飞智科技有限公司,100,A
成都中粒科技有限公司,60,D
成都中维影科技有限公司,100,A
成都中网易企秀科技有限公司,100,A
成都中美汇金环境科技有限公司,100,A
成都中美科生物科技有限公司,90,A
成都中联信通科技股份有限公司,100,A
成都中联华睿人工智能科技有限公司,100,A
成都中联捷石油设备有限公司,100,A
成都中联新邦科技有限公司,90,A
成都中联易通科技有限公司,100,A
成都中联网信科技有限公司,90,A
成都中联软科智能技术有限公司,90,A
成都中联达信息工程有限公司,100,A
成都中能弘景能源科技有限公司,90,A
成都中能继保电力科技有限公司,100,A
成都中能绿源科技有限公司,100,A
成都中航信虹科技股份有限公司,100,A
成都中航华测科技有限公司,100,A
成都中航智飞科技有限公司,90,A
成都中航讯飞科技有限公司,100,A
成都中航铭亿科技发展有限公司,90,A
成都中良川工科技有限公司,100,A
成都中节能再生能源有限公司,100,A
成都中节能反光材料有限公司,100,A
成都中节能领航科技股份有限公司,100,A
成都中菱无线通信电缆有限公司,100,A
成都中蓝信息技术有限责任公司,100,A
成都中蓝禾环保科技有限责任公司,90,A
成都中藏虫草研究开发有限公司,90,A
成都中衡网络有限公司,100,A
成都中装能源科技有限公司,90,A
成都中裕智和科技发展有限公司,90,A
成都中视融合科技有限公司,90,A
成都中讯创新科技股份有限公司,95,A
成都中设新盛信息技术有限公司,100,A
成都中诚汇投教育科技有限公司,90,A
成都中诚研创生物科技有限公司,90,A
成都中诺思科技有限公司,90,A
成都中豪创世电子科技有限公司,100,A
成都中超融创科技有限公司,90,A
成都中路交安科技有限公司,100,A
成都中车电机有限公司,100,A
成都中轨轨道设备有限公司,100,A
成都中软智能大数据有限公司,90,A
成都中辉瑞达科技有限公司,90,A
成都中辉腾达信息技术有限公司,90,A
成都中辰信息科技有限公司,85,B
成都中达亿华文化传媒有限公司,90,A
成都中达佳创智能科技有限公司,100,A
成都中远信电子科技有限公司,100,A
成都中远创视科技有限公司,100,A
成都中通信通科技有限公司,100,A
成都中邦智能科技有限责任公司,90,A
成都中铠光电技术有限公司,100,A
成都中锦空间艺术设计有限公司,100,A
成都中阳实业公司,95,A
成都中领智能医疗产业发展股份有限公司,90,A
成都中鱼互动科技有限公司,100,A
成都中鸿信科科技服务有限公司,85,B
成都中鼎科技有限公司,90,A
成都中鼎蓉汇教育科技有限公司,90,A
成都中鼎金属制品有限公司,100,A
成都丰捷信科技有限公司,90,A
成都丰氢科技有限公司,90,A
成都丰煜科技有限公司,90,A
成都丰畴自动化设备有限公司,90,A
成都丰登广源农业科技有限公司,100,A
成都丰科生物科技有限公司,90,A
成都丰窝科技有限公司,100,A
成都丰联特农牧科技有限公司,100,A
成都丰聚棠科技有限公司,90,A
成都丰芽互联科技有限公司,90,A
成都丰诚悦锦科技有限公司,90,A
成都丰采电子科技有限责任公司,90,A
成都丰雷速科技有限责任公司,80,B
成都丸点科技有限公司,90,A
成都丹凤科技有限公司,90,A
成都丹楹科技有限公司,100,A
成都丹诺迪医疗科技有限公司,90,A
成都为品科技有限公司,90,A
成都为开微电子有限公司,100,A
成都为极科技有限公司,85,B
成都为正信息技术有限公司,100,A
成都为水科技有限公司,90,A
成都为蓝新能源有限公司,85,B
成都为蓝科技有限公司,85,B
成都为讯传媒有限公司,90,A
成都为辰信息科技有限公司,90,A
成都为远信安电子科技有限公司,100,A
成都主导科技有限责任公司,100,A
成都主导软件技术有限公司,100,A
成都主干智慧云信息技术有限公司,90,A
成都主线文化发展有限公司,80,B
成都丽凯手性技术有限公司,90,A
成都丽州汽车零部件有限公司,90,A
成都丽昂斯科技有限公司,90,A
成都丽璟科技有限公司,100,A
成都丽维家科技有限公司,95,A
成都久一机械设备有限公司,100,A
成都久一科技有限公司,100,A
成都久乐科技有限公司,100,A
成都久优普惠信息科技有限公司,90,A
成都久信信息技术股份有限公司,100,A
成都久僖科技有限公司,90,A
成都久僖科技有限公司,90,A
成都久其软件有限公司,100,A
成都久合通联科技有限责任公司,90,A
成都久和动力科技有限责任公司,100,A
成都久和建设设备有限责任公司,100,A
成都久森农业科技有限公司,100,A
成都久欣时代科技有限公司,95,A
成都久汇环保科技有限公司,100,A
成都久生能源科技有限公司,90,A
成都久盛鑫厨具有限公司,90,A
成都久续智能科技有限公司,100,A
成都久远恒立安全咨询服务有限公司,90,A
成都久香源粮油有限公司,100,A
成都义十法科技有限公司,70,C
成都义幻医疗科技有限公司,100,A
成都义度科技有限公司,90,A
成都义美游信息技术有限公司,95,A
成都之和环保科技有限公司,100,A
成都之米时光科技有限公司,90,A
成都之维安科技股份有限公司,100,A
成都之行人科技有限公司,90,A
成都之达科技有限公司,85,B
成都乐一下科技有限公司,100,A
成都乐乐云科技有限责任公司,75,C
成都乐云互动网络技术有限公司,100,A
成都乐享智家科技有限责任公司,100,A
成都乐伯特机器人有限公司,90,A
成都乐信圣文科技有限责任公司,100,A
成都乐充易停科技有限责任公司,90,A
成都乐凡信息技术有限公司,100,A
成都乐创信息科技有限公司,90,A
成都乐创自动化技术股份有限公司,100,A
成都乐动信息技术有限公司,80,B
成都乐培生科技有限公司,100,A
成都乐奇易科技有限公司,90,A
成都乐尚时光科技有限公司,100,A
成都乐得科技有限公司,90,A
成都乐志科技有限公司,90,A
成都乐恩自动化技术有限公司,100,A
成都乐扬电子技术有限公司,100,A
成都乐攀环保科技有限公司,100,A
成都乐曼多科技有限公司,100,A
成都乐服科技有限公司,90,A
成都乐檬互动科技有限公司,100,A
成都乐檬互动科技有限公司,100,A
成都乐氏化工工程有限公司,90,A
成都乐活文化传播有限公司,100,A
成都乐游世界网络科技有限公司,90,A
成都乐游同创科技有限公司,90,A
成都乐瀚科技有限公司,90,A
成都乐点互动科技有限公司,90,A
成都乐特电气设备制造有限公司,95,A
成都乐狗科技有限公司,100,A
成都乐玻科技有限公司,100,A
成都乐田服装有限公司,90,A
成都乐维彩生物科技有限公司,90,A
成都乐美天医药科技有限公司,90,A
成都乐美纸制品有限公司,100,A
成都乐耳网络科技有限公司,90,A
成都乐联智创科技有限公司,90,A
成都乐育信息技术有限公司,100,A
成都乐航智能科技有限公司,90,A
成都乐萌德教育科技有限公司,90,A
成都乐贝麓数码科技有限公司,90,A
成都乐超人科技有限公司,100,A
成都乐趣多互娱科技有限公司,90,A
成都乐辰网络技术有限公司,90,A
成都乐金企业服务有限公司,90,A
成都乐陪乐伴科技有限公司,100,A
成都乐陪信息科技有限公司,90,A
成都乐麦互娱科技有限公司,100,A
成都乐黎艺术文化传播有限公司,90,A
成都乐鼎科技有限公司,90,A
成都乔一乔软件有限公司,90,A
成都乔品科技有限公司,90,A
成都乖乖玩科技有限公司,90,A
成都乘天游互娱网络科技有限公司,90,A
成都乘风阀门有限责任公司,80,B
成都乘风露颖遮阳技术有限公司,85,B
成都乙丁新能源科技有限公司,90,A
成都乙米米科技有限公司,100,A
成都乙钛科技有限公司,90,A
成都九上科技有限公司,100,A
成都九九七科技有限公司,90,A
成都九九源科技有限公司,90,A
成都九仞科技有限公司,95,A
成都九华圆通科技发展有限公司,95,A
成都九地科技有限公司,90,A
成都九垠慧商科技有限公司,100,A
成都九壹通智能科技股份有限公司,100,A
成都九天光学技术有限公司,80,B
成都九天微星物联网技术有限公司,85,B
成都九天智信科技有限公司,100,A
成都九天画芯科技有限公司,90,A
成都九安科技有限公司,90,A
成都九宽科技有限公司,100,A
成都九州盈众信息技术有限责任公司,100,A
成都九州鱼乐科技有限公司,100,A
成都九度九科技有限公司,90,A
成都九度装饰设计有限公司,95,A
成都九微和创科技有限公司,90,A
成都九微电子技术有限公司,90,A
成都九方互动信息技术有限公司,100,A
成都九曲互动科技有限公司,100,A
成都九月天博科技有限公司,65,D
成都九木德科技有限公司,90,A
成都九正科技实业有限公司,95,A
成都九江伟业科技有限公司,100,A
成都九泰科技有限公司,100,A
成都九洲北斗新时空科技有限公司,90,A
成都九洲华正科技有限公司,100,A
成都九洲星驰科技有限公司,90,A
成都九洲电子信息系统股份有限公司,85,B
成都九洲迪飞科技有限责任公司,100,A
成都九洲通达科技有限公司,90,A
成都九浩科技有限公司,90,A
成都九狐通讯有限公司,90,A
成都九瑞数科智能科技股份有限公司,75,C
成都九盛达科技有限公司,90,A
成都九禾昌科技有限公司,90,A
成都九系机器人科技有限公司,100,A
成都九维云联科技有限公司,85,B
成都九美科技有限责任公司,90,A
成都九翼环保科技有限公司,90,A
成都九芝堂金鼎药业有限公司,100,A
成都九运机械设备有限公司,100,A
成都九远智图科技有限责任公司,90,A
成都九韵堂广告设计有限公司,90,A
成都九领科技有限公司,95,A
成都九驱创智科技有限公司,90,A
成都九鼎天元知识产权代理有限公司,100,A
成都九鼎科技（集团）有限公司,95,A
成都也马网络科技有限公司,90,A
成都书临翰墨科技有限公司,90,A
成都书云科技有限责任公司,100,A
成都书声科技有限公司,90,A
成都书生智能科技有限公司,90,A
成都书街科技有限公司,90,A
成都乾中源通信工程有限公司,100,A
成都乾云科技有限公司,90,A
成都乾伍信息技术有限公司,90,A
成都乾元太和科技有限公司,100,A
成都乾坤动物药业股份有限公司,95,A
成都乾晋科技有限公司,90,A
成都乾瑞矿山工程有限公司,90,A
成都乾瑞科技有限公司,100,A
成都乾罡网络科技有限公司,90,A
成都乾锦丰企业管理有限公司,80,B
成都乾隆智会科技有限公司,90,A
成都乾隆科技有限公司,100,A
成都了了科技有限公司,100,A
成都予禧堂文化传播有限公司,90,A
成都二十三魔方生物科技有限公司,100,A
成都二十四小时科技有限公司,90,A
成都二次元动漫有限公司,95,A
成都二空文化传播有限公司,90,A
成都二零八科技有限公司,100,A
成都云上创想信息科技有限公司,90,A
成都云上天府大数据研究院有限公司,100,A
成都云上彗星科技有限公司,90,A
成都云上微游科技有限公司,80,B
成都云上新视听文化科技有限公司,100,A
成都云上至简科技有限公司,90,A
成都云中乐科技有限公司,90,A
成都云中楼阁科技有限公司,90,A
成都云丰档案管理咨询有限公司,100,A
成都云之信科技有限公司,90,A
成都云之家科技有限公司,90,A
成都云之澳科技有限公司,90,A
成都云之联科技有限公司,90,A
成都云产科技有限公司,90,A
成都云亿博科技有限公司,90,A
成都云亿威新能源科技有限公司,90,A
成都云企信息技术有限公司,100,A
成都云众恒业建设工程有限公司,80,B
成都云众智联科技有限公司,90,A
成都云优能源科技有限公司,100,A
成都云位信息技术有限公司,90,A
成都云信留客信息科技有限公司,90,A
成都云停科技有限公司,90,A
成都云克药业有限责任公司,100,A
成都云内动力有限公司,90,A
成都云农智联科技有限公司,90,A
成都云凯软件有限责任公司,95,A
成都云则科技有限公司,90,A
成都云创互联信息技术有限公司,90,A
成都云创天下科技有限公司,100,A
成都云创家庭服务有限公司,90,A
成都云创悦客信息技术有限公司,90,A
成都云创新科技有限公司,100,A
成都云创有度科技有限公司,90,A
成都云动力科技有限公司,100,A
成都云卫康医疗科技有限公司,100,A
成都云卬科技有限公司,100,A
成都云合互动科技有限公司,100,A
成都云合众创企业管理有限公司,90,A
成都云图生活电子商务有限公司,100,A
成都云图锐展科技有限公司,100,A
成都云堆移动信息技术有限公司,100,A
成都云处方科技有限责任公司,90,A
成都云天励飞技术有限公司,100,A
成都云天明科技有限公司,55,E
成都云奥智能科技有限公司,100,A
成都云实创为科技有限公司,90,A
成都云尚斯尔科技有限公司,90,A
成都云尚游科技有限公司,90,A
成都云尚物联环境科技有限公司,100,A
成都云山雾隐科技有限公司,90,A
成都云巢智联科技有限公司,100,A
成都云帆启航信息技术有限公司,90,A
成都云帆数联科技有限公司,100,A
成都云库奇点科技有限公司,90,A
成都云康讯达科技有限公司,90,A
成都云影方塘科技有限公司,100,A
成都云微交通科技有限公司,100,A
成都云思华盛科技有限公司,100,A
成都云恒科技有限公司,90,A
成都云悦互动科技有限公司,90,A
成都云感海源科技有限公司,90,A
成都云感通物联网科技有限公司,90,A
成都云房视讯科技有限公司,90,A
成都云掌餐饮管理有限公司,90,A
成都云摄科技有限责任公司,100,A
成都云擎科技有限公司,90,A
成都云教科技有限公司,90,A
成都云数智脑科技有限公司,90,A
成都云数未来信息科学有限公司,90,A
成都云数融视觉科技有限公司,90,A
成都云昊鼎电气科技有限公司,100,A
成都云易中威网络科技有限公司,90,A
成都云易达科技有限公司,90,A
成都云晖航空科技股份有限公司,100,A
成都云普智联科技有限公司,90,A
成都云智北斗科技有限公司,90,A
成都云智在线网络科技有限公司,100,A
成都云智天下科技股份有限公司,100,A
成都云智天下科技股份有限公司,100,A
成都云智宇科技有限公司,90,A
成都云智慧企业管理咨询有限责任公司,100,A
成都云智数安科技有限公司,90,A
成都云智未来科技有限公司,100,A
成都云曦科技有限公司,90,A
成都云朵互动文化传播有限公司,90,A
成都云朵技术有限公司,100,A
成都云朵科技有限公司,90,A
成都云材智慧数据科技有限公司,90,A
成都云栖坊信息科技有限公司,90,A
成都云格致力科技有限公司,100,A
成都云汇未来科技有限公司,90,A
成都云洲建材有限公司,100,A
成都云测医学生物技术有限公司,90,A
成都云浩科技有限公司,90,A
成都云淇生命科技有限公司,90,A
成都云深科技有限公司,90,A
成都云游四海文化传播有限公司,90,A
成都云游天下科技有限公司,100,A
成都云溯新起点科技有限公司,100,A
成都云爱影视文化传播有限公司,90,A
成都云玺科技有限公司,100,A
成都云班智慧科技有限公司,100,A
成都云生数通科技有限公司,90,A
成都云电乐享科技有限公司,90,A
成都云番茄科技有限公司,100,A
成都云白环境设备制造有限公司,90,A
成都云盛月泽科技有限公司,90,A
成都云盯科技有限公司,100,A
成都云真信息技术有限公司,90,A
成都云睿智诚科技有限公司,90,A
成都云睿科技有限公司,90,A
成都云瞰科技有限公司,100,A
成都云瞻信息技术有限公司,100,A
成都云祺科技有限公司,100,A
成都云端凯德网络科技有限公司,60,D
成都云端助手科技有限公司,90,A
成都云端智慧科技有限公司,100,A
成都云策数据科技有限公司,100,A
成都云算科技有限公司,90,A
成都云绎智创科技有限公司,90,A
成都云网世纪科技有限公司,90,A
成都云网产研科技有限公司,90,A
成都云翅科技有限公司,100,A
成都云翼纵横科技有限公司,90,A
成都云联信科通信技术有限公司,100,A
成都云联天下信息技术有限公司,100,A
成都云联汉邦科技有限公司,90,A
成都云聚享科技有限公司,100,A
成都云聚教育咨询有限公司,100,A
成都云腾五洲科技有限公司,100,A
成都云腾天际科技有限公司,100,A
成都云臻科技有限公司,90,A
成都云苏信息科技有限公司,90,A
成都云蜂科技有限公司,90,A
成都云裳科技有限公司,100,A
成都云视游科技有限公司,100,A
成都云视界科技有限公司,90,A
成都云览科技有限公司,100,A
成都云豆工业设计有限公司,90,A
成都云辰复兴信息技术有限公司,100,A
成都云达智业科技有限公司,100,A
成都云道信息技术有限公司,90,A
成都云采通科技有限公司,90,A
成都云铁智能交通科技有限公司,90,A
成都云陈景观绿化工程有限公司,90,A
成都云隆科技有限公司,100,A
成都云雄科技有限公司,100,A
成都云雅信息技术有限公司,100,A
成都云集汇网络科技有限公司,90,A
成都云顶科技有限公司,90,A
成都云飞扬科技有限公司,90,A
成都云驰科技有限公司,90,A
成都云鬼网络科技有限公司,90,A
成都云鸽信息技术有限公司,90,A
成都云鹄知乎科技有限公司,90,A
成都云鹊物联科技有限公司,85,B
成都云麒智能科技有限公司,90,A
成都云鼎丝路信息技术有限公司,100,A
成都云鼎互娱科技有限公司,90,A
成都云鼎康德科技有限公司,90,A
成都云鼎数汇科技有限公司,90,A
成都云鼎智控科技有限公司,90,A
成都云鼎智能科技有限公司,90,A
成都互联分享科技股份有限公司,100,A
成都互联易通科技有限公司,100,A
成都互联汇智科技有限公司,75,C
成都互联蓉合电子商务有限公司,90,A
成都互联达信息技术有限公司,100,A
成都五一六隔震科技有限公司,75,C
成都五一科技有限公司,90,A
成都五义医疗器械有限公司,90,A
成都五义医疗科技有限公司,90,A
成都五义医疗设备有限公司,90,A
成都五方传奇物联网技术有限公司,100,A
成都五次方科技有限公司,90,A
成都五牛科技有限公司,100,A
成都五环新锐化工有限公司,100,A
成都五舟汉云科技有限公司,85,B
成都五言信息技术有限公司,90,A
成都五阳致新光电科技有限公司,90,A
成都亘波雷达科技有限公司,90,A
成都亚中生物制药有限责任公司,100,A
成都亚佳工程新技术开发有限公司,90,A
成都亚光电子股份有限公司,80,B
成都亚克力板业有限公司,100,A
成都亚创时代科技有限责任公司,90,A
成都亚原软件有限公司,90,A
成都亚土科技有限公司,95,A
成都亚威昇电力有限公司,100,A
成都亚恩建材有限公司,100,A
成都亚拉丁科技有限公司,90,A
成都亚沃航空科技有限公司,100,A
成都亚浩文化传播有限公司,90,A
成都亚玛亚天然食品有限公司,90,A
成都亚若斯贝科技有限公司,90,A
成都亚菁业成科技有限公司,90,A
成都亚讯星科科技股份有限公司,90,A
成都亚风远航科技有限公司,90,A
成都交博科技有限公司,100,A
成都交地智合科技有限公司,90,A
成都交大东路交通科技有限公司,90,A
成都交大光芒科技股份有限公司,100,A
成都交大大数据科技有限公司,100,A
成都交大川电科技有限公司,100,A
成都交大工程建设集团有限公司,85,B
成都交大工程建设集团测绘研究院有限公司,95,A
成都交大工程建设集团消防技术研究院有限公司,90,A
成都交大晶宇科技有限公司,80,B
成都交大焊接科技有限公司,90,A
成都交大电子有限责任公司,95,A
成都交大许继电气有限责任公司,100,A
成都交大运达电气有限公司,100,A
成都交子区块链产业创新中心有限公司,90,A
成都交子金服科技股份有限公司,100,A
成都交建科技有限公司,100,A
成都交投智慧停车产业发展有限公司,100,A
成都交投智慧停车科技有限公司,90,A
成都交拓科技有限公司,90,A
成都交控科技有限公司,100,A
成都交达智通科技有限公司,100,A
成都交达电气有限公司,90,A
成都亥酉科技有限公司,90,A
成都亦友网络科技有限公司,90,A
成都亦然科技有限公司,100,A
成都亦知科技有限公司,100,A
成都亦讯科技有限公司,90,A
成都亦铭知识产权服务有限公司,90,A
成都产品质量检验研究院有限责任公司,100,A
成都亨达药业有限公司,95,A
成都亨通光通信有限公司,95,A
成都亨顺通网络科技有限公司,90,A
成都享乐时代教育科技有限公司,90,A
成都享学科技有限公司,75,C
成都享筑网络科技有限公司,80,B
成都享米时舒食科技有限公司,55,E
成都京东方光电科技有限公司,95,A
成都京东方显示科技有限公司,100,A
成都京华思为教育科技有限公司,90,A
成都京妙科技有限责任公司,90,A
成都京成科技有限公司,90,A
成都京极科技有限公司,90,A
成都京淞精密机械科技有限公司,100,A
成都京牛物流服务有限公司,90,A
成都京盛源通信服务有限公司,90,A
成都京空世技网络科技有限公司,90,A
成都京蓉伟业电子有限公司,100,A
成都亮剑赢世智能科技有限公司,90,A
成都亮紫智能科技有限公司,75,C
成都亮阳广告有限公司,100,A
成都人人互动网络科技有限公司,50,E
成都人人信人力资源有限公司,90,A
成都人人才科技有限公司,90,A
成都人人科技有限公司,60,D
成都人境科技有限公司,100,A
成都人工智能呼叫产业园管理有限公司,90,A
成都亿企云科技有限公司,90,A
成都亿伏科技有限公司,90,A
成都亿佰特电子科技有限公司,100,A
成都亿信合科技有限公司,80,B
成都亿动视通科技有限公司,100,A
成都亿华通动力科技有限公司,90,A
成都亿博物流咨询有限公司,95,A
成都亿友科技有限公司,100,A
成都亿嘉联创科技有限公司,90,A
成都亿天航科技发展有限公司,100,A
成都亿妙生物科技有限公司,90,A
成都亿安赛迪环保科技有限公司,80,B
成都亿建联科技有限公司,100,A
成都亿微科技有限公司,90,A
成都亿成科技有限公司,100,A
成都亿户科技有限公司,75,C
成都亿旅科技有限公司,90,A
成都亿易科技有限公司,90,A
成都亿格人居科技有限公司,100,A
成都亿格可思数据有限公司,85,B
成都亿格智研科技有限公司,90,A
成都亿橙科技有限公司,90,A
成都亿泰人为科技有限公司,90,A
成都亿盛峰通信工程股份有限公司,100,A
成都亿盟恒信科技有限公司,100,A
成都亿睿科技有限公司,100,A
成都亿石创业孵化器有限公司,55,E
成都亿科康德电气有限公司,75,C
成都亿科环境科技有限公司,100,A
成都亿维时代科技有限公司,90,A
成都亿辰科技有限公司,90,A
成都亿迈科技有限公司,80,B
成都亿闻科技有限公司,90,A
成都亿阳信通信息技术有限公司,100,A
成都仁仁爱家窗饰有限公司,100,A
成都仁健微波技术有限公司,100,A
成都仁合智胜科技发展有限公司,100,A
成都仁和四方科技有限公司,100,A
成都仁和安信科技有限公司,100,A
成都仁善恒科技有限公司,90,A
成都仁域千益生物技术有限公司,90,A
成都仁域生物技术有限公司,90,A
成都仁峰教育信息技术有限公司,90,A
成都仁帆科技有限公司,90,A
成都仁恒博远软件科技有限公司,70,C
成都仁恒美光科技有限公司,100,A
成都仁本新动科技有限公司,100,A
成都仁源包装有限公司,100,A
成都仁脉科技有限公司,90,A
成都仁财教育科技有限公司,90,A
成都仁达至信科技有限公司,90,A
成都今之榜金属门窗有限公司,90,A
成都今创轨道交通设备有限公司,100,A
成都今山谷餐饮管理有限公司,100,A
成都今是知识产权代理有限公司,90,A
成都今是科技有限公司,90,A
成都今治环保设备有限公司,100,A
成都今网科技有限公司,100,A
成都今联科技有限责任公司,100,A
成都从周家居设计有限公司,90,A
成都仕康美生物科技有限公司,100,A
成都仕芯半导体有限公司,100,A
成都他奇信息技术有限公司,90,A
成都他影科技有限公司,90,A
成都仗剑科技有限公司,90,A
成都付出超过任何人努力科技有限公司,90,A
成都仙境爱丽丝科技有限公司,90,A
成都仙德科技有限公司,90,A
成都仙擎科技有限公司,90,A
成都仙童科技有限公司,100,A
成都仟优佰汇科技有限公司,90,A
成都仟悦慧科技集团有限公司,90,A
成都仟意劳务有限公司,100,A
成都仟禾致远科技有限公司,90,A
成都代瑞克科技咨询有限公司,90,A
成都令源科技有限责任公司,90,A
成都以上文化传播有限责任公司,100,A
成都以探文化传媒有限公司,90,A
成都以物思科技有限公司,100,A
成都以达通信设备有限公司,100,A
成都以邦医药科技有限公司,100,A
成都仨英智能科技有限公司,90,A
成都仪秦工程咨询有限责任公司,90,A
成都仪隆电子有限公司,90,A
成都仲伯科技有限公司,90,A
成都仲启网络科技有限公司,100,A
成都仲诚博创科技有限公司,100,A
成都任小满科技有限责任公司,100,A
成都任性科技有限公司,90,A
成都任我游网络科技有限公司,100,A
成都任我行千方百剂软件有限公司,100,A
成都任我行快马科技有限公司,100,A
成都任我行软件股份有限公司,100,A
成都企企科技有限公司,100,A
成都企小宝企业管理咨询有限公司,90,A
成都企度神策科技有限公司,90,A
成都企淘客科技有限公司,90,A
成都企视云科技有限公司,100,A
成都企软数字科技有限公司,90,A
成都企钥软件有限公司,90,A
成都企钧大数据有限公司,90,A
成都企链科技有限公司,90,A
成都伊仟科技有限公司,90,A
成都伊升网络科技有限公司,100,A
成都伊塞能人力资源管理有限公司,80,B
成都伊所科技有限公司,90,A
成都伊斯群慕信息技术有限公司,90,A
成都伊斯顿过滤器有限公司,100,A
成都伊施德西电子科技有限公司,90,A
成都伊添佑数据科技有限公司,80,B
成都伊甸信息科技有限公司,100,A
成都伊科科技有限公司,90,A
成都伊美特科技有限公司,100,A
成都伊莱特光测科技有限公司,90,A
成都伊诺达博医药科技有限公司,100,A
成都伊贝基科技有限公司,100,A
成都伊问医答信息技术有限公司,90,A
成都伍友再生资源回收有限公司,90,A
成都伍田机械技术有限责任公司,95,A
成都伏尔肯半导体材料有限公司,90,A
成都伏泰科技有限责任公司,100,A
成都众一高材科技有限公司,100,A
成都众乐泰科技有限公司,100,A
成都众云微科技有限公司,100,A
成都众享天地网络科技有限公司,80,B
成都众人安科技有限责任公司,90,A
成都众人科创信息技术有限公司,90,A
成都众仁精密机械设备有限公司,100,A
成都众企蓝天节能环保科技有限公司,100,A
成都众信云华科技咨询有限公司,90,A
成都众信智能科技有限公司,100,A
成都众信至诚软件开发有限公司,100,A
成都众兴美源生物科技有限公司,90,A
成都众创卓悦科技有限公司,60,D
成都众利圆信息技术有限公司,95,A
成都众力伟业安防设备有限公司,100,A
成都众匠科技有限公司,100,A
成都众医捷科技有限公司,90,A
成都众华韵科技有限公司,90,A
成都众博远兴科技有限公司,90,A
成都众合升智能科技有限公司,90,A
成都众合启创科技有限公司,90,A
成都众合智汇科技有限公司,90,A
成都众和昊天科技有限公司,90,A
成都众品电子有限公司,100,A
成都众商易信息技术有限公司,90,A
成都众安自动控制设备有限公司,100,A
成都众山科技有限公司,100,A
成都众希新能源科技有限公司,90,A
成都众影医疗科技有限公司,100,A
成都众志天成科技有限公司,100,A
成都众志天成软件技术有限公司,100,A
成都众志登峰标识制作有限公司,90,A
成都众恒信达科技有限公司,90,A
成都众恒印务有限责任公司,100,A
成都众恒诚精密科技有限公司,100,A
成都众恒通通讯设备有限公司,90,A
成都众成新型复合材料有限公司,100,A
成都众旅酒店管理服务有限公司,90,A
成都众易通科技有限公司,100,A
成都众智信软科技有限公司,90,A
成都众智双元科技有限公司,90,A
成都众智诚成石油科技有限公司,90,A
成都众望联谊信息技术有限公司,100,A
成都众柴科技有限公司,100,A
成都众燚源芯科技有限公司,90,A
成都众畅软件开发有限责任公司,100,A
成都众睿达科技有限公司,100,A
成都众码科技有限公司,100,A
成都众笙文化传播有限公司,100,A
成都众耀数成科技有限公司,90,A
成都众联优拓科技有限公司,90,A
成都众联信德科技有限公司,90,A
成都众联基智科技有限公司,90,A
成都众芯思创科技有限公司,90,A
成都众芯源创科技有限公司,90,A
成都众芯科创科技有限公司,100,A
成都众萃乾元科技有限公司,90,A
成都众视通科技有限公司,100,A
成都众诚博大环保科技有限公司,100,A
成都众谋数创信息技术有限公司,90,A
成都众赢世纪科技有限公司,100,A
成都众车科技有限责任公司,90,A
成都众远管业有限公司,100,A
成都众鑫展途科技有限公司,100,A
成都众鑫机械有限公司,95,A
成都众鑫种蜂场,90,A
成都众鑫聚合科技有限公司,90,A
成都众鑫达超硬工具材料科技有限公司,100,A
成都众链数科科技有限公司,90,A
成都众陇农业发展有限公司,90,A
成都优之彩科技有限公司,90,A
成都优乐享数字技术有限公司,90,A
成都优乐控智能科技有限责任公司,90,A
成都优仿科技有限公司,100,A
成都优优远途科技有限公司,90,A
成都优信创展信息技术有限公司,100,A
成都优兰达新能源汽车服务有限公司,90,A
成都优内特智能科技有限公司,90,A
成都优创力软件技术有限公司,90,A
成都优创力软件技术有限公司,90,A
成都优创复材科技有限公司,90,A
成都优创微艺文化传媒有限公司,90,A
成都优创智盈科技有限公司,90,A
成都优创美家信息技术有限公司,85,B
成都优利多省信息科技有限公司,90,A
成都优利酷恩新材料有限公司,90,A
成都优力克信息技术有限公司,90,A
成都优力特新材料科技有限公司,100,A
成都优单科技有限公司,70,C
成都优博创通信技术有限公司,90,A
成都优博同创信息技术有限公司,90,A
成都优卡企信企业征信服务有限公司,90,A
成都优卡信息科技有限公司,85,B
成都优卡数信信息科技有限公司,90,A
成都优卡数财信息科技有限公司,90,A
成都优吸点环保科技有限公司,90,A
成都优品数据科技有限公司,90,A
成都优品数码标签科技有限公司,100,A
成都优品涂料有限公司,100,A
成都优啊网络科技有限公司,90,A
成都优地技术有限公司,90,A
成都优声科技有限公司,90,A
成都优奈特科技发展有限公司,90,A
成都优威骐翼教育科技有限公司,100,A
成都优孚达信息技术有限公司,90,A
成都优客互联科技有限公司,90,A
成都优家生活科技有限公司,90,A
成都优小保科技有限公司,90,A
成都优巢嘉网络科技有限公司,90,A
成都优帆科技有限责任公司,100,A
成都优幕优课企业管理咨询有限公司,90,A
成都优幕文化传播有限公司,100,A
成都优引力包装有限公司,100,A
成都优弗科技有限公司,100,A
成都优彼致愿教育科技有限公司,90,A
成都优悦数创科技有限公司,90,A
成都优悦汇科技有限公司,100,A
成都优拓优联科技有限公司,100,A
成都优数时代科技有限公司,90,A
成都优旭科技有限公司,85,B
成都优易惠通科技有限公司,90,A
成都优易数据有限公司,95,A
成都优易智数科技有限公司,90,A
成都优易票信息科技有限公司,90,A
成都优术信息技术服务有限公司,90,A
成都优材科技有限公司,90,A
成都优杜科技有限公司,90,A
成都优查科技有限公司,90,A
成都优标生物科技有限公司,90,A
成都优泰森生物工程有限公司,90,A
成都优洛生物科技有限公司,90,A
成都优浦水务科技集团有限公司,100,A
成都优游信息技术有限公司,90,A
成都优澄信息科技有限公司,90,A
成都优瑞克能源科技有限公司,90,A
成都优盼信息科技有限公司,90,A
成都优睿智造科技有限公司,90,A
成都优秤智能科技有限公司,90,A
成都优立方科技有限公司,90,A
成都优立特科技有限公司,90,A
成都优米可科技有限公司,90,A
成都优翔信息技术有限公司,100,A
成都优翼智汇科技有限公司,90,A
成都优联优佳网络技术有限公司,100,A
成都优聚软件有限责任公司,100,A
成都优艾维智能科技有限责任公司,100,A
成都优艾维智能科技有限责任公司,100,A
成都优芯微电子技术有限公司,100,A
成都优芯微科技有限公司,100,A
成都优蕊光电科技有限公司,90,A
成都优规科技有限公司,90,A
成都优视光电技术有限公司,100,A
成都优讯网科信息技术有限公司,100,A
成都优译信息技术股份有限公司,100,A
成都优询人工智能科技有限公司,90,A
成都优谱德信息技术有限公司,100,A
成都优赛诺生物科技有限公司,90,A
成都优赞网络科技有限公司,70,C
成都优越科技有限公司,100,A
成都优软信息技术有限公司,100,A
成都优迅医学检验实验室有限公司,100,A
成都优迅通科技有限公司,90,A
成都优迈科思信息科技有限责任公司,90,A
成都优选仓科技有限公司,90,A
成都优途科技有限公司,100,A
成都优银安科技有限公司,100,A
成都优链加科技有限公司,100,A
成都优雅慧教育科技有限公司,80,B
成都优顿射线防护工程有限公司,100,A
成都优鲸人工智能科技有限公司,90,A
成都会众云科技有限公司,90,A
成都会写教育科技有限公司,90,A
成都会想家网络科技有限公司,100,A
成都会生活信息技术有限公司,90,A
成都伞塔食品有限公司,100,A
成都伟东海纳易学教育科技有限公司,90,A
成都伟力精睿科技有限公司,100,A
成都伟大奇智能光电有限公司,90,A
成都伟川印务有限公司,100,A
成都伟洪电子科技有限公司,80,B
成都伟特自动化工程有限公司,100,A
成都伟腾环保科技有限公司,100,A
成都伟航创达科技有限责任公司,90,A
成都伟航科技有限公司,90,A
成都传不科技有限公司,100,A
成都传奇兄弟信息技术有限公司,90,A
成都传晟信息技术有限公司,100,A
成都传程科技有限公司,100,A
成都传视科技有限公司,100,A
成都传趣科技有限公司,90,A
成都伦力表具有限公司,85,B
成都伦慈仪表有限公司,95,A
成都伯云科技有限公司,90,A
成都伯瑞思信息技术有限公司,95,A
成都伯航科技有限公司,90,A
成都伶可文化传播有限公司,100,A
成都伽伽大科技有限公司,100,A
成都住满科技有限公司,100,A
成都佐云网络科技有限责任公司,90,A
成都佐奕明科技有限公司,70,C
成都佐罗软件有限公司,90,A
成都佐莱门业有限公司,90,A
成都佑勤网络科技有限公司,100,A
成都体素科技有限公司,90,A
成都余香科技股份有限公司,100,A
成都你好植物科技有限公司,95,A
成都你好萝卜科技有限公司,90,A
成都佩克斯新材料有限公司,100,A
成都佩德生物医药有限公司,90,A
成都佩普医药科技有限公司,90,A
成都佰利新材料科技有限公司,100,A
成都佰川生物科技有限公司,80,B
成都佰微软件有限公司,85,B
成都佰德利汽车安全系统有限公司,100,A
成都佰思格科技有限公司,90,A
成都佰旺科技有限公司,90,A
成都佰椿石油科技有限公司,100,A
成都佰纳瑞信息技术有限公司,90,A
成都佰维生物科技有限公司,90,A
成都佰航互动网络科技有限公司,90,A
成都佰跃力成液压机械有限公司,90,A
成都佳世海生物科技有限公司,90,A
成都佳世照明设备有限公司,100,A
成都佳仕得科技有限公司,90,A
成都佳伦机械有限公司,100,A
成都佳佩科技发展有限公司,95,A
成都佳信电气工程技术有限公司,100,A
成都佳信达科技有限公司,100,A
成都佳创铭启科技有限公司,80,B
成都佳华物链云科技有限公司,100,A
成都佳发安泰教育科技股份有限公司,100,A
成都佳发安泰教育科技股份有限公司,90,A
成都佳发安泰教育科技股份有限公司,90,A
成都佳发教育科技有限公司,90,A
成都佳和装饰工程有限公司,95,A
成都佳士科技有限公司,85,B
成都佳宇叔叔科技有限公司,90,A
成都佳数度信息科技有限公司,90,A
成都佳明航电科技有限公司,100,A
成都佳易联电子科技有限公司,90,A
成都佳爱教育科技有限公司,100,A
成都佳瑞祥科技有限公司,100,A
成都佳电电机有限公司,100,A
成都佳秀科技有限公司,100,A
成都佳美净环保科技有限公司,90,A
成都佳翼恒信科技有限公司,90,A
成都佳航睿选科技有限公司,90,A
成都佳航餐饮管理有限责任公司,100,A
成都佳誉机械有限公司,100,A
成都佳诚弘毅科技股份有限公司,100,A
成都佳语科技有限公司,90,A
成都佳贝尔电子科技有限责任公司,100,A
成都佳辉蓉达环保科技有限公司,100,A
成都佳辰国友科技有限公司,90,A
成都佳运天成企业管理咨询有限公司,90,A
成都佳运天成知识产权代理有限公司,90,A
成都佳运天成知识产权代理有限公司,90,A
成都佳都华科技有限公司,90,A
成都佳锂科技有限公司,100,A
成都佳阳智能家居有限公司,90,A
成都佳音多语信息技术有限公司,100,A
成都佳顺欣科技有限公司,90,A
成都佳飞科技开发有限公司,100,A
成都佳饰家装饰新材料科技有限公司,100,A
成都佳驰电子科技股份有限公司,100,A
成都依友科技有限公司,90,A
成都依思康生物科技有限公司,90,A
成都依瑞特包装制品有限公司,90,A
成都依电科技有限公司,90,A
成都依美斯洁具有限公司,80,B
成都依能科技股份有限公司,100,A
成都依路达海科技有限公司,50,E
成都依高信息科技有限公司,90,A
成都侠客令云加速科技有限公司,100,A
成都侠客岛企业联合办公室管理有限公司,100,A
成都侠客岛信息科技有限公司,90,A
成都侠客星空科技有限公司,90,A
成都侣康科技有限公司,90,A
成都俊云科技有限公司,100,A
成都俊介科技有限公司,90,A
成都俊创集成电路有限公司,90,A
成都俊客集英科技有限公司,90,A
成都俊杨科技有限公司,100,A
成都俊童教育咨询有限公司,90,A
成都俊虹建材有限公司,70,C
成都俊马密封科技股份有限公司,100,A
成都保堡智能科技有限公司,100,A
成都保完质科技有限公司,90,A
成都保得物流有限公司,100,A
成都保来科技有限公司,90,A
成都保社立科技有限公司,90,A
成都信为科技有限公司,100,A
成都信义恒建筑机械租赁有限公司,100,A
成都信元时代科技有限公司,80,B
成都信创智能设备有限公司,100,A
成都信升斯科技有限公司,95,A
成都信华光电技术有限公司,100,A
成都信友嘉诚电子科技有限公司,100,A
成都信和伟业科技有限公司,100,A
成都信和创业科技有限责任公司,100,A
成都信和大通隧道装备有限公司,85,B
成都信安通科技有限公司,100,A
成都信得实业有限公司,100,A
成都信必优信息技术有限公司,100,A
成都信拓卓成科技有限公司,100,A
成都信捷财税咨询有限公司,90,A
成都信新数码科技有限公司,100,A
成都信智鼎机电设备有限公司,100,A
成都信本科技有限公司,95,A
成都信汇聚源科技有限公司,85,B
成都信泰科技有限公司,100,A
成都信然博创生物科技有限公司,90,A
成都信燚捷成科技有限公司,100,A
成都信科宸电子科技有限公司,90,A
成都信科锐思软件技术有限公司,90,A
成都信立制药化工设备有限公司,85,B
成都信立诺医药科技有限公司,100,A
成都信航智芯电子科技有限公司,90,A
成都信航智远电子科技有限公司,90,A
成都信航科技有限公司,100,A
成都信衡通信技术有限公司,100,A
成都信诺安联科技服务有限公司,90,A
成都信达合创信息技术有限公司,90,A
成都信达成网络科技有限公司,90,A
成都信达智胜科技有限公司,100,A
成都信达高分子材料有限公司,100,A
成都信通信息技术有限公司,100,A
成都信通网易医疗科技发展有限公司,100,A
成都信酬科技有限公司,100,A
成都信领科技有限公司,90,A
成都修源科技开发有限公司,80,B
成都修邦德丰信息工程有限公司,90,A
成都俱进科技有限公司,90,A
成都倍施特起重机械有限公司,100,A
成都倍特哈搏生物科技有限公司,90,A
成都倍特新启生物医药有限责任公司,90,A
成都倍特药业股份有限公司,95,A
成都倍瑞精密机械有限公司,100,A
成都倍芯传感技术有限公司,90,A
成都倍菲信机器人科技有限公司,100,A
成都倍行网络科技有限公司,100,A
成都倍诺德科技有限公司,100,A
成都倍速特机电设备有限公司,90,A
成都倒立摆科技有限公司,90,A
成都倚天斋工贸有限公司,100,A
成都借宝科技有限公司,100,A
成都倬睿工业设计有限公司,70,C
成都倾程网络科技有限公司,90,A
成都倾艾地生物科技有限公司,90,A
成都停了吗信息技术有限公司,90,A
成都健之乡科技有限公司,100,A
成都健卓科技有限公司,90,A
成都健尔科技有限公司,90,A
成都健康医联信息产业有限公司,90,A
成都健康客科技有限公司,85,B
成都健数科技有限公司,100,A
成都健腾生物技术有限公司,100,A
成都健茂科技有限公司,100,A
成都偶邦智能科技有限公司,90,A
成都傅立叶电子科技有限公司,100,A
成都储翰科技股份有限公司,100,A
成都储能云谷信息技术有限公司,90,A
成都储迅科技有限责任公司,90,A
成都傲世信息技术有限公司,90,A
成都傲中科技有限公司,100,A
成都傲凯科技有限责任公司,90,A
成都傲择科技有限公司,90,A
成都傲梅科技有限公司,100,A
成都傲游风口信息技术有限公司,90,A
成都傲科新技术有限责任公司,90,A
成都傲飞生物化学品有限责任公司,90,A
成都像我家科技有限公司,90,A
成都像素星空科技有限公司,100,A
成都像素龙网络科技有限公司,100,A
成都僖行天下科技有限公司,70,C
成都儒天科技有限公司,90,A
成都兀几视界科技有限公司,90,A
成都允芯中微科技有限公司,90,A
成都允高科技有限公司,100,A
成都元伦华科技有限公司,90,A
成都元创跃林科技有限公司,90,A
成都元吉嘉业科技有限公司,90,A
成都元圈科技有限公司,90,A
成都元坤科技有限公司,100,A
成都元智文博科技有限责任公司,90,A
成都元来云志科技有限公司,100,A
成都元气食品有限责任公司,100,A
成都元泰达科技有限公司,100,A
成都元泽环境技术有限公司,95,A
成都元点智库科技有限公司,90,A
成都元玩糖科技有限公司,90,A
成都元素科技有限公司,100,A
成都元象科技有限公司,100,A
成都元通科技有限公司,90,A
成都兆云科技有限公司,100,A
成都兆国科技有限公司,90,A
成都兆益科技发展有限责任公司,95,A
成都兆美网络科技有限公司,90,A
成都兆雄智能设备有限公司,100,A
成都先导共创科技有限公司,90,A
成都先导药物开发股份有限公司,100,A
成都先导药物开发股份有限公司,100,A
成都先正新材料有限公司,100,A
成都先知者科技有限公司,100,A
成都先胜信息科技有限公司,100,A
成都先衍生物技术有限公司,90,A
成都先达卡智能科技有限公司,90,A
成都先进功率半导体股份有限公司,100,A
成都先进金属材料产业技术研究院股份有限公司,90,A
成都光之远照明设备有限公司,100,A
成都光享科技有限公司,90,A
成都光创联科技有限公司,100,A
成都光华志诚科技有限公司,90,A
成都光华科技发展有限公司,95,A
成都光厂创意科技有限公司,70,C
成都光友机电制造有限公司,100,A
成都光合效应体育文化传播有限公司,80,B
成都光合食品有限公司,100,A
成都光启机电设备工程有限公司,100,A
成都光圆科技有限公司,90,A
成都光大测绘咨询有限公司,100,A
成都光大灵曦科技发展股份有限公司,90,A
成都光大灵羲科技有限公司,100,A
成都光大电力电子研究所,100,A
成都光大网络科技有限公司,90,A
成都光宇瀚网络科技有限公司,90,A
成都光恒互动科技有限公司,95,A
成都光数云联科技有限公司,90,A
成都光明光学元件有限公司,100,A
成都光明光电有限责任公司,100,A
成都光明光电股份有限公司,85,B
成都光束慧联科技有限公司,100,A
成都光焱信息技术有限责任公司,95,A
成都光电传感技术研究所有限公司,100,A
成都光航信科技有限公司,100,A
成都光芯科技有限公司,100,A
成都光讯达科技有限公司,100,A
成都光谷加佳好科技有限公司,90,A
成都光越科技有限公司,100,A
成都光跃物流有限公司,90,A
成都光轮世纪科技有限公司,90,A
成都光速未来科技有限公司,100,A
成都光速财务咨询有限公司,100,A
成都光逸科技有限公司,100,A
成都光隐科技有限公司,90,A
成都光隧亿维科技有限公司,90,A
成都光魔科技有限公司,90,A
成都克万机械设备技术服务有限公司,100,A
成都克伏特航空设备有限公司,90,A
成都克密斯机械制造有限公司,55,E
成都克思兄弟科技有限公司,90,A
成都克林倍洁航空用品有限公司,90,A
成都克洛玛生物科技有限公司,100,A
成都克润科技有限公司,90,A
成都克瑞斯科技有限公司,100,A
成都克莱蒙医药科技有限公司,90,A
成都克诺福科技有限公司,100,A
成都兔佳人农业科技有限公司,90,A
成都兢志成电子科技有限公司,90,A
成都全亮科技有限公司,90,A
成都全员塑胶管业有限公司,100,A
成都全城热链网络科技有限公司,90,A
成都全域智旅科技有限公司,90,A
成都全威饲料科技有限公司,95,A
成都全富科技有限公司,100,A
成都全志科技有限公司,90,A
成都全时云信息技术有限公司,100,A
成都全景德康医学影像诊断中心有限公司,100,A
成都全景恒升科技有限公司,90,A
成都全景智慧创新科技有限公司,90,A
成都全景立方科技有限公司,90,A
成都全景网络发展有限公司,90,A
成都全析生物技术有限公司,90,A
成都全犀健康科技有限公司,90,A
成都全码特时代科技有限公司,95,A
成都全积分网络科技有限公司,100,A
成都全维度科技有限公司,100,A
成都全馨科技有限公司,80,B
成都八九九科技股份有限公司,100,A
成都八千翼网络科技有限公司,95,A
成都八月网络科技有限公司,90,A
成都八百呼科技有限公司,100,A
成都八达接插件有限公司,95,A
成都六三三机电科技有限公司,100,A
成都六三零电子设备有限公司,100,A
成都六九一四科技有限公司,100,A
成都六六五网络科技有限公司,90,A
成都六格科技有限公司,90,A
成都六汇鑫邦农业科技有限公司,100,A
成都六然医疗科技有限公司,90,A
成都六秦互动科技有限公司,100,A
成都六米科技有限公司,90,A
成都六缮商贸有限公司,100,A
成都六零加信息技术有限公司,100,A
成都兰华能源有限公司,60,D
成都兰卡科技有限公司,90,A
成都兰布达科技有限公司,90,A
成都兰惠云商贸有限公司,90,A
成都兰石低温科技有限公司,95,A
成都兰途网络科技有限公司,100,A
成都共享先锋科技有限公司,90,A
成都共同散热器有限公司,85,B
成都共同管业集团股份有限公司,100,A
成都共同进步信息技术有限公司,100,A
成都共同钢塑制品有限公司,100,A
成都共源科技有限公司,100,A
成都共达旭晟科技有限公司,85,B
成都关心堂科技有限公司,100,A
成都兴世伟门业有限公司,95,A
成都兴业雷安电子有限公司,100,A
成都兴东电新材料科技有限公司,80,B
成都兴之艺科技有限公司,95,A
成都兴仁科技有限公司,100,A
成都兴企科技有限公司,90,A
成都兴保易网络科技有限公司,85,B
成都兴信机电设备有限公司,100,A
成都兴兴蓉通信科技有限公司,100,A
成都兴军安科技有限公司,100,A
成都兴利伟业科技有限公司,90,A
成都兴北元建设有限公司,90,A
成都兴华云筑信息技术有限公司,90,A
成都兴华电科信息技术有限公司,90,A
成都兴南真科科技有限责任公司,90,A
成都兴合顺新能源科技有限公司,90,A
成都兴唐信息技术有限公司,100,A
成都兴多维科技有限公司,90,A
成都兴天诚绿色建筑科技有限公司,70,C
成都兴宇精密铸造有限公司,100,A
成都兴川泰商贸有限公司,90,A
成都兴广艺科技有限公司,90,A
成都兴恒合科技有限公司,100,A
成都兴旺发塑胶有限公司,100,A
成都兴晟华印务有限公司,85,B
成都兴晨环保科技有限公司,90,A
成都兴核能源科技有限公司,100,A
成都兴格尔科技有限公司,90,A
成都兴民科技有限公司,100,A
成都兴永兴印务有限公司,100,A
成都兴沣瑞药业有限责任公司,90,A
成都兴洲科技有限公司,100,A
成都兴源美城环保科技有限公司,90,A
成都兴百川科技有限公司,90,A
成都兴益智创规划设计有限公司,90,A
成都兴睿宝电子科技有限公司,100,A
成都兴科维真空科技有限公司,90,A
成都兴科达电器实业有限公司,95,A
成都兴竹软件技术有限公司,100,A
成都兴红英汽车销售服务有限公司,100,A
成都兴鑫悦环保技术开发有限公司,100,A
成都兴锐新材料有限公司,90,A
成都兴隆卓果科技有限公司,90,A
成都兴隆智谷科技发展有限公司,90,A
成都兴飞乐科技有限公司,90,A
成都兴鹏远建筑安装工程有限公司,100,A
成都兵峰科技有限公司,100,A
成都其二科技有限公司,90,A
成都其联科技有限公司,90,A
成都具鑫机械设备有限公司,100,A
成都典一科技有限公司,90,A
成都典博立信息技术有限公司,90,A
成都典恒科技有限公司,100,A
成都典雅名居建材有限公司,100,A
成都兹维克阀门有限公司,100,A
成都养元动物科技有限公司,100,A
成都冈与轩齐科技有限公司,90,A
成都再见出行科技有限公司,55,E
成都冕康生物科技有限公司,90,A
成都军武石油工程技术有限公司,90,A
成都军民标充智能科技有限公司,90,A
成都军源信科技有限公司,90,A
成都军融项目管理有限公司,90,A
成都农商通网络科技集团有限公司,80,B
成都农舆科技有限公司,85,B
成都农高技转科技有限公司,90,A
成都冠为科技有限公司,90,A
成都冠亿科技有限公司,100,A
成都冠佳科技有限公司,100,A
成都冠唐科技有限公司,100,A
成都冠盛互娱科技有限公司,90,A
成都冠禹科技有限公司,90,A
成都冠群世纪科技有限公司,100,A
成都冠群信息技术有限公司,95,A
成都冠领建筑劳务有限公司,100,A
成都冬明意匠科技有限公司,90,A
成都冰果数码科技有限公司,100,A
成都冰火岛信息科技有限公司,90,A
成都冰火无线科技有限公司,100,A
成都冰蓝云科技有限公司,90,A
成都冰蓝科技有限公司,100,A
成都冰蛙游戏有限公司,90,A
成都冰鉴信息科技有限公司,100,A
成都冰雪鲜生食品有限公司,90,A
成都冶兴润达新型建材有限公司,90,A
成都冶恒电子有限公司,100,A
成都冶金实验厂有限公司,100,A
成都冷云能源科技有限公司,100,A
成都净天科技有限公司,100,A
成都净好科技有限公司,55,E
成都净康居环保科技有限公司,90,A
成都净空科技有限公司,90,A
成都净蓝科技有限公司,100,A
成都准发他网络科技发展有限公司,90,A
成都准度科技有限公司,100,A
成都准星云学科技有限公司,90,A
成都准望科技有限公司,90,A
成都凌云世纪科技发展有限公司,100,A
成都凌云机电设备有限公司,100,A
成都凌亚科技有限公司,100,A
成都凌凯通信技术有限公司,100,A
成都凌势科技有限公司,90,A
成都凌升精密机械制造有限公司,95,A
成都凌壮科技有限公司,90,A
成都凌宇创新科技有限公司,90,A
成都凌德科技有限公司,100,A
成都凌感科技有限公司,100,A
成都凌拓智能科技有限公司,90,A
成都凌曦科技有限公司,90,A
成都凌正机电设备有限公司,100,A
成都凌泰氪生物技术有限公司,90,A
成都凌炘科技有限公司,100,A
成都凌点科技有限公司,100,A
成都凌瑞智同科技有限公司,100,A
成都凌耀新能源技术有限公司,90,A
成都凌菲电子科技有限公司,90,A
成都凌轩精密机械有限公司,100,A
成都凌锐制冷设备有限公司,100,A
成都凌飞创想科技有限公司,90,A
成都凌鸿科技有限公司,90,A
成都凌鹏科技有限公司,90,A
成都凝创合炬生物科技集团有限公司,85,B
成都凝戎网络科技有限公司,90,A
成都凝结科技有限公司,90,A
成都凝聚创艺科技有限公司,90,A
成都凝聚永恒科技有限公司,100,A
成都几净科技有限公司,90,A
成都几维科技有限公司,90,A
成都凡世创科技有限公司,100,A
成都凡城云上科技有限公司,90,A
成都凡尔纳科技有限公司,90,A
成都凡帕斯网络科技有限公司,90,A
成都凡微析医药科技有限公司,100,A
成都凡拓数字创意科技有限公司,90,A
成都凡晶生物技术有限公司,90,A
成都凡森科技有限公司,90,A
成都凡童科技有限公司,90,A
成都凡米科技有限公司,85,B
成都凡诺西生物医药科技有限公司,90,A
成都凡象信息技术有限公司,90,A
成都凡车汇信息技术有限公司,100,A
成都凡达尔电子科技有限公司,90,A
成都凡达科技有限责任公司,100,A
成都凡迪医学检验所有限公司,90,A
成都凡迪医疗器械有限公司,90,A
成都凡迪科技有限公司,100,A
成都凡逸网络科技有限公司,90,A
成都凡里普科技有限公司,90,A
成都凤凰优创众创空间有限公司,90,A
成都凯为信息科技有限公司,100,A
成都凯亚美环保机械制造股份有限公司,100,A
成都凯信易达科技有限公司,100,A
成都凯利智科技有限公司,90,A
成都凯喜科技有限公司,90,A
成都凯圣捷科技有限公司,100,A
成都凯天电子股份有限公司,95,A
成都凯天通导科技有限公司,90,A
成都凯威智达电子科技有限公司,100,A
成都凯威电子科技有限公司,100,A
成都凯宛科技有限公司,90,A
成都凯密扩科技有限公司,90,A
成都凯尼恩机电安装工程有限公司,100,A
成都凯布网络科技有限公司,100,A
成都凯悦科技有限公司,100,A
成都凯斯坦生物医药有限公司,90,A
成都凯斯拓通信科技有限公司,100,A
成都凯旋兰达电子科技有限公司,70,C
成都凯旋科技有限公司,90,A
成都凯普医学检验所有限公司,90,A
成都凯景智能设备有限公司,80,B
成都凯汇科技有限公司,90,A
成都凯泉铁路配件有限责任公司,95,A
成都凯泽科技有限公司,100,A
成都凯浩建材有限公司,100,A
成都凯源祥科技有限公司,100,A
成都凯特万瑞精密机械有限公司,100,A
成都凯特世纪动漫制作有限公司,90,A
成都凯特云信息科技有限公司,100,A
成都凯特云信息科技有限公司,100,A
成都凯特有机硅新材料科技有限公司,100,A
成都凯特诺信信息技术有限公司,65,D
成都凯瑞互娱科技有限公司,80,B
成都凯瑞思工程设计有限责任公司,100,A
成都凯瑞特输送机械制造有限公司,100,A
成都凯睿企业管理咨询有限公司,85,B
成都凯磁科技有限公司,90,A
成都凯米特科技有限公司,100,A
成都凯维仕科技有限公司,90,A
成都凯翔化工有限公司,100,A
成都凯胜莱环保科技有限公司,100,A
成都凯腾四方数字广播电视设备有限公司,100,A
成都凯莉伟业科技有限公司,90,A
成都凯莱特科技有限公司,100,A
成都凯诺博源医药科技有限公司,90,A
成都凯赛尔电子有限公司,100,A
成都凯赛尔科技有限公司,90,A
成都凯路威电子有限公司,100,A
成都凯远流体控制工程有限公司,100,A
成都凯迪精工科技有限责任公司,100,A
成都凯迪精工科技有限责任公司,100,A
成都凯迪精工科技有限责任公司,100,A
成都凯迪飞研科技有限责任公司,100,A
成都凯里恩科技有限公司,100,A
成都凯隆机械维修有限公司,100,A
成都凯驰汽车底盘系统有限公司,90,A
成都出瑞科技有限公司,70,C
成都刀锋创意科技有限公司,100,A
成都分合科技有限责任公司,90,A
成都分迪科技有限公司,90,A
成都分迪药业有限公司,90,A
成都列星科技有限公司,90,A
成都刘云波医疗投资管理有限责任公司,90,A
成都刘管家企业管理咨询有限公司,90,A
成都创世云图科技有限公司,90,A
成都创世汉沙科技有限公司,100,A
成都创丰科立电子科技有限公司,90,A
成都创乐汇互动科技有限责任公司,90,A
成都创乐汇互娱科技有限公司,100,A
成都创享建站科技有限公司,100,A
成都创享知道信息技术有限公司,90,A
成都创享联动网络科技有限公司,90,A
成都创享零零一科技有限公司,90,A
成都创人所爱科技股份有限公司,85,B
成都创亿世通科技有限公司,90,A
成都创亿嘉科技有限公司,90,A
成都创企小优科技有限公司,90,A
成都创信华通信息技术有限公司,100,A
成都创信特电子技术有限公司,100,A
成都创元世纪科技有限公司,90,A
成都创元电子有限公司,100,A
成都创兴元科技有限公司,100,A
成都创兴卓越科技有限公司,100,A
成都创博智恒科技有限公司,90,A
成都创发科技有限公司,90,A
成都创合丰生物科技有限公司,100,A
成都创吉科技有限责任公司,100,A
成都创天时代科技发展有限公司,100,A
成都创奇汽车制造有限公司,80,B
成都创宜生物科技有限公司,100,A
成都创客邦创业孵化器管理有限公司,90,A
成都创帆文化科技有限公司,100,A
成都创帆易科技有限公司,90,A
成都创思云联科技有限公司,90,A
成都创思立信信息技术有限公司,100,A
成都创思立信科技有限责任公司,90,A
成都创想慧科技股份有限公司,90,A
成都创意云科技有限公司,90,A
成都创意小栈企业管理有限公司,70,C
成都创意山文化传播有限公司,90,A
成都创意美科技有限公司,90,A
成都创感时代科技有限公司,70,C
成都创慧华锦科技有限公司,90,A
成都创慧泰达科技有限公司,90,A
成都创投医疗器械有限公司,100,A
成都创新天府智能技术研究院有限公司,90,A
成都创新生产力科技有限责任公司,100,A
成都创新达微波电子有限公司,100,A
成都创智奥轩科技有限公司,100,A
成都创智恒瑞生物科技有限公司,90,A
成都创智数联科技有限公司,100,A
成都创智星熠网络技术有限公司,90,A
成都创智灵图科技有限公司,90,A
成都创智联合科技有限公司,90,A
成都创智锐科技有限公司,100,A
成都创未电子科技有限公司,100,A
成都创构建筑设计有限公司,100,A
成都创栖农业科技有限公司,90,A
成都创梦空间科技有限公司,90,A
成都创流科技有限责任公司,90,A
成都创游科技有限公司,90,A
成都创游至睿网络科技有限公司,90,A
成都创源油气技术开发有限公司,100,A
成都创爱维盛科技有限公司,100,A
成都创百优科技有限公司,90,A
成都创益星技术服务有限公司,90,A
成都创睦信息技术有限公司,90,A
成都创磊机械有限公司,95,A
成都创禾聚力科技有限公司,90,A
成都创科升电子科技有限责任公司,100,A
成都创科智控自动化科技有限公司,100,A
成都创聚联和贸易有限公司,80,B
成都创芯包装技术有限公司,100,A
成都创芯电子科技有限公司,100,A
成都创虹科技有限公司,100,A
成都创融达科技有限公司,100,A
成都创行信息科技有限公司,90,A
成都创视科技有限公司,100,A
成都创诚智联科技有限公司,90,A
成都创趣多科技有限公司,90,A
成都创迪光电科技有限公司,90,A
成都创造者科技有限公司,100,A
成都创酷自由动漫设计有限公司,100,A
成都创镝光电科技有限公司,90,A
成都创雅达科技有限公司,90,A
成都创青春教育咨询有限公司,90,A
成都创驰汽车底盘系统有限公司,100,A
成都初唐网络科技股份有限公司,100,A
成都初晰互动科技有限公司,95,A
成都初肆柒叁科技有限公司,90,A
成都初衷升创孵科技有限公司,90,A
成都初衷升生物医药科技有限公司,90,A
成都利为网络科技有限公司,100,A
成都利亨聚氨酯新材料有限公司,80,B
成都利仁电气有限责任公司,100,A
成都利华德科技有限公司,100,A
成都利可同创科技有限公司,90,A
成都利君实业股份有限公司,100,A
成都利塔尔科技有限责任公司,100,A
成都利尔环保技术开发有限公司,90,A
成都利尔药业有限公司,95,A
成都利尼科医学技术发展有限公司,90,A
成都利恩杰企业管理咨询有限公司,90,A
成都利时仁通科技有限公司,100,A
成都利普芯微电子有限公司,90,A
成都利汇宝莱信息科技有限公司,90,A
成都利泽科技有限公司,90,A
成都利源星科技有限公司,100,A
成都利视通光电科技有限公司,100,A
成都利路通光电科技有限公司,100,A
成都利驰数据技术股份有限公司,100,A
成都刻尚科技有限公司,100,A
成都剀瑞环保工程有限公司,90,A
成都前云数据技术有限公司,100,A
成都前宏科技股份有限公司,90,A
成都前宏通讯有限责任公司,100,A
成都前极科技有限公司,100,A
成都前沿动力科技有限公司,60,D
成都前沿锋科技有限公司,100,A
成都前程在线网络科技有限责任公司,90,A
成都前言物联科技有限责任公司,90,A
成都前路通生物科技有限公司,90,A
成都前锋信息技术有限公司,90,A
成都前锋电子仪器有限责任公司,100,A
成都前锋电子有限责任公司,95,A
成都剑涧优能航空设备制造有限公司,100,A
成都力中数控设备有限公司,90,A
成都力丰金属制品有限公司,100,A
成都力丸科技有限公司,100,A
成都力乐科技有限公司,100,A
成都力信和化工有限责任公司,100,A
成都力元科技有限公司,100,A
成都力合智远信息技术有限公司,90,A
成都力庆油田工程技术服务有限公司,90,A
成都力得纳光科技有限公司,90,A
成都力思特制药股份有限公司,95,A
成都力成电缆有限公司,100,A
成都力拓云科技有限公司,100,A
成都力新中投科技有限公司,100,A
成都力方幻视科技有限公司,100,A
成都力方视觉科技有限公司,100,A
成都力欧互动网络科技有限公司,85,B
成都力比科技有限公司,100,A
成都力源单片机技术有限公司,100,A
成都力源高科科技有限公司,90,A
成都力维展示工程有限公司,100,A
成都力诚和信科技有限公司,90,A
成都力诚科技有限公司,90,A
成都力跑科技有限公司,90,A
成都力量瀛科技有限公司,90,A
成都功成半导体有限公司,90,A
成都加佳好科技有限公司,90,A
成都加华科技股份有限公司,85,B
成都加推科技有限公司,90,A
成都加米谷大数据科技有限公司,100,A
成都加贝噜科技有限公司,90,A
成都务本科技有限公司,100,A
成都务订协科技有限公司,90,A
成都劢可为科技有限公司,90,A
成都劦力科技有限责任公司,100,A
成都动力比特科技有限公司,90,A
成都动宁科技有限公司,90,A
成都动网科技有限公司,90,A
成都动翼软件有限公司,90,A
成都动芯微电子有限公司,90,A
成都动蓝科技有限公司,90,A
成都动视时代科技有限公司,100,A
成都动鱼数码科技有限公司,20,E
成都励合创联科技有限公司,90,A
成都励精图信息技术工程有限公司,100,A
成都劲升精密机械制造有限公司,100,A
成都劲启家居有限公司,100,A
成都劲普科技有限公司,100,A
成都劲草中药饮片有限责任公司,100,A
成都劲虎科技有限公司,90,A
成都劲飚信息技术有限公司,90,A
成都劳恩普斯科技有限公司,100,A
成都劳杰斯信息技术有限公司,100,A
成都勇昇时创科技有限公司,90,A
成都勇者动漫有限公司,90,A
成都勋耀科技有限公司,90,A
成都勤上源光科技股份有限公司,100,A
成都勤智云集团有限公司,90,A
成都勤道科技有限公司,100,A
成都匀诚科技有限公司,90,A
成都包乐包科技有限公司,100,A
成都包容和美企业管理有限公司,90,A
成都包被科技有限公司,90,A
成都化润药业有限公司,100,A
成都北中网芯科技有限公司,90,A
成都北导科技有限公司,100,A
成都北屋智慧科技有限责任公司,70,C
成都北微科技有限公司,90,A
成都北斗天线工程技术有限公司,100,A
成都北斗星云科技有限公司,100,A
成都北斗星卫通科技有限公司,100,A
成都北斗星锐科技有限公司,90,A
成都北斗智寻信息技术发展有限公司,75,C
成都北斗智游科技有限责任公司,100,A
成都北新木业有限公司,95,A
成都北方石油勘探开发技术有限公司,100,A
成都北科维拓科技有限公司,100,A
成都北纬航信网络科技有限责任公司,100,A
成都北英电子技术有限公司,100,A
成都北诺星科技有限公司,75,C
成都匠娱文化传媒有限公司,90,A
成都匠才教育科技有限公司,90,A
成都匠格空间科技有限公司,90,A
成都匠澈科技有限公司,90,A
成都区阳科技有限公司,90,A
成都医云科技有限公司,95,A
成都医云联科技有限公司,90,A
成都医健智联科技有限公司,80,B
成都医创汇企业管理有限公司,90,A
成都医号数智科技有限公司,90,A
成都医培通科技有限公司,90,A
成都医美客科技有限公司,90,A
成都医联网通科技有限公司,90,A
成都医贝科技有限公司,80,B
成都医路康医学技术服务有限公司,100,A
成都医道云康软件有限公司,90,A
成都十一只猴科技有限公司,90,A
成都十万光年科技有限公司,85,B
成都十力教育科技有限公司,70,C
成都十字盾科技有限公司,90,A
成都十度新一科技有限公司,100,A
成都十方青蓝科技有限公司,100,A
成都十目八科技有限公司,90,A
成都十目市场研究有限公司,90,A
成都千千结科技咨询有限公司,90,A
成都千向科技有限公司,100,A
成都千嘉科技股份有限公司,95,A
成都千墨科技有限公司,90,A
成都千层塔科技有限公司,100,A
成都千帆科技开发有限公司,95,A
成都千幻科技有限公司,90,A
成都千文义科技有限公司,90,A
成都千易信息技术有限公司,100,A
成都千村科技有限责任公司,90,A
成都千氪网络科技有限公司,90,A
成都千汇环保科技有限公司,90,A
成都千牛企业管理有限公司,100,A
成都千牛信息技术有限公司,100,A
成都千益科技有限公司,100,A
成都千盛惠禾农业科技有限公司,90,A
成都千禧莱医药科技有限公司,90,A
成都千立网络科技有限公司,90,A
成都千蜀农旅规划设计有限公司,100,A
成都千行广告有限公司,100,A
成都千行科技有限公司,100,A
成都千语世纪翻译有限公司,100,A
成都千语睿思翻译有限公司,90,A
成都千越文化传播有限公司,90,A
成都千足虫文化传播有限公司,90,A
成都千邺科技有限公司,100,A
成都千里驹科技有限公司,100,A
成都千鸟文化传播有限公司,100,A
成都千鹰集科技有限公司,90,A
成都千麦医学检验所有限公司,100,A
成都升力科技有限责任公司,90,A
成都升合环保科技有限公司,100,A
成都升学派教育科技有限公司,90,A
成都升宏新材料科技有限公司,85,B
成都升惠科技有限公司,90,A
成都升拓工程检测有限公司,90,A
成都升捷工程项目管理有限公司,90,A
成都升融科技有限公司,90,A
成都升马辉腾机械模具有限公司,100,A
成都午时科技有限公司,90,A
成都午牛科技有限公司,90,A
成都半个核桃文化传媒有限公司,90,A
成都半江科技有限公司,90,A
成都华之兴电子科技有限公司,100,A
成都华乾科技有限公司,100,A
成都华乾科技有限公司,100,A
成都华云智慧科技有限公司,90,A
成都华云科创智能科技有限公司,90,A
成都华云软创科技有限公司,90,A
成都华亿万通科技有限公司,95,A
成都华以科技有限公司,90,A
成都华任康生物科技有限公司,90,A
成都华企联动科技有限公司,100,A
成都华体慧城科技有限公司,100,A
成都华信万通科技有限公司,100,A
成都华信佳亿科技有限公司,100,A
成都华信智原科技有限公司,100,A
成都华信飞控科技有限公司,80,B
成都华信高科医疗器械有限责任公司,95,A
成都华健未来科技有限公司,100,A
成都华储卡电新能源科技有限公司,90,A
成都华元钢结构工程有限公司,95,A
成都华光瑞芯微电子股份有限公司,95,A
成都华免生物科技有限公司,90,A
成都华兴大地科技有限公司,90,A
成都华兴安科技有限公司,100,A
成都华兴汇明科技有限公司,100,A
成都华兴邦得建筑装饰材料有限公司,100,A
成都华兴锐诚科技有限公司,100,A
成都华冠天宇通讯技术有限公司,90,A
成都华创兴科科技发展有限公司,90,A
成都华创意达科技有限公司,90,A
成都华创电科信息技术有限公司,100,A
成都华创矽芯微电子有限责任公司,90,A
成都华利能源科技有限公司,100,A
成都华利达装饰工程有限公司,80,B
成都华力创通科技有限公司,100,A
成都华力精创科技有限公司,90,A
成都华动科技有限公司,90,A
成都华启高科智能科技有限公司,100,A
成都华呈科技有限公司,90,A
成都华唯科技股份有限公司,100,A
成都华商暖通设备工程有限公司,100,A
成都华固特种门窗有限公司,100,A
成都华城飞奥科技有限公司,90,A
成都华域天府数字科技有限公司,80,B
成都华堰机械设备有限责任公司,100,A
成都华复知识产权代理有限公司,90,A
成都华大九天科技有限公司,90,A
成都华太航空科技股份有限公司,100,A
成都华奇科技有限公司,85,B
成都华妙孵化器管理有限公司,90,A
成都华娱未莱网络科技有限公司,90,A
成都华宇一城科技有限公司,100,A
成都华宇制药有限公司,65,D
成都华宇建筑设计有限公司,100,A
成都华宇微波技术有限公司,90,A
成都华安永信信息技术有限公司,100,A
成都华安视讯科技有限公司,100,A
成都华宏博达科技有限公司,90,A
成都华宏微芯科技有限公司,100,A
成都华宏生物科技有限公司,100,A
成都华尔森环保科技有限公司,100,A
成都华展环境检测服务有限公司,100,A
成都华川伟业进出口有限公司,100,A
成都华川电装有限责任公司,95,A
成都华库数据技术有限公司,90,A
成都华律就问信息技术服务有限公司,100,A
成都华律网络服务有限公司,100,A
成都华微电子科技股份有限公司,100,A
成都华微电科科技有限公司,90,A
成都华志安防工程有限公司,100,A
成都华悟科技有限责任公司,90,A
成都华慕创联科技有限公司,90,A
成都华托微纳智能传感科技有限公司,90,A
成都华拓为科技有限公司,100,A
成都华捷明生物科技有限公司,100,A
成都华政科技有限公司,90,A
成都华数云联信息技术有限公司,100,A
成都华数天成科技有限公司,90,A
成都华斯特新锐科技有限公司,100,A
成都华日绿兰工程技术有限公司,90,A
成都华日通讯技术股份有限公司,100,A
成都华昊中天药业有限公司,100,A
成都华星德安水处理技术服务有限公司,95,A
成都华星璀璨娱乐有限公司,100,A
成都华晟创志科技有限公司,90,A
成都华晟杰科技有限公司,90,A
成都华晨迈福科技有限公司,90,A
成都华晨鹏吉科技有限公司,90,A
成都华普塑料容器有限公司,100,A
成都华普电器有限公司,100,A
成都华智杰科技有限公司,100,A
成都华智鑫航机械设备有限公司,100,A
成都华曜芯科技股份有限公司,90,A
成都华有企业管理有限公司,90,A
成都华杰思远科技有限公司,90,A
成都华枢通信技术有限公司,100,A
成都华栖云科技有限公司,100,A
成都华气能源工程有限公司,100,A
成都华汇空间信息科技有限公司,90,A
成都华江生物科技有限公司,90,A
成都华泰数智科技有限公司,95,A
成都华津时代科技股份有限公司,100,A
成都华润燃气设计有限公司,100,A
成都华湖电器设备制造有限公司,100,A
成都华源永汇电力科技有限公司,100,A
成都华瀚文化传播有限公司,90,A
成都华特邦科技有限公司,100,A
成都华瑜智信科技有限公司,90,A
成都华瑞德冶金设备有限公司,100,A
成都华瑞智创轨道交通科技有限公司,100,A
成都华生现代生物科技有限公司,90,A
成都华略科技有限公司,90,A
成都华畴网络技术有限公司,90,A
成都华益磁电科技有限公司,90,A
成都华盖智特科技有限公司,90,A
成都华盛钢材有限公司,100,A
成都华盾天成仪器设备有限公司,100,A
成都华睿卫迅科技有限公司,90,A
成都华睿晶元电子科技有限公司,100,A
成都华神生物技术有限责任公司,100,A
成都华神科技集团股份有限公司,100,A
成都华祥科技有限公司,90,A
成都华科威电子科技有限公司,100,A
成都华科海讯科技有限公司,100,A
成都华科源科技有限责任公司,100,A
成都华科阀门制造有限公司,100,A
成都华立达信息技术有限公司,100,A
成都华精通信设备有限公司,100,A
成都华络通信科技有限公司,100,A
成都华维印刷器材有限公司,100,A
成都华网电力工程咨询有限公司,100,A
成都华美博电子科技有限公司,100,A
成都华联互娱科技有限公司,90,A
成都华聚科技有限公司,100,A
成都华腾亿科技有限公司,100,A
成都华腾恒达科技有限公司,90,A
成都华腾智创科技有限公司,90,A
成都华腾视讯科技有限公司,100,A
成都华致科技有限公司,100,A
成都华航一通科技有限公司,95,A
成都华芯众合电子科技有限公司,100,A
成都华芯创合科技有限公司,100,A
成都华芯天微科技有限公司,90,A
成都华芯微波技术有限公司,100,A
成都华芯智云科技有限公司,100,A
成都华芯瑞科科技有限公司,100,A
成都华茂能联科技有限公司,90,A
成都华荣集成房屋有限公司,100,A
成都华药共享网络科技有限公司,100,A
成都华药物流有限公司,95,A
成都华西临床研究中心有限公司,100,A
成都华西公用医疗信息服务有限公司,100,A
成都华西化工研究所股份有限公司,65,D
成都华西堂环保科技有限公司,85,B
成都华西天然药物有限公司,90,A
成都华西核设备科技有限公司,90,A
成都华西流体控制科技有限公司,100,A
成都华西海圻医药科技有限公司,100,A
成都华西珐玛生物科技有限公司,100,A
成都华西精准医学产业技术研究院有限公司,90,A
成都华西视光科技有限公司,90,A
成都华赛在线科技有限公司,90,A
成都华跃科技有限公司,100,A
成都华迈通信技术有限公司,95,A
成都华远焊接设备股份有限公司,95,A
成都华远电器设备有限公司,100,A
成都华远科技有限公司,90,A
成都华通广益科技有限公司,90,A
成都华邑信息技术有限公司,90,A
成都华邑药用辅料制造有限责任公司,90,A
成都华邻科技有限公司,90,A
成都华野绿都园林设计有限公司,100,A
成都华钼科技有限公司,90,A
成都华铭电子科技有限公司,95,A
成都华银医学检验所有限公司,100,A
成都华银达电器有限公司,100,A
成都华镭科技有限公司,100,A
成都华阳兴华化工有限公司,100,A
成都华隆生物科技有限公司,100,A
成都华音智鹊科技有限公司,90,A
成都华风专利事务所（普通合伙）,100,A
成都华飞知识产权代理事务所（普通合伙）,90,A
成都华骄电器设备有限公司,100,A
成都华高生物制品有限公司,90,A
成都华鼎智胜科技有限公司,100,A
成都华鼎谷峰电力科技有限公司,100,A
成都协创供应链管理有限公司,100,A
成都协和生物技术有限责任公司,100,A
成都协展模具制造有限公司,100,A
成都协恒科技有限公司,100,A
成都协能共创科技有限公司,100,A
成都协致科技有限责任公司,90,A
成都协领供应链管理有限公司,90,A
成都卓一信息技术有限公司,100,A
成都卓信安科技有限公司,90,A
成都卓信达科技有限公司,100,A
成都卓元科技有限公司,100,A
成都卓凡信科科技有限公司,90,A
成都卓凡软件科技有限公司,40,E
成都卓创建筑工程有限公司,100,A
成都卓天科技有限公司,90,A
成都卓尔诺新材料科技有限公司,100,A
成都卓影科技股份有限公司,100,A
成都卓微科技有限公司,100,A
成都卓恒信通科技有限公司,90,A
成都卓拙科技有限公司,100,A
成都卓控环保科技有限公司,100,A
成都卓星科技有限公司,100,A
成都卓杭网络科技股份有限公司,100,A
成都卓源网络科技有限公司,100,A
成都卓然天成科技有限公司,65,D
成都卓物科技有限公司,100,A
成都卓瑞特信息技术有限公司,100,A
成都卓盈科技有限公司,100,A
成都卓码数智数字科技有限公司,90,A
成都卓程科技有限公司,90,A
成都卓立环保工程有限公司,100,A
成都卓翊机电科技有限公司,90,A
成都卓航电力工程有限公司,100,A
成都卓讯云网科技有限公司,100,A
成都卓讯智安科技有限公司,90,A
成都卓识创想信息技术有限公司,90,A
成都卓识维景科技有限公司,90,A
成都卓越义齿技术有限公司,100,A
成都卓越信通电子科技有限公司,100,A
成都卓越飞腾科技有限公司,90,A
成都卓达数控科技有限公司,100,A
成都卓远信息技术有限公司,100,A
成都卓铭科技有限公司,90,A
成都卓铭科技有限公司,90,A
成都卓链互联网科技有限责任公司,90,A
成都卓阳生物科技有限公司,100,A
成都卓霖科技有限公司,90,A
成都卓马科技有限公司,90,A
成都单信科技有限公司,90,A
成都南博教育咨询有限公司,85,B
成都南天佳信信息工程有限公司,100,A
成都南头科技有限公司,85,B
成都南山药业有限公司,100,A
成都南岩环境工程有限责任公司,100,A
成都南方电子仪表有限公司,100,A
成都南本科技有限公司,90,A
成都南玉电力设备有限公司,100,A
成都南玻玻璃有限公司,100,A
成都南瑞星生物科技有限公司,100,A
成都南瑞科技有限公司,100,A
成都南联科技有限公司,100,A
成都南联食品包装机械有限公司,35,E
成都南野食品有限公司,100,A
成都南锋信息技术有限公司,90,A
成都南雍网络科技有限公司,90,A
成都南骄科技有限公司,100,A
成都南鼎堂文化传播有限公司,40,E
成都博一医药设计有限公司,100,A
成都博世威科技有限公司,90,A
成都博世德能源科技股份有限公司,55,E
成都博云科技有限公司,100,A
成都博亿佳石油科技有限公司,90,A
成都博信物联科技有限公司,90,A
成都博创智慧医疗科技有限公司,90,A
成都博创致远科技有限公司,90,A
成都博加思管理顾问有限公司,90,A
成都博友科技开发有限公司,90,A
成都博古装饰装修有限公司,90,A
成都博士信智能科技发展有限公司,90,A
成都博大空港科技有限公司,100,A
成都博奇利科技有限公司,90,A
成都博奥晶芯生物科技有限公司,100,A
成都博奥独立医学实验室有限公司,90,A
成都博威智慧科技有限公司,90,A
成都博威自动化工程有限公司,100,A
成都博宇利华科技有限公司,100,A
成都博宇科技有限公司,100,A
成都博宇高科信息技术有限公司,90,A
成都博宏建筑机械有限公司,90,A
成都博实科睿新材料有限公司,90,A
成都博宠生物科技有限公司,90,A
成都博尊光艺科技有限公司,100,A
成都博德建电管理咨询有限公司,100,A
成都博德钻采设备制造有限公司,45,E
成都博思微科技有限公司,100,A
成都博思杰科技有限责任公司,90,A
成都博恩思医学机器人有限公司,100,A
成都博恩思医学机器人有限公司,100,A
成都博成鞋业有限责任公司,100,A
成都博文达科技有限公司,100,A
成都博文高科智能设备有限公司,90,A
成都博新优创科技有限公司,100,A
成都博昱新能源有限公司,100,A
成都博晓科技有限公司,90,A
成都博普达科技有限公司,90,A
成都博智云创科技有限公司,100,A
成都博智弘明科技有限公司,90,A
成都博智维讯信息技术股份有限公司,95,A
成都博杰达机电设备有限公司,100,A
成都博格科技有限公司,40,E
成都博欣医学检验实验室有限公司,100,A
成都博点科技有限公司,90,A
成都博焱中大科技有限公司,100,A
成都博煜科技有限公司,90,A
成都博瑞三文科技有限公司,90,A
成都博瑞传播股份有限公司,90,A
成都博瑞印务有限公司,100,A
成都博瑞恒工程设计咨询有限公司,90,A
成都博瑞时代科技有限公司,100,A
成都博瑞梦工厂网络信息有限公司,80,B
成都博瑞科传科技有限公司,100,A
成都博盈车桥有限公司,100,A
成都博盛信息技术有限公司,95,A
成都博盛精密机械有限公司,100,A
成都博睿兴材科技有限公司,90,A
成都博睿华盛科技有限公司,90,A
成都博睿德科技有限公司,90,A
成都博睿数加科技有限公司,90,A
成都博睿模具有限公司,100,A
成都博研新材科技有限公司,100,A
成都博研智尚科技有限公司,90,A
成都博科兴材科技有限责任公司,90,A
成都博科辰欣医药科技有限公司,90,A
成都博稀信息技术有限公司,100,A
成都博纳信息技术有限公司,100,A
成都博纳神梭科技发展有限公司,100,A
成都博维数孪科技有限公司,90,A
成都博翼兴航科技有限公司,100,A
成都博耐尔科技有限公司,90,A
成都博脉科技有限公司,100,A
成都博腾药业有限公司,100,A
成都博腾软件有限公司,90,A
成都博腾迈科技有限公司,100,A
成都博芯联科科技有限公司,100,A
成都博荣汇聚网络科技有限公司,90,A
成都博莱特流体控制工程有限公司,100,A
成都博莱特科技有限公司,100,A
成都博裕知识产权服务有限公司,85,B
成都博观物芯科技有限公司,90,A
成都博视广达科技有限责任公司,100,A
成都博视美达文化传播有限公司,100,A
成都博视达科技有限公司,90,A
成都博语纵恒科技有限公司,90,A
成都博超云舟科技有限公司,90,A
成都博越创想科技有限公司,90,A
成都博软软件开发有限公司,100,A
成都博达爱福科技有限公司,100,A
成都博迈达科技有限公司,90,A
成都博途云天电气自动化有限公司,100,A
成都博通物联科技有限公司,90,A
成都博通环宇科技有限公司,90,A
成都博铭电子科技有限公司,100,A
成都博锐精密光电仪器制造有限公司,90,A
成都博雅寰宇网络科技有限公司,90,A
成都博雅成信科技有限公司,100,A
成都博雅鸿远科技有限公司,90,A
成都博韵通科技有限公司,100,A
成都博顿机电设备有限公司,100,A
成都博马广告制作有限公司,90,A
成都博高信息技术股份有限公司,100,A
成都博高合成材料有限公司,95,A
成都博高电气工程有限责任公司,100,A
成都博高电管家科技有限公司,90,A
成都卡乐福高分子材料股份有限公司,100,A
成都卡乐福高分子材料股份有限公司,100,A
成都卡乐福高分子材料股份有限公司,100,A
成都卡卡智能科技有限公司,100,A
成都卡安特复合材料有限公司,100,A
成都卡帕质量技术服务有限公司,90,A
成都卡德智能科技有限公司,100,A
成都卡恩特医疗科技有限公司,100,A
成都卡普数据服务有限责任公司,100,A
成都卡梅尔科技有限公司,90,A
成都卡波兔信息技术有限公司,90,A
成都卡狗科技有限公司,90,A
成都卡莱博尔信息技术股份有限公司,90,A
成都卡诺图电子科技有限公司,100,A
成都卡诺普智能装备有限公司,100,A
成都卡诺普机器人技术股份有限公司,100,A
成都卫乐因泰生物科技有限公司,90,A
成都卫千科技有限公司,90,A
成都卫士通信息安全技术有限公司,100,A
成都卫士锁业有限公司,90,A
成都卫讯科技有限公司,100,A
成都卫达机械制造有限公司,100,A
成都卫通信息技术有限公司,90,A
成都印水堂文化传播有限公司,90,A
成都即速网络科技有限公司,90,A
成都厉行科技有限公司,100,A
成都厚为企业管理咨询有限公司,90,A
成都厚度旅行科技有限公司,90,A
成都厚德富铭环境科技有限公司,100,A
成都厚朴检测技术有限公司,90,A
成都原力锐游科技有限公司,100,A
成都原动力动画设计有限公司,90,A
成都原启科技有限公司,90,A
成都原味天香农业有限责任公司,100,A
成都原子数据科技有限公司,100,A
成都原树科技有限公司,90,A
成都原画动漫设计有限公司,90,A
成都原禾文化传媒有限公司,90,A
成都原端新材料科技有限公司,100,A
成都原能科技有限责任公司,90,A
成都原霆科技有限公司,80,B
成都厨掌柜科技有限公司,90,A
成都去哪玩生态科技有限公司,90,A
成都叁点壹肆科技有限公司,100,A
成都叁能锐达能源科技有限公司,90,A
成都叁陆陆物流有限公司,100,A
成都参宿文化传媒有限公司,90,A
成都及禾生物科技有限公司,90,A
成都友一包装材料有限公司,100,A
成都友为新诚科技有限公司,100,A
成都友为网络技术有限公司,60,D
成都友伦食品有限公司,90,A
成都友信华科科技有限公司,65,D
成都友创达科技有限责任公司,70,C
成都友加畅捷科技有限公司,100,A
成都友和友信息科技有限公司,90,A
成都友巨科技有限公司,100,A
成都友有网络科技有限公司,100,A
成都友有网络科技有限公司,90,A
成都友木科技有限公司,75,C
成都友益佳环保设备工程有限公司,75,C
成都友祺电器有限公司,100,A
成都友美科技有限公司,90,A
成都友臻科技有限公司,90,A
成都友谦光电科技有限公司,95,A
成都友豪国际贸易有限公司,90,A
成都双倍游戏科技有限公司,100,A
成都双创时代科技有限公司,100,A
成都双华骨科医院有限公司,80,B
成都双单桥科技有限公司,90,A
成都双平物流有限公司,90,A
成都双扬科技有限责任公司,100,A
成都双流交投特来电新能源有限公司,100,A
成都双流全民小镇农业有限公司,55,E
成都双流卫达密封技术有限公司,100,A
成都双流国际机场空港科技有限公司,100,A
成都双流积利热能科技股份有限公司,45,E
成都双流积利热能科技股份有限公司,45,E
成都双流积利热能科技股份有限公司,45,E
成都双流空港翰林口腔诊所有限公司,90,A
成都双流综保区众友东方供应链管理有限责任公司,100,A
成都双流贸园医院有限公司,80,B
成都双流贸园医院有限公司,80,B
成都双流金路劳务有限公司,65,D
成都双流齿然口腔诊所有限公司,90,A
成都双瑞洋科技有限公司,90,A
成都双禾智联科技有限公司,90,A
成都双禾科技发展有限公司,100,A
成都双链科技有限责任公司,100,A
成都发明尔科技有限公司,90,A
成都口口鲜猫信息技术有限公司,100,A
成都口口齿科技术有限公司,100,A
成都古太萌互动科技有限公司,90,A
成都古格尔生物技术有限公司,90,A
成都古河云科技有限公司,90,A
成都古猫文化科技有限公司,100,A
成都古羌科技有限公司,75,C
成都古董羹文化传播有限公司,90,A
成都古道尔科技有限公司,95,A
成都叭怪互娱科技有限公司,90,A
成都可为科技股份有限公司,85,B
成都可丽非科技有限公司,90,A
成都可人软件有限公司,90,A
成都可以赢科技有限公司,100,A
成都可以速造科技有限公司,90,A
成都可信网络科技有限公司,90,A
成都可可兰信息科技有限公司,100,A
成都可可时代文化传播有限公司,80,B
成都可安克科技有限公司,90,A
成都可尼特科技有限公司,90,A
成都可恩生物科技有限公司,90,A
成都可瑞斯环保工程有限公司,90,A
成都可益轨道技术有限公司,100,A
成都台风互动科技有限公司,100,A
成都史塔克智能科技有限公司,90,A
成都史纪生物制药有限公司,100,A
成都司羿智能科技有限公司,90,A
成都合众优创微波技术有限公司,90,A
成都合众同创软件有限公司,100,A
成都合众宜家装饰工程有限公司,90,A
成都合众宝根电子有限公司,100,A
成都合众新能源科技有限公司,100,A
成都合众能科技有限公司,100,A
成都合众达电气技术有限公司,100,A
成都合信恒泰工程技术有限公司,100,A
成都合兴数控有限公司,75,C
成都合创蓉创科技服务有限公司,90,A
成都合协信息科技有限公司,90,A
成都合圣达科技有限公司,100,A
成都合心毅科技有限公司,90,A
成都合思智能医疗科技有限公司,90,A
成都合成鼎上广告传媒有限公司,90,A
成都合拓创展生物科技有限公司,100,A
成都合捷环保工程有限公司,100,A
成都合木云创科技有限公司,100,A
成都合汇世纪科技有限公司,100,A
成都合涛网络科技有限公司,90,A
成都合源美智教育科技有限公司,90,A
成都合瑞达科技集团有限公司,100,A
成都合生智善科技有限公司,70,C
成都合盛天成科技有限公司,100,A
成都合盛智联科技有限公司,90,A
成都合盛高科科技有限公司,90,A
成都合睿达仪器有限公司,90,A
成都合纵连横数字科技有限公司,100,A
成都合能创越软件有限公司,100,A
成都合能智发科技有限公司,100,A
成都合讯科技发展有限责任公司,100,A
成都合讯芯微电子科技有限公司,90,A
成都合达自动化设备有限公司,100,A
成都合迅医药技术有限公司,100,A
成都合雅定智家家居有限公司,100,A
成都吉丰现代农业科技有限公司,90,A
成都吉乾科技有限公司,95,A
成都吉亦佳电子信息技术有限公司,100,A
成都吉凌科技有限公司,100,A
成都吉和翰福科技有限公司,100,A
成都吉地电子技术有限公司,90,A
成都吉奥之光网络科技有限公司,90,A
成都吉安康药业有限公司,90,A
成都吉安百克生物医药有限公司,90,A
成都吉宙研创科技有限公司,85,B
成都吉客优家科技有限公司,90,A
成都吉客科技有限责任公司,90,A
成都吉普斯能源科技有限公司,85,B
成都吉泰医疗器械有限公司,100,A
成都吉浩科技有限公司,90,A
成都吉瓦特科技有限公司,90,A
成都吉祥云科技有限公司,100,A
成都吉纬科技有限公司,90,A
成都吉联达科技有限公司,100,A
成都吉胜科技有限责任公司,85,B
成都吉莱芯科技有限公司,90,A
成都吉诚讯软件技术有限公司,90,A
成都吉诺兄弟精密机械制造有限公司,100,A
成都吉豪汽车部件有限公司,90,A
成都吉通航空精密机电有限公司,100,A
成都吉锐时代触摸技术有限公司,100,A
成都吉食道食品有限公司,100,A
成都同享社圈智慧科技有限公司,100,A
成都同信佳业科技有限公司,100,A
成都同兴伟业科技有限公司,80,B
成都同兴德线业有限公司,100,A
成都同创之星科技有限公司,100,A
成都同创伟业新能源科技有限公司,100,A
成都同创华予教育管理有限公司,90,A
成都同创台新能源汽车有限公司,90,A
成都同创合一科技有限公司,90,A
成都同巨科技有限公司,100,A
成都同德心科技有限公司,100,A
成都同心至善科技有限公司,90,A
成都同时科技有限公司,85,B
成都同晋科技有限公司,90,A
成都同望易路信息技术有限公司,90,A
成都同正鸿泽网络科技有限公司,90,A
成都同步新创科技股份有限公司,100,A
成都同步电子制造有限公司,95,A
成都同步科技发展有限公司,100,A
成都同泰信安科技有限公司,100,A
成都同泰汽车零部件有限公司,100,A
成都同玩网络科技有限公司,90,A
成都同相科技有限公司,100,A
成都同辉数联信息技术有限公司,100,A
成都同道慧宜生物医药科技有限公司,90,A
成都同飞科技有限责任公司,90,A
成都名办缘科技有限公司,90,A
成都名匠工电科技有限公司,60,D
成都名富园艺有限公司,90,A
成都名富园艺有限公司,90,A
成都名拓科技有限公司,100,A
成都名游天下科技有限公司,90,A
成都名融科技有限公司,90,A
成都名辰传动设备有限公司,90,A
成都名钨科技有限责任公司,100,A
成都名门汇信息技术有限公司,100,A
成都向己科技有限公司,90,A
成都向巳科技有限责任公司,90,A
成都向阳风广告有限公司,100,A
成都吖咪科技有限公司,90,A
成都吖咭科技有限公司,100,A
成都君乃健生物科技有限公司,90,A
成都君之宝科技有限公司,90,A
成都君乾信息技术有限公司,85,B
成都君兰环保科技有限公司,100,A
成都君凌科创科技有限公司,100,A
成都君吉裕隆科技有限公司,100,A
成都君大环境科技有限公司,90,A
成都君奇医疗科技有限公司,90,A
成都君好财务管理有限公司,90,A
成都君子兰涂料有限公司,100,A
成都君弈文化传播有限公司,90,A
成都君德鑫力达科技发展有限公司,90,A
成都君志文化传媒有限公司,90,A
成都君扬广告有限公司,100,A
成都君政能源科技有限公司,90,A
成都君熙动漫有限公司,90,A
成都君航高科技有限公司,90,A
成都君诚康正生物科技有限公司,90,A
成都君诚轨道交通设备有限公司,90,A
成都君豪科技有限公司,100,A
成都君豪达商务信息咨询有限公司,100,A
成都君辰鑫环能源科技有限公司,90,A
成都君遂科技有限公司,100,A
成都君霆科技有限公司,90,A
成都听云科技有限公司,90,A
成都启为科技有限公司,100,A
成都启乐科技有限公司,95,A
成都启创互动文化传媒有限公司,90,A
成都启合思创商务信息咨询服务有限公司,90,A
成都启宏农业开发有限公司,90,A
成都启寰科技有限公司,90,A
成都启庚科技有限公司,90,A
成都启悦众诚科技有限公司,90,A
成都启悦艺齿科技有限公司,90,A
成都启慧智能科技有限公司,90,A
成都启新航空技术有限公司,100,A
成都启明互动网络科技有限公司,90,A
成都启明星辰信息安全技术有限公司,100,A
成都启晟合研医药科技有限公司,90,A
成都启晨志合科技有限公司,100,A
成都启橙文化传媒有限公司,90,A
成都启橙智远软件技术有限公司,90,A
成都启橙电力有限公司,100,A
成都启泰教学设备有限公司,100,A
成都启游科技有限公司,90,A
成都启源合众信息技术有限公司,100,A
成都启源西普科技有限公司,85,B
成都启点科技有限公司,85,B
成都启煋原生物医药科技有限公司,90,A
成都启盟软件有限公司,100,A
成都启程卓越科技有限公司,80,B
成都启臣微电子股份有限公司,100,A
成都启航学堂教育科技有限公司,90,A
成都启航智能科技有限公司,100,A
成都启芯科技有限责任公司,100,A
成都启英泰伦科技有限公司,100,A
成都启证宝认证服务有限公司,90,A
成都启象环保科技有限公司,90,A
成都启贤科技有限公司,90,A
成都启迪信息技术有限公司,95,A
成都启迪数字医疗科技发展有限公司,75,C
成都启鸣科技有限公司,90,A
成都吱了科技有限公司,100,A
成都吱付科技集团有限公司,90,A
成都吸睛文化传播有限公司,90,A
成都吾乐康科技有限公司,90,A
成都吾伊尔科技有限公司,90,A
成都吾和之众文化传播有限公司,90,A
成都呈翌云天科技有限公司,90,A
成都呐喊信息技术有限公司,75,C
成都呦呦小雅文旅有限公司,90,A
成都周唐科技有限公司,100,A
成都味之魂酒业有限公司,90,A
成都味兴邦科技有限公司,100,A
成都味科自动化设备有限公司,90,A
成都呼应科技有限公司,90,A
成都和世嘉科技有限公司,100,A
成都和为时代科技有限公司,90,A
成都和乐信软件有限公司,100,A
成都和仕红运科技有限公司,90,A
成都和兴社信息技术有限公司,90,A
成都和力九垠科技有限公司,100,A
成都和合医学检验所有限公司,90,A
成都和同易创生物科技有限公司,90,A
成都和实共创科技有限公司,90,A
成都和康养老服务有限公司,100,A
成都和意农业科技有限公司,90,A
成都和成汽车零部件有限公司,100,A
成都和拓土木工程有限公司,100,A
成都和晟航空技术有限公司,100,A
成都和智达金属有限公司,100,A
成都和泽电子科技有限公司,90,A
成都和济生健康科技有限公司,90,A
成都和煦医疗科技有限公司,90,A
成都和田科技发展有限公司,100,A
成都和盈全商业管理有限公司,90,A
成都和盛源建筑工程有限公司,90,A
成都和致联科技有限公司,100,A
成都和航科技有限公司,90,A
成都和诚过滤技术有限公司,95,A
成都和谐生物科技有限公司,80,B
成都和贵换热器有限公司,100,A
成都和鸿科技股份有限公司,95,A
成都和鸿科技股份有限公司,95,A
成都咔帕咔普科技有限公司,90,A
成都咕咕知识管家科技有限公司,90,A
成都咕咚好健康科技有限公司,100,A
成都咧科桐科技有限公司,90,A
成都咪纳源科技有限公司,90,A
成都品为道电子技术有限公司,100,A
成都品八方商贸有限公司,90,A
成都品冠渝蓉精密机械制造有限公司,100,A
成都品塑电子有限公司,90,A
成都品尚居环保科技有限公司,55,E
成都品果科技有限公司,100,A
成都品游科技有限公司,100,A
成都品盛软件有限公司,100,A
成都品美文化传播有限公司,100,A
成都品铸文化传播有限公司,90,A
成都哆可梦网络科技有限公司,80,B
成都哈云科技有限公司,70,C
成都哈工驱动科技有限公司,90,A
成都哈希智链科技有限公司,90,A
成都哈理生物科技有限公司,90,A
成都哈船科技有限公司,90,A
成都哈雷光电科技有限公司,90,A
成都响赚科技有限公司,90,A
成都哥布林科技有限公司,90,A
成都哩哆科技有限公司,90,A
成都哲弓科技有限公司,90,A
成都哲昊科技有限公司,90,A
成都哲泛羽科技有限公司,90,A
成都唐大大科技有限公司,95,A
成都唐源电气股份有限公司,100,A
成都唐米科技有限公司,90,A
成都唤醒未来科技有限公司,90,A
成都唯今科技有限公司,90,A
成都唯克特电子有限公司,100,A
成都唯创华盛科技有限公司,100,A
成都唯博星辰科技有限公司,90,A
成都唯峰科技有限公司,100,A
成都唯幻科技有限公司,80,B
成都唯快不破网络科技有限公司,100,A
成都唯杰科技有限公司,90,A
成都唯知信息科技有限公司,90,A
成都唯科汽车技术服务有限公司,100,A
成都唯赢信息技术有限公司,80,B
成都唯达感知科技有限公司,90,A
成都啄数鸟数据服务有限公司,90,A
成都商信同创物联科技有限公司,90,A
成都商厨联盟科技有限公司,90,A
成都商汤科技有限公司,90,A
成都商盟互动科技有限公司,90,A
成都商科汽车零部件制造有限公司,100,A
成都商途网络科技有限公司,90,A
成都商通数治科技有限公司,90,A
成都商通时代数字科技有限公司,100,A
成都商链科技有限公司,90,A
成都商高智能科技有限公司,90,A
成都善哲诚自动化技术有限公司,100,A
成都善器科技服务有限公司,90,A
成都善岚溪科技有限公司,100,A
成都善思微科技有限公司,90,A
成都善水天下科技有限公司,90,A
成都善筑工程检测有限责任公司,90,A
成都善融书香科技有限公司,50,E
成都善诚环保工程技术有限公司,90,A
成都喆塔科技有限公司,100,A
成都喜元网络科技有限公司,100,A
成都喜创博瑞科技有限公司,90,A
成都喜曰食品有限公司,90,A
成都喜望科技有限公司,90,A
成都喜马拉雅电通网络有限公司,90,A
成都喜马科技发展有限公司,100,A
成都喜麟包装有限公司,90,A
成都嗨创科技有限公司,90,A
成都嗨动信息科技有限公司,90,A
成都嗨学梅里教育科技有限公司,100,A
成都嗨客科技有限责任公司,90,A
成都嗨米科技有限公司,95,A
成都嗨翻屋科技有限公司,100,A
成都嗨视界科技有限公司,90,A
成都嗳叨叨科技有限公司,90,A
成都嘉义恒远科技有限公司,100,A
成都嘉乐鲜商贸有限责任公司,100,A
成都嘉亿丰科技有限公司,90,A
成都嘉企兴科技有限公司,90,A
成都嘉佑美康新材料科技有限公司,90,A
成都嘉信康宇科技有限公司,90,A
成都嘉利睿科技有限公司,90,A
成都嘉华润信实业有限公司,100,A
成都嘉博锐医疗器械有限公司,90,A
成都嘉和九创投资有限公司,80,B
成都嘉品智云科技有限公司,70,C
成都嘉奕财税咨询有限公司,90,A
成都嘉奥医学检验实验室有限公司,90,A
成都嘉德数源环保科技有限公司,100,A
成都嘉德正源环保科技有限公司,100,A
成都嘉捷信诚信息技术有限公司,100,A
成都嘉提信息技术有限公司,100,A
成都嘉擎动力科技有限公司,90,A
成都嘉新科技集团有限公司,85,B
成都嘉晨科技有限公司,100,A
成都嘉格医疗科技有限公司,100,A
成都嘉毅教育科技有限公司,100,A
成都嘉汇信息技术有限公司,100,A
成都嘉泰华力科技有限责任公司,95,A
成都嘉泽兴业科技有限责任公司,100,A
成都嘉泽正达科技有限公司,100,A
成都嘉洁事生物科技有限公司,100,A
成都嘉润汽车部件有限公司,100,A
成都嘉瑜信息技术有限公司,100,A
成都嘉禾天成科技有限公司,90,A
成都嘉程智宇信息技术有限公司,90,A
成都嘉纳海威科技有限责任公司,100,A
成都嘉联品牌孵化器管理有限公司,90,A
成都嘉能恒业科技有限公司,100,A
成都嘉葆药银医药科技有限公司,90,A
成都嘉衡通电子科技有限公司,90,A
成都嘉诺成科技有限公司,100,A
成都嘉谊互娱科技有限公司,100,A
成都嘉辰科技有限公司,100,A
成都嘉通冠泰科技有限公司,90,A
成都嘉通达电子科技有限公司,100,A
成都嘉逸科技有限公司,100,A
成都嘉鑫瑞科技有限公司,90,A
成都嘉铂文悦科技有限公司,90,A
成都嘉陵华西光学精密机械有限公司,100,A
成都嘉靖科技有限公司,90,A
成都嘉顺德机电设备有限公司,100,A
成都嘉鲁鑫川生物科技有限公司,90,A
成都嘉黑露科技有限公司,90,A
成都嘻游科技有限公司,70,C
成都嘻猴软件开发有限公司,90,A
成都嘿芝麻科技有限公司,100,A
成都嘿轻松科技有限公司,90,A
成都四为电子信息股份有限公司,100,A
成都四博科技有限公司,85,B
成都四合众创科技有限公司,90,A
成都四吉达新材料科技有限公司,90,A
成都四图科技有限公司,90,A
成都四威功率电子科技有限公司,100,A
成都四威科技股份有限公司,100,A
成都四威高科技产业园有限公司,100,A
成都四季青木餐饮管理有限公司,90,A
成都四季青现代农业科技发展有限公司,100,A
成都四小羊科技有限公司,90,A
成都四平软件有限公司,100,A
成都四方伟业软件股份有限公司,95,A
成都四方信息技术有限公司,85,B
成都四方创新科技有限公司,100,A
成都四方瑞邦测控科技有限责任公司,100,A
成都四方电气有限公司,100,A
成都四星液压制造有限公司,100,A
成都四星科技有限公司,90,A
成都四月科技有限公司,90,A
成都四水归堂科技有限公司,100,A
成都四派科技有限公司,90,A
成都四海万联智能电子设备有限公司,90,A
成都四海万联科技有限公司,90,A
成都四海诚达科技有限公司,100,A
成都四海防火制品有限公司,80,B
成都四火科技有限公司,90,A
成都四盛科技有限公司,100,A
成都四相致新科技有限公司,100,A
成都四维智慧电子科技有限公司,100,A
成都四维空间文化传播有限公司,90,A
成都四维通达科技有限公司,90,A
成都四维齿科技术开发有限公司,100,A
成都四象睿昇科技有限公司,90,A
成都四象纵横遥感科技有限公司,100,A
成都四象联创科技有限公司,100,A
成都四通思源科技有限公司,100,A
成都四通瑞坤科技有限公司,100,A
成都四锋信息技术有限公司,90,A
成都四面体药物研究有限公司,90,A
成都因博科技有限公司,100,A
成都因数思科技有限公司,100,A
成都因泰生命科技有限公司,90,A
成都因特力景信息技术有限公司,90,A
成都因特睿教育科技有限公司,90,A
成都因纳伟盛科技股份有限公司,100,A
成都因纳维特科技有限公司,90,A
成都因诺生物医药科技有限公司,100,A
成都因诺维特科技有限公司,90,A
成都因赛泰科技有限责任公司,100,A
成都园丁鸟广告有限公司,90,A
成都园畅科技有限公司,90,A
成都固淳民乐信息技术有限公司,90,A
成都固淳生物科技有限公司,90,A
成都固特机械有限责任公司,90,A
成都固美捷包装有限公司,100,A
成都固联科技有限公司,100,A
成都固馨电力科技有限公司,100,A
成都国中地土地整理有限责任公司,100,A
成都国丰新能源科技有限公司,90,A
成都国为生物医药有限公司,100,A
成都国亚环保有限公司,70,C
成都国佳电气工程有限公司,100,A
成都国信云位数据技术股份有限公司,90,A
成都国信嘉康科技有限公司,90,A
成都国信安信息产业基地有限公司,100,A
成都国信安链信息技术有限公司,100,A
成都国信宏浩科技有限公司,90,A
成都国信社会经济咨询有限公司,90,A
成都国光电子仪表有限责任公司,100,A
成都国光电气股份有限公司,90,A
成都国利达电子科技有限公司,90,A
成都国化环保科技有限公司,95,A
成都国卫信安信息技术有限公司,100,A
成都国卫通信技术有限公司,100,A
成都国圣工业有限公司,100,A
成都国奥源生物工程技术有限公司,90,A
成都国强裕兴电子科技有限公司,100,A
成都国恒信息安全技术有限责任公司,100,A
成都国恒空间技术工程股份有限公司,100,A
成都国才华通玻璃制品有限公司,100,A
成都国新思创科技有限公司,100,A
成都国星宇航科技股份有限公司,85,B
成都国星通信有限公司,100,A
成都国智明予科技有限公司,90,A
成都国泰真空设备有限公司,100,A
成都国泰网信科技有限公司,100,A
成都国润通科技发展有限公司,100,A
成都国珈星际固态锂电科技有限公司,85,B
成都国瑞华能电力科技有限公司,100,A
成都国电开关成套设备有限公司,100,A
成都国皓新材料有限公司,100,A
成都国皓科技有限公司,90,A
成都国盛军通科技有限公司,50,E
成都国盛天丰网络科技有限公司,100,A
成都国盛科技有限公司,100,A
成都国睿电子科技有限公司,90,A
成都国科云漫信息科技有限公司,100,A
成都国科容远科技有限公司,90,A
成都国科微电子有限公司,100,A
成都国科检测技术有限公司,100,A
成都国科海博信息技术股份有限公司,70,C
成都国科自动化控制工程有限公司,100,A
成都国纵科技有限公司,100,A
成都国美大数据科技有限公司,95,A
成都国翔科技有限公司,100,A
成都国翼电子技术有限公司,100,A
成都国能龙源科技有限公司,100,A
成都国腾实业集团有限公司,95,A
成都国腾电子集团有限公司,100,A
成都国营锦江机器厂,80,B
成都国行航空科技有限公司,90,A
成都国邦环保工程有限公司,85,B
成都国酿食品股份有限公司,90,A
成都国钰精密机械有限公司,100,A
成都国铁电气设备有限公司,100,A
成都国锋展陈科技有限公司,100,A
成都国鲲航宇科技有限公司,90,A
成都图兰达科技有限公司,100,A
成都图农信息技术有限公司,90,A
成都图南电子有限公司,100,A
成都图威信息技术有限公司,100,A
成都图影视讯科技有限公司,100,A
成都图径生物科技有限公司,90,A
成都图擎科技有限公司,90,A
成都图灵创想科技有限责任公司,100,A
成都图灵少年教育科技有限公司,90,A
成都图灵时代科技有限公司,90,A
成都图瑞思舟科技有限公司,90,A
成都图百特科技有限公司,90,A
成都图睿信息技术有限公司,100,A
成都图翎新能源科技有限公司,90,A
成都图语信息技术有限公司,100,A
成都图语城乡规划设计技术服务有限公司,100,A
成都图迅科技有限公司,100,A
成都图钉科技有限公司,80,B
成都图高能源技术有限公司,100,A
成都圆中北科医学科技有限公司,90,A
成都圆卓网络科技有限公司,90,A
成都圆大生物科技有限公司,100,A
成都圆梦时刻科技有限公司,90,A
成都圣三强铁路配件有限公司,100,A
成都圣世达科技有限公司,90,A
成都圣亚世照明设备有限公司,100,A
成都圣元医学检验实验室有限公司,100,A
成都圣威电气有限公司,90,A
成都圣恩生物科技股份有限公司,100,A
成都圣恩生物科技股份有限公司,100,A
成都圣恩生物科技股份有限公司,100,A
成都圣晨科技有限公司,100,A
成都圣望天成科技有限公司,100,A
成都圣洪生物科技有限公司,60,D
成都圣甜露科技有限公司,90,A
成都圣耀房地产中介有限公司,90,A
成都圣芯集成电路有限公司,90,A
成都圣诺生物制药有限公司,80,B
成都圣诺生物科技股份有限公司,100,A
成都圣路电器有限公司,95,A
成都圣辰自动化设备有限公司,100,A
成都圣达昌精密机械制造有限公司,90,A
成都在水一方影视有限公司,90,A
成都在线支点教育科技有限公司,90,A
成都圭目机器人有限公司,90,A
成都地丰玻璃有限公司,100,A
成都地图慧科技有限公司,100,A
成都地壳科技有限公司,90,A
成都地奥九泓制药厂,100,A
成都地奥制药集团有限公司,100,A
成都地璞建筑科技有限公司,90,A
成都地瓜网络科技有限公司,75,C
成都场量科技有限公司,90,A
成都坊阅信息科技股份有限公司,90,A
成都坐标创意科技有限公司,90,A
成都坚持科技有限责任公司,90,A
成都坤元佳科技有限公司,100,A
成都坤宝建筑材料有限公司,90,A
成都坤宝石油科技有限公司,70,C
成都坤恒顺维科技股份有限公司,100,A
成都坤旭机械设备有限责任公司,90,A
成都坤洋实业发展有限公司,100,A
成都坤舆空间科技有限公司,100,A
成都坤马智能科技有限公司,100,A
成都坦诚液压工程机械有限公司,100,A
成都坦途智行科技有限公司,90,A
成都垚瀚企业管理咨询有限公司,90,A
成都垠际信息技术有限公司,100,A
成都垣景科技有限公司,90,A
成都埃克思智创科技有限公司,90,A
成都埃克森尔科技有限公司,90,A
成都埃必斯通科技有限公司,100,A
成都埃斯特光电技术有限公司,90,A
成都埃森工业产品设计有限公司,100,A
成都埃森普特科技股份有限公司,65,D
成都埃欧体科技有限公司,90,A
成都埃瑞德暖通设备有限公司,100,A
成都埃立博斯科技有限公司,90,A
成都埃舍尔科技有限公司,90,A
成都埃辛诺斯科技有限公司,90,A
成都城市云计算技术有限公司,100,A
成都城市绿茵体育发展有限公司,100,A
成都城府旗正新能源开发有限公司,100,A
成都城投优联科技有限公司,90,A
成都城投信息发展有限公司,90,A
成都城投城建科技有限公司,100,A
成都城投智慧城市科技有限公司,90,A
成都城投远大建筑科技有限公司,70,C
成都城电电力工程设计有限公司,100,A
成都域上和美文旅创意策划有限公司,100,A
成都域时信息科技有限公司,90,A
成都培梦科技有限公司,90,A
成都培深教育科技有限公司,90,A
成都基因坊科技有限公司,90,A
成都基因汇科技有限公司,90,A
成都基康医药科技有限公司,90,A
成都基预科技有限公司,100,A
成都堃所文化创意设计有限公司,90,A
成都堆仪科技有限公司,100,A
成都塔台科技有限公司,90,A
成都塔斯克信息技术有限公司,100,A
成都塔斯和凯斯网络科技有限公司,90,A
成都塔斯特冰火科技有限公司,90,A
成都塔斯特网络科技有限公司,90,A
成都塔格军研科技有限公司,90,A
成都塞伯坦科技有限公司,90,A
成都塞恩斯医药科技有限公司,100,A
成都塞昆思生物技术有限公司,90,A
成都塞纳春天网络科技有限公司,85,B
成都墅适美嘉科技有限公司,90,A
成都增强视图科技有限公司,90,A
成都增材技术应用有限公司,90,A
成都墨之坊科技有限公司,100,A
成都墨云山健康科技有限公司,90,A
成都墨仙互娱科技有限公司,95,A
成都墨兹卡科技发展有限公司,90,A
成都墨年网络科技有限公司,90,A
成都墨恋科技有限公司,90,A
成都墨比科技有限公司,100,A
成都墨灵文化传播有限公司,90,A
成都墨甲信息科技有限公司,90,A
成都墨芒信息技术有限公司,90,A
成都墨芯科技有限公司,90,A
成都墨菲斯科技有限公司,100,A
成都墨轩科技有限公司,95,A
成都墨辛坊信息科技有限公司,90,A
成都墨迹市政工程建设有限公司,90,A
成都墨非科技有限公司,95,A
成都墨魂绘互娱科技有限公司,90,A
成都墨龙科技有限公司,100,A
成都壁虎医疗科技有限公司,90,A
成都壁虎漫步教育科技有限公司,45,E
成都士兰半导体制造有限公司,100,A
成都士模微电子有限责任公司,90,A
成都声光微科技有限公司,100,A
成都声呐科技有限公司,90,A
成都声娱文化传播有限公司,100,A
成都声望科技有限公司,90,A
成都声浮科技有限公司,90,A
成都声玩文化传播有限公司,100,A
成都声立德克技术有限公司,100,A
成都壹为新能源汽车有限公司,100,A
成都壹佰科技有限公司,100,A
成都壹创天下科技有限公司,90,A
成都壹加众杰数字科技有限公司,100,A
成都壹千零壹夜网络科技有限公司,65,D
成都壹博徕科技有限公司,90,A
成都壹唯视信息技术有限公司,90,A
成都壹川互娱网络科技有限公司,90,A
成都壹拾捌科技有限公司,90,A
成都壹果云科技有限公司,90,A
成都壹柒互动科技有限公司,100,A
成都壹柒玖企信科技有限公司,90,A
成都壹甲科技有限公司,90,A
成都壹盉科技有限公司,90,A
成都壹石新科信息技术有限公司,100,A
成都壹程科技有限公司,90,A
成都壹立科技有限公司,90,A
成都壹舍医疗信息科技有限公司,100,A
成都壹触信息科技有限公司,90,A
成都壹言锦创知识产权运营有限公司,100,A
成都壹贰叁肆科技有限公司,100,A
成都壹零玖科技有限公司,90,A
成都壹露天芳科技有限公司,90,A
成都备来科技有限公司,90,A
成都复兴农源生物科技有限公司,90,A
成都复兴医院有限公司,95,A
成都复合谷科技有限公司,100,A
成都复星联创科技有限公司,90,A
成都复晓科技有限公司,90,A
成都复锦功率半导体技术发展有限公司,90,A
成都夏尔天逸科技有限公司,100,A
成都夏科文化传播有限责任公司,90,A
成都夏致天下科技有限公司,100,A
成都夏阳鑫生物科技有限公司,90,A
成都夏飞科技有限公司,90,A
成都夕岩言科技有限公司,90,A
成都多丽斯科技有限公司,90,A
成都多元互动网络科技有限公司,100,A
成都多元智能文化传播有限公司,90,A
成都多又发科技有限公司,80,B
成都多友爱科技有限公司,90,A
成都多吉昌新材料股份有限公司,100,A
成都多川科技有限责任公司,90,A
成都多彩任意门科技有限公司,100,A
成都多控科技有限公司,90,A
成都多普乐施数码科技有限公司,100,A
成都多普力电子科技有限公司,100,A
成都多普勒科技有限公司,100,A
成都多杰建筑智能化工程有限公司,85,B
成都多极电子有限公司,90,A
成都多森科技有限公司,100,A
成都多比乐科技有限公司,90,A
成都多比利家网络科技有限公司,90,A
成都多沐汽车工程有限公司,95,A
成都多然科技有限公司,90,A
成都多科星电子有限公司,100,A
成都多线科技有限公司,90,A
成都多谱测探科技有限公司,90,A
成都多贝石油工程技术有限公司,100,A
成都多贝科技有限责任公司,90,A
成都多闻天下科技有限公司,90,A
成都夜精灵科技有限公司,90,A
成都夜航星科技有限公司,90,A
成都夜行者信息技术有限公司,90,A
成都夜谭科技有限公司,90,A
成都大业光电照明工程有限公司,100,A
成都大互电器有限公司,100,A
成都大亦科技有限公司,90,A
成都大亿网络科技有限公司,90,A
成都大侠骨科技有限公司,90,A
成都大光热喷涂材料有限公司,95,A
成都大公博创信息技术有限公司,100,A
成都大力衡业科技有限公司,100,A
成都大医智云科技有限公司,90,A
成都大华智联信息技术有限公司,100,A
成都大博电气有限责任公司,100,A
成都大可勿界限科技有限公司,100,A
成都大哲医学检验实验室有限公司,90,A
成都大唐线缆有限公司,95,A
成都大图世纪网络科技有限公司,95,A
成都大圆智科技有限公司,90,A
成都大地易网工程管理服务有限公司,90,A
成都大坏鼠文化有限公司,100,A
成都大头菜网络科技有限公司,90,A
成都大奇鹰科技有限公司,100,A
成都大宏立机器股份有限公司,100,A
成都大宫科技有限公司,90,A
成都大家液压机械有限公司,90,A
成都大展新智科技有限公司,90,A
成都大山科技有限公司,90,A
成都大峡骨科技有限公司,100,A
成都大峰软件有限公司,85,B
成都大巨信息技术有限公司,90,A
成都大帝汉克生物科技有限公司,100,A
成都大开应用技术研究所,100,A
成都大成兴科技有限公司,100,A
成都大成均图科技有限公司,100,A
成都大成弘毅科技有限公司,90,A
成都大成档案管理咨询有限公司,100,A
成都大搜索商务服务有限公司,85,B
成都大搜索科技有限公司,90,A
成都大数据产业技术研究院有限公司,100,A
成都大数智科技有限公司,90,A
成都大数汇聚科技有限公司,95,A
成都大旗创想信息科技有限公司,90,A
成都大智云峰科技有限责任公司,100,A
成都大有兴通科技有限公司,80,B
成都大有壁虎教育科技有限公司,90,A
成都大术光年信息技术有限公司,90,A
成都大术科技有限责任公司,75,C
成都大朵科技有限公司,90,A
成都大来文化科技有限公司,90,A
成都大树互娱科技有限公司,90,A
成都大森石化有限公司,100,A
成都大汇低碳环保科技有限公司,100,A
成都大汇智安科技有限公司,75,C
成都大汇智联科技有限公司,90,A
成都大汇物联科技有限公司,100,A
成都大汉微波集成技术有限公司,100,A
成都大淘客科技有限公司,100,A
成都大猿人网络科技有限公司,90,A
成都大益天下文化传播有限责任公司,90,A
成都大眼图图科技有限公司,100,A
成都大眼怪科技有限公司,100,A
成都大磐石科技有限公司,90,A
成都大祺智科节能环保设备有限公司,90,A
成都大秦通信技术有限公司,100,A
成都大维教育咨询有限公司,90,A
成都大美天成科技有限公司,90,A
成都大美种业有限责任公司,100,A
成都大良造信息技术有限公司,100,A
成都大蓉新材料有限责任公司,100,A
成都大西洋线缆有限公司,100,A
成都大视界商贸有限公司,100,A
成都大象分形智能科技有限公司,90,A
成都大象慢步科技有限公司,90,A
成都大趋科技有限公司,90,A
成都大运汽车集团有限公司,70,C
成都大通道管业有限公司,100,A
成都大道三灵生物科技有限公司,90,A
成都大金立合成材料有限责任公司,100,A
成都大金航太科技股份有限公司,95,A
成都大陆建筑设计有限公司,90,A
成都大陆激光技术有限公司,100,A
成都大集环保科技有限公司,100,A
成都大飞象科技有限公司,90,A
成都大黄蜂信息技术有限公司,100,A
成都天一国泰真空设备有限公司,90,A
成都天一晶能半导体有限公司,90,A
成都天一智造科技有限公司,100,A
成都天一美膳营养食品有限公司,100,A
成都天下医森数字科技有限公司,50,E
成都天下票仓科技有限公司,90,A
成都天下草生物科技有限公司,90,A
成都天中新航科技有限公司,90,A
成都天之星智能科技有限公司,90,A
成都天之翼尚品医药科技有限公司,90,A
成都天乾地坤科技有限公司,90,A
成都天予恒成科技有限公司,90,A
成都天云科技有限公司,90,A
成都天仁民防科技有限公司,90,A
成都天伟科技有限公司,90,A
成都天传科技有限公司,90,A
成都天佑创软科技有限公司,100,A
成都天佑华创科技有限公司,90,A
成都天佑慧达智能科技有限公司,90,A
成都天佑扬华科技有限公司,90,A
成都天佑晶创科技有限公司,90,A
成都天佑智云科技发展有限公司,100,A
成都天佑智隧科技有限公司,100,A
成都天佑西交信息科技有限公司,100,A
成都天佑路创轨道交通科技有限公司,90,A
成都天佑路航轨道交通科技有限公司,100,A
成都天体微波科技有限公司,100,A
成都天作云科技有限公司,90,A
成都天使嫣然信息技术有限公司,100,A
成都天保节能环保工程有限公司,90,A
成都天健君农业科技有限公司,85,B
成都天元模具技术有限责任公司,100,A
成都天兆源工程技术有限公司,100,A
成都天兴电气有限公司,90,A
成都天创微波技术股份有限公司,100,A
成都天创智游科技有限公司,80,B
成都天创精密工业有限公司,100,A
成都天利伟图科技有限公司,100,A
成都天利兴业商贸有限公司,95,A
成都天力卓越软件股份有限公司,100,A
成都天勤信电子科技有限公司,90,A
成都天博创科技有限公司,100,A
成都天可精创科技有限公司,100,A
成都天台山制药股份有限公司,90,A
成都天合世纪科技有限责任公司,90,A
成都天合君汇生物科技有限公司,70,C
成都天合宏业科技发展有限公司,100,A
成都天合聚云科技有限公司,100,A
成都天启万峰机电设备有限公司,100,A
成都天呈健康管理咨询有限公司,70,C
成都天呈快快信息技术有限公司,60,D
成都天和云创科技有限公司,100,A
成都天和通科技有限公司,100,A
成都天嘉知识产权代理有限公司,100,A
成都天地一格科技有限公司,90,A
成都天地新成科技有限公司,90,A
成都天地直方发动机有限公司,100,A
成都天地网信息科技有限公司,90,A
成都天地量子科技有限公司,100,A
成都天地量子科技有限公司,100,A
成都天坤盖业有限公司,95,A
成都天城互动软件有限公司,100,A
成都天城精密机械有限公司,100,A
成都天域航通科技有限公司,90,A
成都天基科技有限公司,100,A
成都天堂云科技有限公司,100,A
成都天塞光电科技有限公司,100,A
成都天大仪器股份有限公司,100,A
成都天大仪器股份有限公司,100,A
成都天大仪器股份有限公司,100,A
成都天天网安信息安全技术有限公司,100,A
成都天奥信息科技有限公司,100,A
成都天奥技术发展有限公司,100,A
成都天奥测控技术有限公司,100,A
成都天奥电子股份有限公司,100,A
成都天奥集团有限公司,100,A
成都天宇粮油有限责任公司,100,A
成都天宇联盟医药科技有限责任公司,100,A
成都天宏利科技有限公司,100,A
成都天尚环保设备有限公司,90,A
成都天巡微小卫星科技有限责任公司,90,A
成都天巧科技有限公司,90,A
成都天府三联科技集团有限公司,100,A
成都天府中软国际科技服务有限公司,100,A
成都天府云数信息技术有限公司,90,A
成都天府合涛网络科技有限公司,100,A
成都天府商投信息技术有限公司,90,A
成都天府垫片科技有限公司,100,A
成都天府市民云服务有限公司,100,A
成都天府新区河川科技有限公司,100,A
成都天府新区海天水务有限公司,100,A
成都天府熊猫眼网络科技有限公司,90,A
成都天府知行合一教育科技有限公司,90,A
成都天府绿建兴墅建筑科技有限公司,90,A
成都天府轨谷科技有限公司,90,A
成都天府通金融支付股份有限公司,80,B
成都天府隆中生态科技开发有限公司,90,A
成都天康健康咨询有限公司,85,B
成都天弓电子科技有限公司,100,A
成都天心企业管理咨询有限公司,90,A
成都天性科技有限公司,90,A
成都天意天映数字科技传媒股份有限公司,100,A
成都天成未来科技有限公司,100,A
成都天成点美装饰工程有限公司,90,A
成都天成电科科技有限公司,100,A
成都天才电子有限责任公司,90,A
成都天投成果转化科技有限公司,90,A
成都天拓众成科技有限公司,90,A
成都天星农业科技有限公司,65,D
成都天星照明电器有限公司,95,A
成都天晨压缩机制造有限公司,90,A
成都天智创信息技术有限公司,90,A
成都天智轻量化科技有限公司,55,E
成都天朗电子科技有限公司,90,A
成都天朗道盈科技有限公司,90,A
成都天本地源科技有限公司,80,B
成都天本生物科技有限公司,80,B
成都天杰有机农业发展有限公司,100,A
成都天柱燃气设备有限公司,85,B
成都天核科技有限公司,100,A
成都天汇星辰科技有限公司,100,A
成都天波微电科技有限公司,100,A
成都天润光电有限责任公司,100,A
成都天瀚智能科技有限公司,100,A
成都天狐威视科技有限公司,85,B
成都天玙兴科技有限公司,100,A
成都天瑞芯安科技有限公司,100,A
成都天用唯勤科技股份有限公司,100,A
成都天田医疗电器科技有限公司,100,A
成都天睿智图科技有限公司,90,A
成都天禄科技有限公司,90,A
成都天禧工程咨询有限公司,100,A
成都天秀文化传媒有限公司,80,B
成都天科航空制造股份有限公司,95,A
成都天空卫士网络安全技术有限公司,100,A
成都天空燃控科技股份有限公司,90,A
成都天空营地科技有限公司,100,A
成都天空起源科技有限公司,90,A
成都天窗智能科技有限公司,90,A
成都天箭科技股份有限公司,100,A
成都天箭科技股份有限公司,100,A
成都天箭科技股份有限公司,100,A
成都天纵元航智能科技有限公司,90,A
成都天维恒创智能科技有限公司,85,B
成都天绿菌业有限公司,100,A
成都天翔动力技术研究院有限公司,90,A
成都天翔环境股份有限公司,60,D
成都天翼空间科技有限公司,100,A
成都天翼航空信息工程有限公司,100,A
成都天翼铭士电子科技有限公司,95,A
成都天能燃气设备有限公司,85,B
成都天能环境工程有限公司,90,A
成都天脉创想科技有限公司,90,A
成都天脉拓道科技有限公司,100,A
成都天脑启迪文化发展有限公司,90,A
成都天航蓝宇科技有限公司,85,B
成都天芮科技有限公司,90,A
成都天芯微科技有限公司,100,A
成都天蓝化工科技有限公司,95,A
成都天蓝智达科技有限公司,90,A
成都天蓝蓝科技有限公司,100,A
成都天蝎互娱科技有限公司,90,A
成都天行智博科技有限公司,100,A
成都天衡微波科技有限公司,90,A
成都天衡智造科技有限公司,100,A
成都天衡电科科技有限公司,100,A
成都天誉立信科技有限公司,85,B
成都天诚慧芯科技有限公司,100,A
成都天象互动数字娱乐有限公司,100,A
成都天象互动网络游戏有限公司,100,A
成都天象智慧产城科技服务有限公司,100,A
成都天贸科技有限公司,100,A
成都天赋智点广告有限公司,90,A
成都天软信息技术有限公司,100,A
成都天软通信技术有限公司,90,A
成都天运和科技有限公司,90,A
成都天运智邦网络技术有限公司,100,A
成都天进仪器有限公司,100,A
成都天远宏图科技有限公司,100,A
成都天通电子科技有限公司,90,A
成都天邑包装有限公司,100,A
成都天量科技有限公司,90,A
成都天钥科技有限公司,95,A
成都天铂数字技术有限公司,100,A
成都天锐星通科技有限公司,95,A
成都天锐通科技有限公司,100,A
成都天问互联科技有限公司,100,A
成都天雅石科技有限公司,100,A
成都天音品牌策划有限公司,90,A
成都天音新丽影视科技有限公司,90,A
成都天顺保利新材料有限责任公司,85,B
成都天马微电子有限公司,100,A
成都天马铁路轴承有限公司,95,A
成都天驱科技有限公司,95,A
成都天鹰锐视科技有限公司,90,A
成都天麒科技有限公司,80,B
成都天齐增材智造有限责任公司,90,A
成都太初有智信息技术有限公司,90,A
成都太古未来科技有限公司,90,A
成都太合乐动科技有限公司,80,B
成都太合生物材料有限公司,75,C
成都太和坊食品股份有限公司,100,A
成都太山安全技术咨询有限公司,100,A
成都太山能源科技有限公司,90,A
成都太森网络科技有限公司,90,A
成都太科光电技术有限责任公司,100,A
成都太航星科技有限公司,90,A
成都太航科技有限公司,95,A
成都太行云梯科技有限公司,90,A
成都太锦显示技术有限公司,90,A
成都太阳河环境技术有限公司,100,A
成都太阳神鸟智能控制有限公司,100,A
成都太阳高科技有限责任公司,100,A
成都太阳鸟科技有限公司,100,A
成都央宸科技有限公司,90,A
成都夸克光电技术有限公司,90,A
成都夸克蚂蚁科技有限公司,90,A
成都夹心科技有限公司,90,A
成都奇侠互娱科技有限公司,100,A
成都奇天幻影数字娱乐有限公司,85,B
成都奇影动漫文化有限责任公司,100,A
成都奇微科技有限公司,85,B
成都奇恩生物科技有限公司,90,A
成都奇新科技有限公司,70,C
成都奇曜新能源科技有限公司,90,A
成都奇林科技有限责任公司,100,A
成都奇点信安科技有限公司,100,A
成都奇点无限科技有限公司,90,A
成都奇点智能科技有限责任公司,90,A
成都奇特新生态农业有限公司,90,A
成都奇璞生物科技有限公司,100,A
成都奇纪文化传媒有限公司,90,A
成都奇航系统集成有限公司,100,A
成都奇芯微电子有限公司,100,A
成都奇记电子科技有限公司,90,A
成都奇赢网络科技有限公司,100,A
成都奇跃科技有限公司,80,B
成都奇轮科技有限公司,95,A
成都奇迹世界科技有限公司,85,B
成都奇遇幻境科技有限公司,90,A
成都奇门科技有限公司,90,A
成都奇鲁科技有限公司,100,A
成都奇鼎包装容器有限公司,80,B
成都奋羽电子科技有限公司,90,A
成都奔月电子技术有限公司,100,A
成都奔流标识制作有限责任公司,85,B
成都奔狐信息技术有限公司,100,A
成都奔达通软件有限公司,100,A
成都奕佳联科技有限公司,100,A
成都奕康真空电子技术有限责任公司,90,A
成都奕斯伟芯片设计有限公司,100,A
成都奕美嘉智能工程技术有限公司,90,A
成都奕萱科技有限公司,100,A
成都奕轩软件有限公司,100,A
成都奕阳现代科技有限公司,90,A
成都奕阳现代食品安全技术研究中心（有限合伙）,90,A
成都奥伦达科技有限公司,100,A
成都奥伯莱思科技有限公司,100,A
成都奥兰景观设计有限公司,90,A
成都奥创中友生物科技有限公司,90,A
成都奥创生物科技有限公司,90,A
成都奥利斯机电有限公司,100,A
成都奥北环保科技有限公司,100,A
成都奥卡思微电科技有限公司,90,A
成都奥图科技有限责任公司,100,A
成都奥天网络科技有限责任公司,90,A
成都奥威科技有限公司,95,A
成都奥尤盖茨科技发展有限公司,100,A
成都奥度文创设计有限公司,90,A
成都奥心科技有限公司,90,A
成都奥快科技有限公司,90,A
成都奥捷通信技术有限公司,100,A
成都奥普乐仪器有限公司,85,B
成都奥晶创新科技有限公司,100,A
成都奥晶科技有限责任公司,100,A
成都奥智光达系统技术有限公司,90,A
成都奥朗模具制造有限公司,100,A
成都奥杰科技有限公司,90,A
成都奥林菲斯机械设备有限公司,100,A
成都奥格诺生物科技有限公司,90,A
成都奥梵科技有限公司,100,A
成都奥油信息技术有限公司,90,A
成都奥油兰达科技有限公司,90,A
成都奥特为科技有限公司,100,A
成都奥特为通讯有限公司,60,D
成都奥特立科技有限公司,90,A
成都奥玛科技有限公司,95,A
成都奥瑞科电子科技有限公司,100,A
成都奥璟生物科技有限公司,90,A
成都奥睿尔科技创新服务有限公司,100,A
成都奥睿药业有限公司,90,A
成都奥知睿云科技有限公司,100,A
成都奥神科技有限公司,90,A
成都奥科睿科技有限公司,100,A
成都奥秘智能科技有限公司,100,A
成都奥立依特科技有限公司,100,A
成都奥纳科技有限责任公司,90,A
成都奥美加科技有限公司,100,A
成都奥美特汽车服务有限公司,100,A
成都奥诺数网科技有限公司,90,A
成都奥谱勒仪器有限公司,70,C
成都奥达生物科技有限公司,90,A
成都奥邦药业有限公司,90,A
成都奥鑫源环保科技有限公司,90,A
成都奥鑫管业有限公司,100,A
成都女神很忙科技有限公司,90,A
成都奶游科技有限公司,90,A
成都好伙伴网络科技有限公司,100,A
成都好医生医学检验所有限公司,95,A
成都好启科技有限公司,100,A
成都好大一个牛油果食品有限公司,100,A
成都好实科技有限公司,100,A
成都好家人科技有限公司,90,A
成都好惠捷实业有限公司,100,A
成都好想会教育科技有限公司,90,A
成都好房淘信息科技股份有限公司,90,A
成都好房通科技股份有限公司,80,B
成都好搭档科技有限公司,85,B
成都好易升教育咨询有限公司,90,A
成都好景晟精密机械有限公司,90,A
成都好朋友软件科技有限公司,90,A
成都好牧人企业管理咨询有限公司,90,A
成都好玩一二三科技有限公司,100,A
成都好空气科技发展有限公司,100,A
成都好维通智科技有限公司,90,A
成都好问法网络服务有限公司,90,A
成都好阅智能科技有限公司,90,A
成都如丽网络科技有限公司,90,A
成都如住科技有限公司,90,A
成都如瑞风机制造有限公司,100,A
成都妈妈团健康管理有限公司,100,A
成都妍恩生物科技有限公司,90,A
成都妙喜电子科技有限公司,90,A
成都妙展科技有限公司,90,A
成都妙笔绘科技有限公司,90,A
成都姜业光电科技有限公司,100,A
成都威世通智能科技有限公司,90,A
成都威云科技有限公司,100,A
成都威克瑞节能技术有限公司,100,A
成都威力巴自控设备有限公司,100,A
成都威力生生物科技有限公司,100,A
成都威博赛尔科技有限公司,100,A
成都威嘉软件有限公司,90,A
成都威士达粉末冶金有限公司,100,A
成都威奥畅通科技有限公司,100,A
成都威奥畅通科技有限公司,100,A
成都威尔奇空间信息技术有限公司,90,A
成都威尔普斯石油工程技术服务有限公司,100,A
成都威尔森科技发展有限责任公司,100,A
成都威庆科技有限公司,100,A
成都威思拓科技有限公司,95,A
成都威思科技有限公司,100,A
成都威思霍克科技发展有限公司,100,A
成都威斯津生物医药科技有限公司,90,A
成都威斯特消防机械有限公司,100,A
成都威斯腾科技实业有限公司,100,A
成都威智科技有限公司,100,A
成都威正数码科技有限公司,100,A
成都威爱数矩科技有限公司,90,A
成都威爱新经济技术研究院有限公司,90,A
成都威特电喷有限责任公司,95,A
成都威登阀门技术有限公司,100,A
成都威而信实业有限公司,100,A
成都威能士医疗科技有限公司,95,A
成都威英软件有限公司,100,A
成都威茨泵业有限公司,100,A
成都威诺电子设备制造有限责任公司,100,A
成都威诺精密机械有限公司,100,A
成都威贝思特科技有限公司,100,A
成都威路特软件科技有限公司,100,A
成都威邦科技有限公司,90,A
成都威锐斯电子有限公司,90,A
成都威隆众诚环保设备有限公司,100,A
成都威频科技有限公司,90,A
成都威频通讯技术有限公司,100,A
成都威风纵横科技有限公司,90,A
成都威鸿科技有限公司,90,A
成都娄外科技有限公司,100,A
成都娜涌科技有限公司,90,A
成都娱游网络科技有限公司,90,A
成都嫩牛五方科技有限公司,90,A
成都子之源绿能科技有限公司,90,A
成都子云游文化旅游发展有限公司,90,A
成都子墨科技有限公司,90,A
成都子奇科技有限公司,90,A
成都子暄网络科技有限公司,90,A
成都子源电子科技有限公司,90,A
成都子程电子设备有限公司,100,A
成都子蜜鸟科技有限公司,90,A
成都子质科技有限公司,90,A
成都子辰时频科技有限公司,90,A
成都子非影人科技有限公司,90,A
成都孔辉汽车科技有限公司,85,B
成都字节流科技有限公司,95,A
成都字节空间信息科技有限公司,80,B
成都存夕企业管理咨询有限公司,90,A
成都存时科技有限公司,100,A
成都孚华环保科技有限公司,90,A
成都孚吉科技有限责任公司,100,A
成都孚耐特矿山设备有限公司,100,A
成都孚谦科技有限公司,90,A
成都孜侨科技有限公司,100,A
成都孝沸科技有限公司,100,A
成都季诺科技有限公司,90,A
成都学唐科技有限公司,70,C
成都学子科技有限公司,95,A
成都学尚科技有限公司,90,A
成都学思行科技有限公司,90,A
成都学知乐科技有限公司,90,A
成都学语教育科技有限公司,95,A
成都学道无为信息科技有限公司,90,A
成都学高济桓网络科技有限公司,90,A
成都宁克科技有限公司,100,A
成都宁兴汽车弹簧有限公司,100,A
成都宁水科技有限公司,95,A
成都宁海科技有限公司,100,A
成都宁翔机械制造有限责任公司,100,A
成都宁良实业有限公司,60,D
成都宁锦威通信技术有限公司,90,A
成都宇亨智能科技有限公司,100,A
成都宇亨智能科技有限公司,100,A
成都宇俊盛科技有限公司,100,A
成都宇信达建筑材料有限公司,90,A
成都宇典科技有限公司,100,A
成都宇创飞扬科技有限公司,90,A
成都宇博志诚科技有限公司,100,A
成都宇宙之路文化传媒有限公司,90,A
成都宇尚博美科技有限公司,90,A
成都宇峻科技有限公司,100,A
成都宇广文化传播有限公司,90,A
成都宇恒博电子科技有限公司,90,A
成都宇泓文化传播有限公司,100,A
成都宇浩晨科技有限公司,100,A
成都宇熙电子技术有限公司,100,A
成都宇砚科技有限公司,90,A
成都宇维创信科技有限公司,90,A
成都宇翔科技有限公司,100,A
成都宇能通新能源有限公司,90,A
成都宇能通能源开发有限公司,95,A
成都宇航星科技有限公司,90,A
成都宇讯智通科技有限公司,100,A
成都宇越达科技有限公司,90,A
成都宇鑫洪科技有限公司,100,A
成都宇霄科技有限公司,90,A
成都宇风科技有限公司,90,A
成都宇飞信息工程有限责任公司,90,A
成都守望者科技有限公司,90,A
成都安与歌品牌管理有限公司,90,A
成都安世亚太科技有限公司,100,A
成都安世赛斯特软件技术有限公司,100,A
成都安丽普斯科技有限公司,90,A
成都安之源生态科技有限公司,95,A
成都安信思远信息技术有限公司,90,A
成都安则优科技有限公司,90,A
成都安则科技有限公司,100,A
成都安勤信息技术有限公司,90,A
成都安北网络科技有限公司,90,A
成都安华兴邦科技有限公司,100,A
成都安博力善生物科技有限公司,90,A
成都安博嘉润电子技术有限公司,90,A
成都安博电子设备有限公司,90,A
成都安博睿安全科技有限公司,100,A
成都安可信时代科技有限公司,100,A
成都安可信电子股份有限公司,95,A
成都安吉斯信息技术有限公司,100,A
成都安吉斯智能设备有限公司,90,A
成都安城汇科技有限公司,90,A
成都安城铝业有限公司,100,A
成都安多多科技有限公司,100,A
成都安奥科技发展有限公司,90,A
成都安好精工机械股份有限公司,100,A
成都安宇科技有限公司,100,A
成都安客云网络科技有限公司,90,A
成都安密电子系统工程有限公司,100,A
成都安密科技有限公司,90,A
成都安尔普信息技术有限公司,100,A
成都安尔法智控科技股份有限公司,100,A
成都安居乐业信息技术有限公司,90,A
成都安居天下实业有限责任公司,100,A
成都安岩物联科技有限公司,100,A
成都安彩敬天科技有限公司,50,E
成都安德信信息技术有限公司,100,A
成都安德力自动化科技有限公司,85,B
成都安思泰科技有限公司,90,A
成都安思科技有限公司,100,A
成都安恒信息技术有限公司,100,A
成都安意嘉供应链管理有限公司,100,A
成都安拓力科技有限公司,100,A
成都安捷润轨道技术有限责任公司,90,A
成都安捷畅医疗科技有限公司,100,A
成都安捷芮环保科技有限公司,100,A
成都安捷隆仪器有限公司,90,A
成都安擎微波科技有限责任公司,100,A
成都安斯利生物医药有限公司,100,A
成都安易迅科技有限公司,100,A
成都安普利电子有限责任公司,100,A
成都安普利菲能源技术有限公司,90,A
成都安普诺生物科技有限公司,100,A
成都安普顿科技有限公司,100,A
成都安智杰科技有限公司,100,A
成都安智科技有限公司,90,A
成都安智视云科技有限公司,90,A
成都安朗电气自控设备有限公司,70,C
成都安杰联科技有限公司,90,A
成都安杰迅科技有限公司,90,A
成都安枫科技有限公司,90,A
成都安森得科技有限公司,90,A
成都安概得通信技术有限公司,90,A
成都安永鼎业生物技术有限公司,90,A
成都安泊云建筑科技有限公司,90,A
成都安泰信科技有限公司,100,A
成都安泰康赛生物科技有限公司,90,A
成都安涂森教育咨询有限公司,85,B
成都安满生物医药科技有限公司,100,A
成都安潜体育文化传播有限公司,90,A
成都安特伟业科学仪器有限公司,90,A
成都安特电子有限责任公司,100,A
成都安瑞健康科技有限公司,90,A
成都安瑞芯科技有限公司,90,A
成都安的光电科技有限公司,100,A
成都安瞳半导体有限公司,90,A
成都安砥科技有限公司,90,A
成都安科泰丰科技有限公司,100,A
成都安第斯信息技术有限公司,90,A
成都安美勤信息技术股份有限公司,100,A
成都安美科燃气技术股份有限公司,100,A
成都安美科能源管理有限公司,90,A
成都安能吉科技有限公司,90,A
成都安能捷电气科技有限公司,100,A
成都安腾斯科技有限公司,90,A
成都安舟信息技术有限公司,100,A
成都安芬洛科技发展有限公司,90,A
成都安莱特热能科技有限公司,100,A
成都安蒂康生物科技有限公司,90,A
成都安蒂瑞斯能源科技有限公司,100,A
成都安讯智服科技有限公司,90,A
成都安诚迅飞电子科技有限公司,100,A
成都安诺晨创医药科技有限公司,90,A
成都安达信诚科技有限公司,100,A
成都安迅达科技有限公司,100,A
成都安迪星宇电子科技有限公司,100,A
成都安迪生测量有限公司,90,A
成都安迪生精测科技有限公司,90,A
成都安通林汽车饰件有限公司,100,A
成都安速优科技有限责任公司,90,A
成都安鑫达商务汽车租赁有限公司,90,A
成都安锐格智能科技有限公司,100,A
成都安阶监测科技有限公司,100,A
成都安顾信息技术有限公司,90,A
成都宋元光电科技有限公司,100,A
成都宋元科技有限公司,100,A
成都完形工业设计有限公司,100,A
成都完美时空网络技术有限公司,100,A
成都宏亿实业集团有限公司,100,A
成都宏信创科科技有限公司,100,A
成都宏光数创机械设备有限公司,90,A
成都宏利伟工程机械服务有限公司,90,A
成都宏卓科技有限公司,90,A
成都宏博科技发展有限公司,100,A
成都宏宇数智科技有限公司,90,A
成都宏宇浩涵文化发展有限公司,90,A
成都宏志微纳光电技术有限公司,90,A
成都宏恒信息科技有限公司,100,A
成都宏恩生物科技有限公司,90,A
成都宏慈科技有限公司,100,A
成都宏斯石油技术服务有限公司,90,A
成都宏新机器人科技有限公司,100,A
成都宏旭科技有限公司,100,A
成都宏昇园林绿化工程有限公司,100,A
成都宏昊达钢结构工程有限公司,100,A
成都宏明双新科技股份有限公司,95,A
成都宏明电子股份有限公司,75,C
成都宏森林玖玖文化传播有限公司,90,A
成都宏泉环保科技有限公司,100,A
成都宏济新瑞生物科技有限公司,90,A
成都宏源铸造材料有限公司,100,A
成都宏焘新材料有限公司,85,B
成都宏熠电子科技有限公司,90,A
成都宏瑞飞扬建筑工程有限公司,90,A
成都宏科微波通信有限公司,100,A
成都宏科电子科技有限公司,100,A
成都宏羽商贸有限公司,95,A
成都宏羽慧储科技有限责任公司,90,A
成都宏誉业科技有限公司,90,A
成都宏讯微电子科技有限公司,100,A
成都宏软科技实业有限公司,95,A
成都宏达洁净技术工程有限公司,100,A
成都宏迅达科技有限公司,100,A
成都宏远佳业电气设备有限公司,100,A
成都宏途高创科技有限公司,100,A
成都宏鑫源新材料有限公司,100,A
成都宏驰伟业智能科技有限公司,100,A
成都宏鼎汽车零部件有限公司,90,A
成都宗裕科技有限公司,100,A
成都定为电子技术有限公司,100,A
成都定星科技有限公司,90,A
成都定茂商贸有限公司,90,A
成都宜乐芯生物科技有限公司,90,A
成都宜信安科技有限公司,100,A
成都宜农科技有限责任公司,80,B
成都宜安家美居装饰工程有限公司,90,A
成都宜家食品有限公司,90,A
成都宜川电子科技有限公司,100,A
成都宜昇网络科技有限公司,100,A
成都宜有家科技有限公司,100,A
成都宜汇亿信息技术有限公司,100,A
成都宜泊信息科技有限公司,100,A
成都宜联科技有限责任公司,100,A
成都宜行宜停科技有限公司,70,C
成都宜隆义齿有限公司,100,A
成都宝中隆信息技术有限公司,90,A
成都宝利恩恩环保科技有限公司,90,A
成都宝利成科技有限公司,90,A
成都宝利根科技有限公司,100,A
成都宝利根自动化技术有限公司,100,A
成都宝康自动化设备有限公司,100,A
成都宝拓科技有限公司,90,A
成都宝珊瑚科技有限责任公司,100,A
成都宝瓜科技有限公司,90,A
成都宝程科技有限公司,100,A
成都宝英环境工程有限公司,90,A
成都宝袋科技有限公司,100,A
成都宝视科技有限公司,90,A
成都宝通天宇电子科技有限公司,100,A
成都宝雨电气科技有限公司,90,A
成都实华慧创科技有限公司,100,A
成都实唯物联网科技有限公司,100,A
成都实好电器有限公司,100,A
成都实时技术股份有限公司,100,A
成都实汇科技有限公司,100,A
成都实讯信息技术有限公司,40,E
成都宠幺幺科技有限公司,90,A
成都宠物大师科技有限公司,90,A
成都客乐点科技有限公司,100,A
成都客车股份有限公司,80,B
成都宣扬电器有限公司,100,A
成都家佳顺文化传播有限公司,90,A
成都家多美科技有限公司,100,A
成都家娱互动科技有限公司,100,A
成都家康智能科技有限公司,90,A
成都家有为力机器人技术有限公司,100,A
成都家页文化传媒有限公司,100,A
成都宸亿轩科技有限公司,90,A
成都宸创昊景科技有限公司,90,A
成都宸宇涂装技术有限公司,65,D
成都宸菡供应链管理有限公司,100,A
成都宸诺科技有限公司,100,A
成都宸量信息科技有限公司,90,A
成都宸鑫云科技有限公司,90,A
成都宸钰信息技术服务有限公司,95,A
成都宸鸿科技有限公司,90,A
成都容光五金制品有限公司,100,A
成都容和通科技有限公司,85,B
成都容正工程技术有限公司,100,A
成都容正软件有限公司,90,A
成都容洋科技有限公司,100,A
成都容海信息技术有限责任公司,90,A
成都容简数字科技有限公司,90,A
成都容芯微电子有限公司,90,A
成都容豪电子信息科技有限公司,100,A
成都宽显科技有限责任公司,70,C
成都宽泛科技有限公司,100,A
成都宽窄智汇科技有限公司,90,A
成都宽窄美食投资有限公司,100,A
成都宽邦科技有限公司,100,A
成都宾尚信息技术有限公司,90,A
成都宾智航科技有限公司,100,A
成都宾森机械工具有限公司,100,A
成都富临精工新能源动力有限公司,85,B
成都富丽德科技有限公司,90,A
成都富亿园林有限责任公司,100,A
成都富元辰科技有限公司,100,A
成都富凯飞机工程服务有限公司,100,A
成都富利通科技有限公司,100,A
成都富力威航科技有限公司,90,A
成都富升电子科技有限公司,90,A
成都富华宇祺通讯有限公司,90,A
成都富友自动化工程有限公司,100,A
成都富域电气设备有限公司,100,A
成都富安纳新材料科技有限公司,90,A
成都富宏科技有限公司,100,A
成都富岱生物医药有限公司,90,A
成都富强电子电器科技有限公司,100,A
成都富彩新材料有限公司,90,A
成都富思特新材料有限公司,100,A
成都富捷锐城汽车服务有限公司,100,A
成都富新文化旅游资源开发有限公司,90,A
成都富春智城科技有限公司,95,A
成都富晟安创汽车零部件有限公司,100,A
成都富晟新材料有限公司,100,A
成都富晟汽车饰件有限公司,100,A
成都富正工业技术有限公司,90,A
成都富江工业股份有限公司,100,A
成都富泰锦丰汇科技有限公司,90,A
成都富泰锦智汇科技有限公司,100,A
成都富源华能科技有限公司,90,A
成都富王科技有限公司,100,A
成都富瑞思科技有限公司,100,A
成都富纳汇科技有限公司,90,A
成都富美家纺织品有限公司,100,A
成都富莱特环保科技有限公司,100,A
成都富诺雷特科技有限公司,100,A
成都富通光通信技术有限公司,95,A
成都富邦伟业科技有限公司,90,A
成都富雅物业服务有限公司,100,A
成都富顿科技有限公司,100,A
成都富驰达科技有限公司,90,A
成都寒峰科技有限公司,90,A
成都寓匠科技有限公司,90,A
成都寓道科技有限公司,85,B
成都寰通信息科技有限责任公司,100,A
成都对角线科技有限公司,100,A
成都寻影科技有限公司,100,A
成都寻讯科技有限公司,90,A
成都寻道数财科技有限公司,90,A
成都寻道科技有限公司,95,A
成都导胜生物技术有限公司,90,A
成都导飞科技有限公司,100,A
成都寿泰通航科技有限公司,80,B
成都尉峰科技有限公司,100,A
成都尊源能源管理有限公司,90,A
成都小丑鱼网络信息技术有限公司,90,A
成都小众互联科技有限公司,90,A
成都小众机电设备有限公司,100,A
成都小众电子科技有限公司,100,A
成都小众科技有限公司,90,A
成都小勾教育科技有限公司,90,A
成都小叮当软件有限公司,100,A
成都小名科技有限公司,90,A
成都小向科技有限责任公司,90,A
成都小启科技有限责任公司,90,A
成都小唱科技有限公司,100,A
成都小娱网络科技有限公司,90,A
成都小巨人畜牧设备有限公司,100,A
成都小律侠科技有限公司,90,A
成都小微云联科技有限公司,100,A
成都小悍云计算有限公司,90,A
成都小时代科技有限公司,100,A
成都小极科技有限责任公司,100,A
成都小栈教育科技有限公司,100,A
成都小橘袋健康科技有限公司,100,A
成都小欧智慧科技有限公司,90,A
成都小步创想慧联科技有限公司,100,A
成都小步创想畅联科技有限公司,100,A
成都小步创想科技有限公司,100,A
成都小沃智慧医疗科技有限公司,90,A
成都小淞科技有限公司,90,A
成都小漫科技有限公司,85,B
成都小火山科技有限公司,90,A
成都小火科技有限公司,90,A
成都小火箭科技有限公司,90,A
成都小爱未来智慧科技有限公司,100,A
成都小瑜科技有限公司,70,C
成都小益科技有限责任公司,65,D
成都小码哥科技有限公司,100,A
成都小苔致胜智能科技有限公司,100,A
成都小蓝科技有限责任公司,90,A
成都小虎运动科技有限公司,80,B
成都小蛮幺网络科技有限公司,90,A
成都小蟾科技有限公司,100,A
成都小语软件有限公司,90,A
成都小豹科技有限公司,100,A
成都小超人网络科技有限公司,90,A
成都小软科技有限公司,90,A
成都小钥匙科技有限公司,100,A
成都小雅书院教育科技有限公司,90,A
成都小雨环保科技有限公司,90,A
成都小魔盒科技有限公司,90,A
成都小鸥科技有限公司,90,A
成都少年智科技有限公司,100,A
成都少阳科技有限公司,90,A
成都尔想科技有限公司,80,B
成都尔珏科技有限公司,90,A
成都尔语科技有限公司,90,A
成都尖晶石科技有限公司,90,A
成都尘芯物联科技有限公司,90,A
成都尚丰达科技有限公司,90,A
成都尚云依图智能科技有限公司,90,A
成都尚作农业科技有限公司,45,E
成都尚光电子有限公司,90,A
成都尚医信息科技有限公司,100,A
成都尚华电气有限公司,100,A
成都尚厚科技有限公司,90,A
成都尚品精工科技有限公司,100,A
成都尚拓科技有限公司,90,A
成都尚明工业有限公司,100,A
成都尚源轨道交通设备有限公司,85,B
成都尚甫文化传媒有限公司,90,A
成都尚社纪文化传播有限公司,90,A
成都尚绿再生能源科技有限公司,100,A
成都尚食农业科技有限公司,90,A
成都尤利特光电科技股份有限公司,80,B
成都尤尼克斯科技有限公司,100,A
成都尤尼特科技有限公司,95,A
成都尤立科可壳电器有限公司,100,A
成都尧它大数据有限公司,90,A
成都尧璧科技有限公司,90,A
成都尧诺科技有限公司,100,A
成都尹之田科技有限公司,90,A
成都尹文特科技有限公司,95,A
成都尹通科技有限公司,95,A
成都尺物科技有限公司,90,A
成都尺钧网络科技有限公司,70,C
成都尼之源科技有限公司,90,A
成都尼奥云科技有限公司,90,A
成都尼恩网络科技有限公司,90,A
成都尼晟科技有限公司,90,A
成都尼科源电子科技有限公司,90,A
成都尽知致远科技有限公司,100,A
成都居学科技有限公司,100,A
成都居家生活造纸有限责任公司,100,A
成都居家通物流有限责任公司,80,B
成都居雅家政服务有限公司,90,A
成都展为机电自动化有限公司,90,A
成都展亚环保工程有限公司,100,A
成都展宇科技有限公司,100,A
成都展悦家具有限公司,90,A
成都展望能源机械有限公司,95,A
成都展讯通信技术有限公司,100,A
成都展辰涂料有限公司,100,A
成都山之珍品智慧农业科技有限公司,90,A
成都山信药业有限公司,90,A
成都山友暖通工程有限公司,95,A
成都山地智航科技有限公司,90,A
成都山地环安科技有限公司,90,A
成都山河泰科技有限公司,55,E
成都山河空间信息技术有限公司,100,A
成都山海互动科技有限责任公司,90,A
成都山海时空科技有限公司,90,A
成都山珊科技有限公司,100,A
成都山神轨道交通设备有限公司,100,A
成都山莓科技有限公司,100,A
成都屹林物流有限公司,90,A
成都屿西半导体科技有限公司,90,A
成都岁生科技有限责任公司,90,A
成都岁默商贸有限公司,90,A
成都岐启帆装饰工程有限公司,90,A
成都岐盛科技有限公司,100,A
成都岐黄博恩生物科技有限公司,90,A
成都岩心科技有限公司,100,A
成都岩波浩淼科技有限公司,80,B
成都岳钧智能科技有限公司,90,A
成都岷山绿氢能源有限公司,90,A
成都岷江水生资源研究有限公司,100,A
成都岷江环保科技有限公司,100,A
成都岷江精密刀具有限公司,90,A
成都岸境科技有限公司,75,C
成都峨眉雪芽电子商务有限公司,100,A
成都峰值科技有限公司,90,A
成都峰凌科技有限公司,95,A
成都峰泰电气有限公司,100,A
成都峰潮信息技术有限公司,100,A
成都峰煜科技有限公司,90,A
成都峰西猿科技有限公司,90,A
成都峰际生物技术有限公司,100,A
成都崃岭生态茶业有限公司,100,A
成都崇古尚珍网络科技有限公司,100,A
成都崎峻科技有限公司,90,A
成都崎泰触控科技有限公司,100,A
成都嵘兴科技有限公司,90,A
成都嵘旺电子科技有限公司,90,A
成都巅毫科技有限公司,90,A
成都川一机械有限公司,100,A
成都川三网络科技有限公司,90,A
成都川为科技有限公司,100,A
成都川余利环保包装制品有限公司,100,A
成都川农牛科技有限公司,90,A
成都川力智能流体设备股份有限公司,90,A
成都川势北抖数字科技有限公司,90,A
成都川发生物科技有限公司,90,A
成都川和酒业有限公司,90,A
成都川哈工机器人及智能装备产业技术研究院有限公司,90,A
成都川城互动网络科技有限公司,90,A
成都川大川科网络信息有限公司,100,A
成都川大技术转移集团有限公司,90,A
成都川大科鸿新技术研究所,100,A
成都川大金钟科技有限公司,95,A
成都川宇健维生物科技有限公司,90,A
成都川宇轩科技有限公司,90,A
成都川工泵业有限公司,100,A
成都川康金格生物科技有限公司,90,A
成都川恒亿科技有限公司,100,A
成都川成鑫宇建筑工程有限公司,90,A
成都川新甲科技有限公司,90,A
成都川新齐越机械有限公司,70,C
成都川本塑胶有限公司,100,A
成都川欧微网科技有限公司,90,A
成都川武理工新材料科技有限公司,90,A
成都川永诚企业咨询有限公司,90,A
成都川江信息技术有限公司,100,A
成都川油瑞飞科技有限责任公司,90,A
成都川洁能源管理有限公司,100,A
成都川海智造科技有限公司,90,A
成都川源远景能源科技有限公司,90,A
成都川电自控工程技术有限公司,95,A
成都川盛塑胶有限公司,100,A
成都川硬合金材料有限责任公司,100,A
成都川科信达信息技术有限公司,100,A
成都川红锦食品有限公司,100,A
成都川纳科技有限公司,90,A
成都川维科技有限公司,100,A
成都川缆电缆有限公司,95,A
成都川网科技有限公司,90,A
成都川美新技术股份有限公司,100,A
成都川联盛科技有限公司,100,A
成都川苏智联科技有限公司,100,A
成都川蜀沪望科技有限公司,100,A
成都川行科技塑业有限公司,95,A
成都川行科技塑业有限公司,95,A
成都川行科技塑业有限公司,95,A
成都川衡科技有限公司,90,A
成都川赢云途科技有限公司,90,A
成都川越消防工程有限公司,100,A
成都川路塑胶集团有限公司,90,A
成都川通智联科技有限公司,100,A
成都川铁环境工程有限公司,90,A
成都川锋化学工程有限责任公司,100,A
成都川隆机电有限公司,100,A
成都川雅木业有限公司,100,A
成都工信安科技有限公司,90,A
成都工元科技有限公司,90,A
成都工具研究所有限公司,95,A
成都工创科技有限公司,90,A
成都工匠之星科技有限公司,100,A
成都工合科技有限公司,100,A
成都工投电子科技有限公司,70,C
成都工投电子设备有限公司,65,D
成都工投装备有限公司,90,A
成都工机帮科技有限公司,90,A
成都工物科云科技有限公司,90,A
成都工百利自动化设备有限公司,100,A
成都工美科技有限公司,90,A
成都工航科技有限公司,100,A
成都工芯科技有限公司,90,A
成都工鼎科技有限公司,100,A
成都巧宜厨房设备有限公司,100,A
成都巧班科技有限公司,90,A
成都巨力龙腾商务信息咨询有限公司,65,D
成都巨峰玻璃有限公司,80,B
成都巨川机械有限公司,75,C
成都巨拓机电科技有限公司,100,A
成都巨树文化传播有限公司,90,A
成都巨涛油气工程有限公司,100,A
成都巨灵科技有限公司,90,A
成都巨维业科技有限公司,90,A
成都巨臣科技有限公司,90,A
成都巨蜂科技有限公司,90,A
成都巨融互娱网络科技有限公司,90,A
成都巨鲸互联科技有限公司,90,A
成都巨鲸未来科技有限公司,90,A
成都巨麦建材有限公司,90,A
成都巨龙生物科技股份有限公司,90,A
成都巴德富科技有限公司,100,A
成都巴纳移动科技有限公司,80,B
成都市一品天鲜科技有限公司,90,A
成都市一颗优雅草科技有限公司,85,B
成都市万盛华科技有限公司,55,E
成都市三业进口汽车技术服务有限责任公司,70,C
成都市三为技术有限责任公司,100,A
成都市三宇仪表科技发展有限公司,100,A
成都市三宇电子机械有限公司,100,A
成都市三极科技有限公司,100,A
成都市三河源科技有限公司,100,A
成都市三海热缩制品有限责任公司,100,A
成都市三禾田生物技术有限公司,75,C
成都市三跃机械设备有限公司,100,A
成都市上盛堂商贸有限公司,90,A
成都市世拓宇创智能科技有限公司,90,A
成都市东博慧讯科技有限公司,100,A
成都市东星自动化设备有限责任公司,100,A
成都市东逸致盛家具有限公司,100,A
成都市中万达五金有限公司,100,A
成都市中以津惠农业科技有限公司,90,A
成都市中庆华智科技有限公司,90,A
成都市中德知识产权代理有限公司,100,A
成都市中朋达电气有限公司,60,D
成都市中柏科技有限公司,100,A
成都市中森特电子有限公司,100,A
成都市中电伟业科技有限公司,90,A
成都市中知慧智科技服务有限公司,85,B
成都市临点科技有限公司,100,A
成都市丽睿科技有限公司,90,A
成都市乐友方科技有限公司,100,A
成都市乐成天下网络科技有限公司,60,D
成都市九天睿芯科技有限公司,90,A
成都市九阵智科科技有限公司,90,A
成都市九阵科技有限公司,100,A
成都市云中游科技有限公司,100,A
成都市云中花教育科技有限责任公司,90,A
成都市云海天环保科技有限公司,100,A
成都市云疾救医学科技有限公司,90,A
成都市云集药业有限公司,95,A
成都市五度空间立体车库科技有限公司,100,A
成都市亚峰农业开发有限公司,100,A
成都市人防建筑设计研究院有限公司,100,A
成都市亿泰科技有限公司,90,A
成都市亿腾钢结构有限公司,100,A
成都市亿贝尔粮油机械制造有限公司,100,A
成都市今博广告展览有限公司,90,A
成都市今日通达科技有限公司,90,A
成都市以太节点科技有限公司,80,B
成都市任我行信息技术有限公司,100,A
成都市众创博睿信息科技有限公司,60,D
成都市众屹实业有限公司,100,A
成都市众诚坦途网络科技有限公司,90,A
成都市优立工程质量检测有限公司,100,A
成都市佐锐科技有限公司,90,A
成都市佳欣环保科技有限公司,90,A
成都市佳颖医用制品有限公司,100,A
成都市保丽康科技有限公司,95,A
成都市保码科技有限公司,90,A
成都市倍诚分析技术有限公司,95,A
成都市健业大药房有限责任公司,90,A
成都市元视芯智能科技有限公司,90,A
成都市光华园食品有限责任公司,50,E
成都市全盛鼎间木业有限公司,80,B
成都市六一创新科技有限公司,90,A
成都市兴三维玻璃制造有限公司,95,A
成都市兴世创科技有限公司,100,A
成都市兴华亿通讯设备有限责任公司,100,A
成都市兴名源电器有限公司,95,A
成都市兴宏标件实业有限公司,95,A
成都市兴岷江电热电器有限责任公司,100,A
成都市兴恒泰印务有限公司,85,B
成都市兴瑞祥科技有限公司,100,A
成都市兴邦能源科技开发有限公司,90,A
成都市农夫未来科技有限公司,90,A
成都市冠宇复合材料制品有限公司,100,A
成都市凌巨通科技有限公司,100,A
成都市凌翔植化科技开发有限公司,100,A
成都市凯南机械设备有限公司,100,A
成都市凯尔文科技有限公司,90,A
成都市凯林机械贸易有限责任公司,100,A
成都市凯琢科技有限公司,100,A
成都市凯瑞医疗科技有限公司,90,A
成都市创托盛和信息技术服务有限公司,100,A
成都市创杰展示设备有限公司,100,A
成都市创盛智美科技有限公司,100,A
成都市创航科技有限公司,100,A
成都市力能达紧固件制造有限公司,100,A
成都市力远新能源电动车有限公司,85,B
成都市劲才智能科技有限公司,100,A
成都市勇拓先锋科技有限公司,100,A
成都市勘察测绘研究院,100,A
成都市医净净化设备科技有限公司,100,A
成都市华东装饰设计工程有限公司,85,B
成都市华易优卓科技有限责任公司,100,A
成都市华星兴印务制作有限责任公司,100,A
成都市华普视讯科技有限公司,90,A
成都市华森电子信息产业有限责任公司,100,A
成都市华泽文新教育科技有限公司,80,B
成都市华测检测技术有限公司,100,A
成都市华睿环境治理有限责任公司,90,A
成都市华科机电设备有限公司,90,A
成都市华采制衣有限公司,90,A
成都市卓力工程技术服务有限公司,90,A
成都市卓新实业有限公司,95,A
成都市卓睿科技有限公司,100,A
成都市南丁医用材料有限公司,90,A
成都市南岳科技有限公司,90,A
成都市博杰自动化设备有限公司,100,A
成都市博磊化工机械有限公司,100,A
成都市博耘科技有限公司,100,A
成都市博能电力电子散热器研究所,100,A
成都市博领广告传媒有限公司,90,A
成都市卡蛙科技有限公司,100,A
成都市卫莱科技有限公司,100,A
成都市友杨峰汽车有限公司,100,A
成都市双流区启智适应教育培训学校有限公司,90,A
成都市双流区楠奥淇智能科技有限公司,90,A
成都市双流区鑫泰茂礼品包装有限公司,85,B
成都市双流川双热缩制品有限公司,100,A
成都市双流恒生锻造有限公司,100,A
成都市双流金石机械制造有限公司,85,B
成都市双流金石机械制造有限公司电力金具分公司,100,A
成都市叠创科技有限公司,90,A
成都市古月永享生物科技有限公司,90,A
成都市合一优品汽车配件有限公司,100,A
成都市合瑞尔科技有限公司,100,A
成都市吉祥锐意科技有限公司,85,B
成都市同一源科技有限责任公司,100,A
成都市后顾无忧网络科技有限公司,90,A
成都市周边君信息科技有限公司,90,A
成都市味大师食品有限公司,90,A
成都市和乐门业有限公司,100,A
成都市和平科技有限责任公司,100,A
成都市和谐环保工程技术有限公司,90,A
成都市唯臻子文化传媒有限公司,90,A
成都市唯舍软装材料有限责任公司,100,A
成都市唯邦环保科技有限公司,90,A
成都市喜爱科技有限公司,100,A
成都市嘉域环保科技有限公司,100,A
成都市嘉欣电气有限责任公司,100,A
成都市嘉洲新型防水材料有限公司,50,E
成都市四友生物科技有限公司,90,A
成都市四度空间科技有限公司,90,A
成都市国新智创科技有限公司,90,A
成都市国色洗染服务有限公司,100,A
成都市坤宏优创动物科技有限公司,90,A
成都市坤宏动物药业有限公司,100,A
成都市培源科技开发有限责任公司,100,A
成都市墨灵科技有限公司,75,C
成都市壹佰刀具有限公司,100,A
成都市大匠通科技有限公司,100,A
成都市大威工业炉制造有限公司,85,B
成都市大矩机械有限公司,100,A
成都市大趋势同新材料有限公司,90,A
成都市大通路桥机械有限公司,100,A
成都市天和城建检测有限公司,100,A
成都市天府基业科技有限公司,95,A
成都市天府新区世纪红果业专业合作社,90,A
成都市天府新区智鸿林科技有限公司,100,A
成都市天挺汽车销售有限公司,100,A
成都市天珑科技有限公司,90,A
成都市天甫金属粉体有限责任公司,100,A
成都市天目电子设备有限公司,100,A
成都市天行通科技有限公司,100,A
成都市天道寰网络技术服务有限公司,90,A
成都市天龙交通设备有限公司,100,A
成都市奇格粮食机械制造有限公司,100,A
成都市奥博克系统工程技术有限公司,100,A
成都市奥尔特云科技有限公司,100,A
成都市奥林精密机械制造有限公司,100,A
成都市好迪科技有限公司,85,B
成都市威虎科技有限公司,80,B
成都市宁升绿康食品有限公司,90,A
成都市宇桐文化发展有限公司,90,A
成都市安比科技有限公司,90,A
成都市安迅和普科技有限公司,100,A
成都市宏兴齿轮厂,100,A
成都市宏德永兴养殖有限公司,90,A
成都市宏智达科技有限公司,90,A
成都市宏源赫兹科技有限公司,100,A
成都市宏途路桥机械有限公司,100,A
成都市宝树科技有限公司,100,A
成都市宝纤健康管理有限公司,95,A
成都市宝航科技有限责任公司,100,A
成都市家家洁纸业有限公司,100,A
成都市容华电子有限公司,85,B
成都市富堂医疗器械有限公司,100,A
成都市尊豪找房网络科技有限公司,90,A
成都市小镜科技有限公司,90,A
成都市少许酒业有限公司,90,A
成都市尚品源生态农业有限公司,100,A
成都市山之田模型设计有限公司,100,A
成都市屹华建筑工程公司,90,A
成都市崇信数据服务有限公司,85,B
成都市崇州市叁生现代农业有限责任公司,90,A
成都市左氏文化传播有限公司,100,A
成都市巨多广告有限公司,100,A
成都市市政工程设计研究院有限公司,100,A
成都市布尔沙沙科技有限公司,90,A
成都市希诺科技有限公司,90,A
成都市帕信科技有限责任公司,100,A
成都市帝朵生物科技有限公司,90,A
成都市常衡科技有限公司,90,A
成都市幸福蓝天电器有限公司,85,B
成都市库舍家具有限公司,100,A
成都市应顺行环保科技有限公司,100,A
成都市度道科技有限公司,90,A
成都市康华药业股份有限公司,90,A
成都市康特恩科技有限公司,100,A
成都市康龙包装印务有限公司,80,B
成都市建筑设计研究院有限公司,100,A
成都市开富利办公设备有限责任公司,100,A
成都市开心加网络有限公司,90,A
成都市弘茂装饰工程有限公司,90,A
成都市彭州铭众化工有限公司,90,A
成都市彰华净化科技有限公司,100,A
成都市往征科技有限公司,100,A
成都市微元医信科技有限公司,90,A
成都市微晶特种金属材料有限责任公司,90,A
成都市微泊科技有限公司,100,A
成都市德亿特新能源科技有限公司,100,A
成都市德奥管业有限公司,90,A
成都市德尔立科技有限公司,100,A
成都市德工思普瑞机器人有限公司,90,A
成都市德科立菁锐光电子技术有限公司,100,A
成都市必派科技有限公司,90,A
成都市必诚数控机械有限公司,100,A
成都市志诚光学有限责任公司,100,A
成都市思博睿科技有限公司,100,A
成都市思叠科技有限公司,100,A
成都市思沃立得工程咨询有限公司,100,A
成都市思考器科技有限公司,80,B
成都市恒动机械有限责任公司,100,A
成都市恒申农业开发有限公司,90,A
成都市恒辉商品混凝土有限责任公司,80,B
成都市恒达纺织品有限公司,100,A
成都市悠然荐音科技有限公司,80,B
成都市惠富康光通信有限公司,100,A
成都市意匠视觉文化传播有限公司,90,A
成都市懒猫网络科技有限公司,90,A
成都市成鑫元科技有限公司,100,A
成都市房库住房租赁有限公司,90,A
成都市押鱼科技有限公司,90,A
成都市拾益同创微波科技有限公司,90,A
成都市拾联信息科技有限公司,90,A
成都市振曜电子科技有限公司,100,A
成都市捷径速达科技有限公司,90,A
成都市掌上食材科技有限公司,85,B
成都市掌上食材科技有限公司,85,B
成都市攀石科技有限公司,100,A
成都市政信云联科技有限公司,90,A
成都市教育家网络科技有限公司,90,A
成都市数字城市运营管理有限公司,100,A
成都市文景智旅网络科技有限公司,90,A
成都市斯达鑫辉视讯科技有限公司,100,A
成都市新享科技有限公司,100,A
成都市新兴粮油有限公司,90,A
成都市新力设备制造有限责任公司,95,A
成都市新奇特科技有限责任公司,90,A
成都市新明节能科技有限公司,90,A
成都市新津事丰医疗器械有限公司,85,B
成都市新津新锚路桥机械有限公司,95,A
成都市新科维进石油科技有限公司,100,A
成都市新筑交通科技有限公司,100,A
成都市新筑路桥机械股份有限公司,95,A
成都市新美加机械设备制造有限公司,90,A
成都市新美新公用设施有限公司,100,A
成都市新都三彩印务有限公司,90,A
成都市新都区兴华猪业专业合作社,90,A
成都市新都区扶贫印刷厂,100,A
成都市新都华兴印务有限公司,100,A
成都市新都立新金属制造有限公司,95,A
成都市新都绿控农业服务有限公司,100,A
成都市新都风华光学机械厂,100,A
成都市方可生医疗科技有限公司,90,A
成都市方源智慧电力科技有限公司,100,A
成都市旗鹏科技有限公司,100,A
成都市旭立钛科技有限公司,90,A
成都市时代速信科技有限公司,90,A
成都市旺丰食品有限责任公司,90,A
成都市昊成金属包装有限责任公司,100,A
成都市昊星电子科技有限公司,90,A
成都市昌盾门业有限公司,90,A
成都市明典世家生物科技有限公司,100,A
成都市明峰光学仪器有限公司,100,A
成都市明德药业有限公司,100,A
成都市明过机电有限公司,100,A
成都市明霞科技有限公司,100,A
成都市易农科技有限公司,100,A
成都市易冲半导体有限公司,100,A
成都市易冲半导体有限公司,100,A
成都市易冲半导体有限公司,100,A
成都市易建建筑材料有限公司,100,A
成都市易步科技有限公司,100,A
成都市星峙快电科技有限公司,80,B
成都市昶泰制罐设备有限公司,90,A
成都市晟林机械有限公司,95,A
成都市晟辉漆油贸易有限公司,90,A
成都市晨业科技有限公司,100,A
成都市晨曦电力有限责任公司,100,A
成都市普渡机器人有限公司,90,A
成都市普瑞昇科技有限公司,95,A
成都市景山电子科技有限公司,100,A
成都市景鸿科技有限公司,100,A
成都市晶扬微电子有限公司,90,A
成都市晶林科技有限公司,100,A
成都市智人谷广告有限公司,100,A
成都市智合微电子有限公司,100,A
成都市智名星信息技术有限公司,90,A
成都市智慧蓉城研究院有限公司,90,A
成都市智联环境保护设备有限公司,100,A
成都市智航飞科科技有限责任公司,100,A
成都市智讯联创科技有限责任公司,100,A
成都市更新家具有限公司,100,A
成都市最乡音科技有限公司,90,A
成都市有木丫科技有限公司,90,A
成都市木间道木门有限公司,95,A
成都市未来力量科技有限公司,90,A
成都市本盛轨道客车装备有限公司,100,A
成都市杉岩科技有限公司,90,A
成都市松川金属材料有限公司,100,A
成都市林翔机械设备有限公司,100,A
成都市枫乔科技有限公司,90,A
成都市梦枝源家纺有限公司,100,A
成都市棠德家具有限公司,95,A
成都市森合达科技有限公司,100,A
成都市森方鞋业有限公司,90,A
成都市森立源科技有限公司,90,A
成都市榕棋软件有限公司,90,A
成都市橙集暖通设备有限公司,100,A
成都市欣丰工程勘察设计有限责任公司,90,A
成都市欣和风特种玻璃有限公司,95,A
成都市欣欣高强度紧固件制造有限公司,100,A
成都市欧冠信息技术有限责任公司,90,A
成都市正硕科技有限公司,95,A
成都市正赢智能科技有限公司,100,A
成都市正道航科技有限公司,90,A
成都市永利伟模具制造有限公司,100,A
成都市永利联科技有限公司,100,A
成都市永国天一贸易有限公司,90,A
成都市永昌泰塑料包装有限公司,95,A
成都市永星辰光电科技有限公司,100,A
成都市永洪机械有限公司,100,A
成都市永申线缆有限公司,100,A
成都市永龙液化天然气有限公司,60,D
成都市汇众天智科技有限责任公司,100,A
成都市汇智讯新能源科技有限公司,100,A
成都市汇通杰信信息技术有限公司,100,A
成都市汉桐集成技术股份有限公司,100,A
成都市汉米尔顿家居饰品有限公司,100,A
成都市汛维安科技有限公司,90,A
成都市没找信息科技有限公司,90,A
成都市泰山药业有限公司,70,C
成都市洁杰财税咨询有限责任公司,90,A
成都市洪玮机电设备有限公司,100,A
成都市派谱影音文化传播有限公司,35,E
成都市浓馨餐饮管理有限公司,90,A
成都市浩妍园林绿化工程有限公司,90,A
成都市浩瀚医疗设备有限公司,100,A
成都市浩盛科技有限公司,100,A
成都市浪淇智能家居有限公司,90,A
成都市海思达科技开发有限公司,100,A
成都市海瑞产品质量技术检测有限公司,95,A
成都市海芯微纳电子科技有限公司,90,A
成都市海通药业有限公司,100,A
成都市润东实业有限公司,100,A
成都市润东海和信息技术有限公司,90,A
成都市润德药业有限公司,65,D
成都市深思创芯科技有限公司,100,A
成都市深流科技有限公司,100,A
成都市深锐智能科技有限公司,90,A
成都市温江区大兴通信服务有限公司,95,A
成都市温江区金桥包装有限公司,100,A
成都市澳格斯科技有限公司,95,A
成都市灵奇空间软件有限公司,100,A
成都市炎瑞科技有限公司,60,D
成都市点搜科技有限公司,90,A
成都市烁云科技有限公司,100,A
成都市爱睿联创科技有限公司,90,A
成都市爱萌贝贝教育管理有限公司,75,C
成都市爱迦科技有限责任公司,90,A
成都市牧也林食品有限公司,90,A
成都市牧山玻璃钢有限公司,80,B
成都市特善网络科技有限公司,90,A
成都市狼牌金属制品有限公司,100,A
成都市猴标科技有限公司,90,A
成都市玄上科技有限公司,90,A
成都市玉米树科技有限公司,100,A
成都市瑞研光科技有限公司,100,A
成都市瑞莱斯科技有限公司,90,A
成都市瑞驰精工机械制造有限责任公司,100,A
成都市田源茶叶专业合作社,90,A
成都市甲午广告有限公司,90,A
成都市申鸿锐科技发展有限公司,90,A
成都市登禄电力科技有限公司,100,A
成都市皓博引力文化传播有限公司,90,A
成都市皓彩科技有限责任公司,100,A
成都市皓成黑马广告有限公司,90,A
成都市皓煊光电新材料科技研发中心有限公司,90,A
成都市益康堂药业有限公司,80,B
成都市益诚包装有限公司,100,A
成都市盛阳鑫隆科技有限公司,100,A
成都市睿丰达科技有限公司,90,A
成都市睿致科技有限公司,95,A
成都市知用科技有限公司,95,A
成都市硅海武林科技有限公司,90,A
成都市硕博义肢科技开发有限公司,100,A
成都市硕泰装饰材料有限公司,85,B
成都市碧水文化传媒有限责任公司,90,A
成都市碧涛茶业有限公司,90,A
成都市祺隆中药饮片有限公司,90,A
成都市禄盈宏科技有限公司,100,A
成都市福乐游网络科技有限公司,100,A
成都市科什科技有限公司,100,A
成都市科农动物无害化处置有限公司,100,A
成都市科创智信信息技术有限公司,90,A
成都市科创节能材料有限公司,100,A
成都市科得机械制造有限公司,90,A
成都市科洛塞欧科技有限公司,90,A
成都市科隆化学品有限公司,80,B
成都市程宏通讯工程有限公司,100,A
成都市穆尔西仪表科技有限公司,100,A
成都市空间探索科技有限公司,90,A
成都市立天世纪数码科技有限公司,90,A
成都市笑脸科技有限公司,100,A
成都市第一等科技有限公司,85,B
成都市米松人工智能科技有限公司,90,A
成都市精准时空科技有限公司,100,A
成都市精锐天诚信息技术有限公司,100,A
成都市繁花似锦科技有限公司,90,A
成都市红亿科技有限公司,90,A
成都市红宝丽新材料科技发展有限公司,100,A
成都市红珊瑚农业开发有限公司,100,A
成都市红福人家食品有限公司,90,A
成都市纵天科技有限公司,100,A
成都市维思凡科技有限公司,90,A
成都市绿沃农业有限公司,95,A
成都市绿色地球环保科技有限公司,95,A
成都市绿色快线环保科技有限公司,90,A
成都市罗迪波尔机械设备有限公司,100,A
成都市美幻科技有限公司,90,A
成都市美康三杉木业有限公司,100,A
成都市美蓝电子仪器有限公司,100,A
成都市美铭环保科技有限公司,90,A
成都市翔川智能科技有限公司,90,A
成都市翻鑫家科技有限公司,90,A
成都市联余精密机械有限公司,100,A
成都市聚量蚁智网络科技有限公司,90,A
成都市肆零肆网络科技有限公司,100,A
成都市腾锐光电科技有限责任公司,85,B
成都市致远机械配件有限责任公司,100,A
成都市舒是智能家居有限公司,100,A
成都市艺洋科技有限公司,100,A
成都市艾利森科技有限公司,90,A
成都市艾家食品有限公司,100,A
成都市芯璨科技有限公司,90,A
成都市花仙子园艺有限公司,85,B
成都市芷林机械租赁有限公司,90,A
成都市苏川智能科技有限公司,90,A
成都市苏春汽车零部件有限公司,100,A
成都市英诺凡科技有限公司,90,A
成都市莆京鞋业有限公司,100,A
成都市菱奇半导体有限公司,90,A
成都市萨尼医疗器械有限公司,90,A
成都市蒲江嘉禾银杏生物制品有限公司,100,A
成都市蓉为基因生物科技有限公司,100,A
成都市蓝鸟服装有限公司,100,A
成都市藤严农牧科技有限公司,100,A
成都市虚都孵化器管理有限公司,60,D
成都市蜀海天诚环保科技有限公司,90,A
成都市蜀科科技有限责任公司,85,B
成都市蜀都千影文化传媒有限公司,90,A
成都市蜜缘枣业有限公司,90,A
成都市蜻蜓视界标识有限公司,100,A
成都市融恒互联科技有限公司,90,A
成都市融汇智信息技术有限公司,90,A
成都市裕富宝科技有限公司,100,A
成都市西创科技有限公司,100,A
成都市西岭雪农业开发有限公司,90,A
成都市规划设计研究院,100,A
成都市视一科技有限责任公司,90,A
成都市讯鸿光电技术有限公司,100,A
成都市诚品文化传播有限公司,100,A
成都市诚婧瑗医药科技有限公司,90,A
成都市诚至乐自动化设备有限公司,85,B
成都市谛视无限科技有限公司,90,A
成都市谷神同道网络科技有限公司,70,C
成都市贰度森林科技有限责任公司,90,A
成都市赛力培物流科技有限公司,100,A
成都市赛沃德意环保科技有限公司,90,A
成都市赛诺智盛科技有限公司,90,A
成都市超级丝路供应链管理服务有限公司,90,A
成都市趣盎然科技有限公司,75,C
成都市跟我耍网络技术有限公司,70,C
成都市路晟公路工程设计有限公司,90,A
成都市路西法精密机械制造有限公司,100,A
成都市车车一二零网络科技有限公司,90,A
成都市达岸信息技术有限公司,90,A
成都市迅手信息科技有限公司,90,A
成都市迈德众山科技有限公司,100,A
成都市迈德物联网技术有限公司,100,A
成都市迈瑞斯科技有限公司,100,A
成都市运泰利自动化设备有限公司,90,A
成都市运领泰建筑工程有限公司,100,A
成都市远浩三维科技有限公司,100,A
成都市远释空间装饰设计有限公司,100,A
成都市迦尔文化传播有限公司,90,A
成都市通用制泵科技有限责任公司,100,A
成都市通用工程技术有限责任公司,100,A
成都市逸夫农业科技有限公司,90,A
成都市逸阳装饰设计有限公司,90,A
成都市道融世纪信息技术服务有限公司,95,A
成都市金吉实业有限公司,95,A
成都市金天之微波技术有限公司,100,A
成都市金富力科技有限公司,100,A
成都市金川茶业有限公司,100,A
成都市金明星科技有限公司,100,A
成都市金橙包装制造有限公司,100,A
成都市金海鹏科技有限公司,100,A
成都市金牛区炽焰网络技术有限公司,90,A
成都市金百烨建材有限公司,90,A
成都市金臣环保科技有限公司,85,B
成都市金草阳科技有限公司,90,A
成都市金证科技有限责任公司,85,B
成都市金鑫酒店用品有限公司,75,C
成都市金雅迪彩色印刷有限公司,100,A
成都市金顶电线电缆有限责任公司,100,A
成都市金鼓药用包装有限公司,90,A
成都市鑫三叶科技有限公司,100,A
成都市鑫呈装饰材料有限公司,80,B
成都市鑫宏威野营装备器材有限责任公司,100,A
成都市鑫宝腾汽车服务有限责任公司,90,A
成都市鑫德密封件有限公司,100,A
成都市鑫汇盛源科技有限公司,100,A
成都市鑫禄福粮油有限公司,90,A
成都市鑫长源实业有限公司,100,A
成都市铁蛋石油工程应用技术有限公司,90,A
成都市铂乐客科技有限公司,90,A
成都市银雁科技服务有限公司,100,A
成都市锐信安信息安全技术有限公司,100,A
成都市锐极科技有限公司,100,A
成都市锐欣昊科技有限公司,90,A
成都市锦华实用电器研究所有限公司,100,A
成都市长江水处理设备有限公司,100,A
成都市长盛包装制品有限责任公司,100,A
成都市阳光电器工业有限公司,100,A
成都市阿李科技有限公司,45,E
成都市隆福食品有限责任公司,75,C
成都市雀友圈文化传播有限公司,100,A
成都市雅正教育咨询有限公司,85,B
成都市集灵于飞科技有限公司,90,A
成都市雨田骏科技发展有限公司,100,A
成都市零方信息科技有限公司,90,A
成都市雷翼电科科技有限公司,100,A
成都市雷而特科技有限责任公司,100,A
成都市青春保洁服务有限公司,85,B
成都市青柠微影科技有限公司,100,A
成都市青白江区睿易达通信有限公司,90,A
成都市静鑫舟网络科技有限公司,100,A
成都市领展科技有限公司,100,A
成都市领路者物流有限公司,90,A
成都市飞狼科技有限公司,100,A
成都市香境环保科技有限公司,90,A
成都市高博汇科信息科技有限公司,100,A
成都市高更网络科技有限公司,65,D
成都市魔方运动网络科技有限公司,85,B
成都市鸥威光电科技有限责任公司,90,A
成都市鸥翼网络科技有限公司,80,B
成都市鸿侠科技有限责任公司,100,A
成都市鸿铭锻压机床制造有限公司,95,A
成都市鹏都科技有限公司,90,A
成都市鹤桦智能窗帘装饰有限责任公司,90,A
成都市鹭成科技有限公司,90,A
成都市鹰诺实业有限公司,100,A
成都市麟祥汽车修理有限公司,100,A
成都市麦斯丁医疗器械有限公司,100,A
成都市麻沸舒医药科技有限责任公司,90,A
成都市黎得空调成套设备有限公司,80,B
成都市鼎诚泰信科技有限公司,80,B
成都市齐易机械电气有限责任公司,100,A
成都市齐普光电子有限公司,100,A
成都市龙兴炭素材料有限责任公司,100,A
成都市龙晟包装制品有限公司,100,A
成都市龙泉通惠实业有限责任公司,90,A
成都市龙游天下科技有限公司,95,A
成都布兰德电子有限公司,100,A
成都布林特信息技术有限公司,100,A
成都布络软件技术有限公司,100,A
成都布雷德科技有限公司,100,A
成都布鲁奥森信息科技有限责任公司,90,A
成都帆点创想科技有限公司,90,A
成都希塔科技有限公司,90,A
成都希尔芯科技有限公司,90,A
成都希德光安全科技有限公司,100,A
成都希德时代导航科技有限公司,90,A
成都希德瑞光科技有限公司,90,A
成都希德电子信息技术有限公司,90,A
成都希望电子研究所有限公司,100,A
成都希杨科技有限公司,90,A
成都希格斯网络科技有限公司,90,A
成都希格玛光电科技有限公司,95,A
成都希桦科技有限公司,90,A
成都希橡科技有限责任公司,100,A
成都希泽科技有限公司,90,A
成都希瑞亚斯科技有限公司,90,A
成都希瑞方晓科技有限公司,90,A
成都希盛知识产权代理有限公司,100,A
成都希盟泰克科技发展有限公司,100,A
成都希维尔科技有限公司,90,A
成都希能能源科技有限公司,100,A
成都希雅图科技有限公司,90,A
成都帕克资产评估事务所（有限合伙）,90,A
成都帕力特科技有限公司,90,A
成都帕杰斯油脂有限公司,100,A
成都帕洛米教育科技有限公司,90,A
成都帕特能电子科技有限公司,60,D
成都帛远信息技术有限公司,90,A
成都帝图信息技术有限公司,100,A
成都帝标智能家居有限公司,100,A
成都帝欣科技有限公司,90,A
成都帝龙新材料有限公司,100,A
成都帧画铺视觉文化传播有限公司,90,A
成都帧驰科技有限公司,90,A
成都席鸭子生态农业有限公司,90,A
成都常之绿科技开发有限公司,90,A
成都常信重工机械有限公司,100,A
成都幕尼黑电梯工程有限公司,80,B
成都幕尼黑电梯有限公司,100,A
成都幕思城教育咨询有限公司,80,B
成都干点事传媒有限公司,90,A
成都平凡谷科技有限公司,100,A
成都平和安康医药科技有限公司,90,A
成都平强科技有限公司,90,A
成都平民网络技术有限公司,90,A
成都平飞通信工程有限公司,100,A
成都年年科技有限公司,90,A
成都年顺电器成套设备有限公司,80,B
成都幸福本源科技有限公司,60,D
成都幸福花香园艺有限公司,85,B
成都幸运草科技有限公司,90,A
成都幺米艾博科技有限公司,90,A
成都幻声科技有限公司,90,A
成都幻灭科技有限公司,90,A
成都幻视界科技有限责任公司,80,B
成都幻视维科技有限公司,100,A
成都广众科技有限公司,90,A
成都广信源信息技术有限公司,100,A
成都广力软件有限公司,100,A
成都广厦千万网络科技有限公司,90,A
成都广屹实业发展有限公司,95,A
成都广悦科技有限公司,100,A
成都广成宇科技有限公司,100,A
成都广成科技有限公司,85,B
成都广日电气设备有限公司,100,A
成都广易信息技术有限公司,100,A
成都广晟科技有限公司,100,A
成都广汇高科科技有限公司,90,A
成都广泰威达数控技术股份有限公司,90,A
成都广泰精密模具有限公司,100,A
成都广润恒创智能科技有限公司,100,A
成都广涵致远文化传播有限公司,90,A
成都广至科技有限公司,100,A
成都广讯共赢网络科技有限公司,90,A
成都广达新网科技股份有限公司,40,E
成都广都数据技术有限公司,90,A
成都广鸿模具制造有限公司,90,A
成都庆云翔科技有限公司,95,A
成都庆熙德春生物科技有限责任公司,90,A
成都庆龙航空科技有限公司,90,A
成都库珀创新科技有限公司,100,A
成都库珀恒安科技有限公司,90,A
成都库贝信息技术有限公司,100,A
成都应尚景都科技有限公司,90,A
成都府天高温材料科技有限公司,90,A
成都府河电力自动化成套设备有限责任公司,80,B
成都废宝科技有限公司,100,A
成都度控科技有限公司,90,A
成都度正科技有限公司,90,A
成都庭丰生物制品有限公司,80,B
成都康乐人生科技有限公司,100,A
成都康乐汇食品有限公司,100,A
成都康乐达科技有限公司,90,A
成都康乔电子有限责任公司,100,A
成都康云美科技开发有限公司,90,A
成都康佑云科技有限公司,90,A
成都康创致远医疗科技有限公司,90,A
成都康华仪器设备有限公司,90,A
成都康华生物制品股份有限公司,95,A
成都康华生物制品股份有限公司,95,A
成都康华生物制品股份有限公司,95,A
成都康博鼎晟科技有限公司,90,A
成都康圣电子科技有限公司,100,A
成都康城新创生物科技有限公司,100,A
成都康复行网络科技有限公司,90,A
成都康天科技有限公司,95,A
成都康姆贝贝科技有限公司,90,A
成都康娃健康管理有限公司,100,A
成都康安美生物科技有限公司,100,A
成都康宏洁商贸有限公司,90,A
成都康弘制药有限公司,100,A
成都康弘生物科技有限公司,100,A
成都康弘药业集团股份有限公司,100,A
成都康思达科技有限公司,100,A
成都康拓兴业科技有限责任公司,100,A
成都康拓自动化工程有限公司,100,A
成都康拓邦科技有限公司,90,A
成都康斯维智慧能源技术有限公司,90,A
成都康普信源科技有限公司,100,A
成都康普斯北斗科技有限公司,100,A
成都康景生物科技有限公司,100,A
成都康河机械设备有限公司,100,A
成都康泰威科技有限公司,100,A
成都康泰智护科技有限公司,90,A
成都康洁水务有限公司,100,A
成都康润科技发展有限公司,95,A
成都康烨科技有限公司,100,A
成都康特数字广播电视设备有限公司,100,A
成都康特电子科技股份有限公司,100,A
成都康特电子高新科技有限责任公司,100,A
成都康特软件科技开发有限公司,100,A
成都康盛科泰生物技术有限公司,90,A
成都康禾科技有限公司,90,A
成都康程奇点科技有限公司,90,A
成都康纬科技有限公司,100,A
成都康美药业生产有限公司,95,A
成都康胜思科技有限公司,90,A
成都康莱华生物技术有限公司,90,A
成都康诺行生物医药科技有限公司,90,A
成都康谱深石油科技开发有限公司,90,A
成都康赛信息技术有限公司,95,A
成都康辉生物科技有限公司,100,A
成都康迅信息技术有限公司,100,A
成都康迈微科技有限公司,100,A
成都康邻科技有限公司,100,A
成都康霖科技有限责任公司,90,A
成都康鸿塑胶制品有限公司,80,B
成都康鼎电子工程有限公司,90,A
成都延兴科技有限公司,90,A
成都延华西部健康医疗信息产业研究院有限公司,100,A
成都建中锂电池有限公司,90,A
成都建为精电科技有限责任公司,90,A
成都建亿科技有限公司,100,A
成都建企易科技有限公司,90,A
成都建伟优选餐饮管理有限公司,90,A
成都建元通信技术服务有限公司,100,A
成都建工工业化建筑有限公司,90,A
成都建工第七建筑工程有限公司,60,D
成都建工第二建筑工程有限公司,50,E
成都建工第八建筑工程有限公司,50,E
成都建工第六建筑工程有限公司,70,C
成都建工第四建筑工程有限公司,60,D
成都建工装饰装修有限公司,60,D
成都建工赛利混凝土有限公司,95,A
成都建工路桥建设有限公司,65,D
成都建工预筑科技有限公司,90,A
成都建忠未来科技发展有限公司,80,B
成都建极微波技术有限公司,100,A
成都建欧科技有限公司,90,A
成都建正科技有限公司,100,A
成都建略科技有限公司,100,A
成都建筑材料工业设计研究院有限公司,90,A
成都建达电子技术有限公司,90,A
成都建鑫创意装饰工程有限公司,60,D
成都廿卅生物科技有限公司,90,A
成都开元未来科技有限公司,90,A
成都开元精创信息技术有限公司,90,A
成都开元辊业有限公司,90,A
成都开华化工研究所,100,A
成都开启云科技有限公司,90,A
成都开图医疗系统科技有限公司,100,A
成都开天环境技术有限公司,95,A
成都开始网科技有限公司,85,B
成都开心音符科技有限公司,100,A
成都开成资源再生科技有限公司,90,A
成都开方数据科技有限公司,100,A
成都开源互娱文化传播有限公司,100,A
成都开源智创工程机械设备有限公司,100,A
成都开福智科科技有限公司,90,A
成都开美利科技有限公司,100,A
成都开能科技发展有限公司,100,A
成都开谱电子科技有限公司,100,A
成都开贝影擎科技有限公司,90,A
成都开飞高能化学工业有限公司,100,A
成都弈博光电设备有限公司,100,A
成都弈览科技有限公司,100,A
成都弈道科技有限公司,90,A
成都弓网科技有限责任公司,100,A
成都引众数字设备有限公司,100,A
成都引力视创科技有限公司,90,A
成都引导科技发展有限公司,100,A
成都引擎文化传媒有限公司,95,A
成都引领智汇科技有限公司,90,A
成都弗思特精密模具有限公司,100,A
成都弗格森液压机电有限公司,100,A
成都弗蒙思辰科技有限公司,90,A
成都弗雷尔科技有限公司,100,A
成都弘义通环保设备有限公司,90,A
成都弘信科技股份有限公司,100,A
成都弘兴阳电子科技有限公司,100,A
成都弘基生物科技有限公司,90,A
成都弘开科技有限公司,90,A
成都弘林机械有限公司,90,A
成都弘毅天承知识产权代理有限公司,70,C
成都弘海电气有限公司,75,C
成都弘熠科技有限公司,90,A
成都弘达兴诚模具有限公司,100,A
成都弘道文化传播有限公司,100,A
成都弥新科技有限公司,90,A
成都弥知科技有限公司,100,A
成都弥荣科技发展有限公司,100,A
成都强海光电科技有限责任公司,95,A
成都归合科技有限公司,90,A
成都归壹远航智能工程有限公司,100,A
成都归谷环境科技有限责任公司,100,A
成都当下智慧科技有限公司,80,B
成都当代本土建筑设计有限公司,100,A
成都当肯车业有限公司,100,A
成都形水科技有限公司,100,A
成都形识智能科技有限公司,90,A
成都彤琦恩生物科技有限公司,90,A
成都彤锐捷通讯有限公司,100,A
成都彦智科技有限公司,90,A
成都彦达信息技术有限公司,90,A
成都彩堂钣金有限公司,100,A
成都彩彻区明科技有限公司,90,A
成都彩星化工有限公司,90,A
成都彩星科技股份有限公司,100,A
成都彩络文化传播有限公司,90,A
成都彩虹环保科技有限公司,95,A
成都彩虹电器（集团）股份有限公司,95,A
成都彩鸿体展体育文化传播有限公司,90,A
成都彬鸿科技有限公司,100,A
成都彭州立源高分子材料有限公司,100,A
成都彭氏雄风物流有限公司,85,B
成都彰拓科技有限公司,90,A
成都影创信息技术有限公司,80,B
成都影指科技有限公司,100,A
成都影泰科技有限公司,100,A
成都影达科技有限公司,100,A
成都彼得和他的朋友们科技有限公司,90,A
成都彼特罗网络科技有限公司,100,A
成都彼益科技咨询服务有限公司,100,A
成都征天科技有限公司,90,A
成都律供利科技有限公司,90,A
成都律军风险管理股份有限公司,100,A
成都律图科技有限公司,95,A
成都律蛙科技有限公司,90,A
成都得乐气管炎哮喘研究所附属医院,90,A
成都得方大数据科技有限公司,90,A
成都得贝电子有限公司,100,A
成都得道实业有限公司,100,A
成都御翔文化传播有限公司,90,A
成都循因科技有限公司,90,A
成都微三云网络科技有限公司,90,A
成都微上行科技有限公司,90,A
成都微京科技有限公司,90,A
成都微光云科技有限公司,90,A
成都微光互动信息科技有限公司,100,A
成都微光星游科技有限公司,90,A
成都微光集电科技有限公司,100,A
成都微分享科技有限公司,100,A
成都微场科技有限公司,90,A
成都微址科技有限公司,100,A
成都微址通信技术有限公司,90,A
成都微娱软件开发有限公司,100,A
成都微宇科技有限责任公司,100,A
成都微客巴巴信息技术有限公司,90,A
成都微度视觉工业设计有限公司,90,A
成都微康生物科技有限公司,100,A
成都微当家科技有限责任公司,90,A
成都微思格科技有限公司,100,A
成都微拓高频科技有限公司,90,A
成都微政云科技有限公司,90,A
成都微智信息科技有限公司,100,A
成都微智金融信息服务有限公司,100,A
成都微服泰客科技有限公司,90,A
成都微核科技股份有限公司,70,C
成都微格新创科技有限公司,100,A
成都微橡科技有限公司,90,A
成都微沃科技有限公司,90,A
成都微泰光芯技术有限公司,90,A
成都微泰科技有限公司,100,A
成都微深科技有限公司,100,A
成都微瑞生物科技有限公司,95,A
成都微盛数海科技有限公司,90,A
成都微筑科技有限公司,90,A
成都微精控科技有限公司,100,A
成都微精电机股份公司,100,A
成都微聚时空科技有限公司,100,A
成都微能铁信科技有限公司,100,A
成都微芯新域生物技术有限公司,90,A
成都微芯药业有限公司,100,A
成都微英威诺环境监控设备有限公司,100,A
成都微视未来科技有限公司,90,A
成都微视瑞达科技有限公司,90,A
成都微视联软件技术有限公司,90,A
成都微视芯通科技有限公司,100,A
成都微讯网络科技有限公司,90,A
成都微讯通电子科技有限公司,100,A
成都微识医疗设备有限公司,100,A
成都微通科技有限公司,100,A
成都微酿元素科技有限公司,90,A
成都微鑫通时代科技有限公司,100,A
成都微银合创科技有限公司,100,A
成都微阅科技有限公司,90,A
成都德佑盛科技有限公司,90,A
成都德信安创新医疗技术有限公司,100,A
成都德信辰科技有限公司,90,A
成都德倍佳医疗科技有限责任公司,90,A
成都德傲生物科技有限公司,90,A
成都德兰特电子科技有限公司,90,A
成都德兴磁业有限公司,90,A
成都德力惠科精密模具有限公司,100,A
成都德力斯实业有限公司,85,B
成都德坤科技有限公司,85,B
成都德坤航空设备制造有限公司,90,A
成都德塔斯科技有限公司,100,A
成都德天信科技有限公司,90,A
成都德奥思软件有限公司,90,A
成都德尚视云科技有限公司,100,A
成都德尼斯生物技术有限公司,90,A
成都德川消防科技有限公司,100,A
成都德广装饰工程有限公司,100,A
成都德怡粘胶制品有限公司,100,A
成都德扑之星网络科技有限公司,100,A
成都德星辰环保科技有限公司,90,A
成都德是和通信科技有限公司,90,A
成都德智恒电子科技有限公司,100,A
成都德杉科技有限公司,90,A
成都德欧新能源有限公司,100,A
成都德永安华企业管理咨询有限公司,90,A
成都德沅科技有限公司,90,A
成都德润环保科技有限公司,100,A
成都德源流体技术有限公司,100,A
成都德源电缆有限公司,100,A
成都德焘数智科技有限公司,90,A
成都德瑞斯可科技有限公司,100,A
成都德瑞鑫包装制品有限公司,100,A
成都德福生节能科技有限公司,90,A
成都德科智造科技有限公司,90,A
成都德维尔传感技术有限公司,100,A
成都德维石油技术服务有限责任公司,100,A
成都德维自动化设备有限公司,100,A
成都德美世纪科技有限公司,100,A
成都德美工程技术有限公司,100,A
成都德美精英化工有限公司,100,A
成都德而塔生物科技有限公司,100,A
成都德联汽车用品有限公司,100,A
成都德艺软件有限公司,100,A
成都德芯数字科技股份有限公司,95,A
成都德菲环境工程有限公司,100,A
成都德赛康谷食品有限公司,100,A
成都德赛思微科技有限公司,100,A
成都德辰博睿科技有限公司,100,A
成都德迈安科技有限公司,100,A
成都德通环境工程有限公司,90,A
成都德鑫益科技有限公司,100,A
成都德锋创享科技有限公司,90,A
成都德锋尚享科技有限公司,90,A
成都德鲁伊科技有限公司,100,A
成都德麦科技有限公司,95,A
成都徽匠装饰工程有限公司,75,C
成都徽川科技有限公司,90,A
成都心之香庭科技有限公司,90,A
成都心创佳科技有限公司,90,A
成都心动互娱科技有限公司,90,A
成都心吉康科技有限公司,100,A
成都心帘鑫家居有限公司,90,A
成都心悦互娱网络科技有限公司,90,A
成都心拓生物科技有限公司,90,A
成都心无界光电技术有限公司,100,A
成都心无界光电技术有限公司龙泉分公司,90,A
成都心景医疗科技有限公司,90,A
成都心智网络科技有限公司,90,A
成都心海汇才生物科技有限公司,100,A
成都心海科技有限公司,90,A
成都心游良品科技有限公司,90,A
成都心翼科技有限公司,90,A
成都心趣互动科技有限公司,90,A
成都必凯科技有限公司,100,A
成都必合科技有限公司,100,A
成都必垦科技有限责任公司,100,A
成都必控科技有限责任公司,100,A
成都必控科技有限责任公司,100,A
成都必控科技有限责任公司,100,A
成都必盈互动科技有限公司,85,B
成都必达智能控制系统有限公司,100,A
成都必革达塔信息技术咨询有限公司,90,A
成都必高生物科技有限公司,100,A
成都忆享科技有限公司,100,A
成都忆墨轩网络科技有限公司,90,A
成都忆志安信息技术有限公司,100,A
成都忆程康养生物科技有限公司,90,A
成都忆程网络技术有限公司,90,A
成都忆老文化传媒股份有限公司,90,A
成都忆能科技有限公司,100,A
成都忆芯科技有限公司,100,A
成都志云博创新材料科技有限公司,70,C
成都志前科技有限公司,90,A
成都志力科技发展有限责任公司,100,A
成都志威精密钣金制造有限公司,100,A
成都志宏印务有限公司,90,A
成都志心科技有限公司,90,A
成都志明达科技发展有限公司,100,A
成都志诚和生物科技有限公司,90,A
成都志达商品混凝土厂,90,A
成都志达四方科技有限公司,90,A
成都志长书科技有限公司,90,A
成都忠信机电技术有限公司,100,A
成都快一点科技有限公司,90,A
成都快乐家网络技术有限公司,65,D
成都快乐小清智能科技有限公司,100,A
成都快乐方舟科技有限公司,100,A
成都快响微波信息技术有限公司,90,A
成都快必助网络技术有限公司,85,B
成都快指游戏科技有限公司,100,A
成都快旅软件技术有限公司,90,A
成都快步向前网络科技有限公司,90,A
成都快犇智营科技有限公司,90,A
成都快眼科技有限公司,90,A
成都快码易达科技有限公司,90,A
成都快码网络科技有限公司,90,A
成都快锐科技有限公司,75,C
成都快马道信息技术有限公司,90,A
成都怀步微波技术有限公司,100,A
成都怀瑜科技有限公司,90,A
成都思为交互科技有限公司,100,A
成都思乐得文化传播有限公司,90,A
成都思众康科技有限公司,90,A
成都思伟软件有限公司,100,A
成都思先行科技有限公司,90,A
成都思凯莱特汽车零部件有限公司,85,B
成都思凯诺克科技有限公司,100,A
成都思创精密机械有限公司,100,A
成都思利特实验室设备科技有限公司,100,A
成都思力普科技有限责任公司,100,A
成都思华合创网络有限公司,100,A
成都思博克信息技术有限公司,90,A
成都思博创科技服务有限公司,90,A
成都思博特实验设备有限公司,95,A
成都思博特科技有限公司,90,A
成都思可觅科技有限责任公司,90,A
成都思唯奇科技有限公司,90,A
成都思图思创科技有限公司,100,A
成都思域通科技有限公司,100,A
成都思多科医疗科技有限公司,95,A
成都思宇软件发展有限公司,100,A
成都思安网络技术有限公司,100,A
成都思尔特机器人科技有限公司,95,A
成都思尚医疗科技有限公司,90,A
成都思帕斯科技有限公司,90,A
成都思必得信息技术有限公司,100,A
成都思必达科技有限公司,50,E
成都思必达软件技术服务有限公司,100,A
成都思戴普科技有限公司,90,A
成都思文凌云科技有限公司,90,A
成都思晗科技股份有限公司,100,A
成都思普瑞特科技有限公司,100,A
成都思朝科技有限公司,100,A
成都思柏沃生物技术有限公司,90,A
成都思海科技有限公司,100,A
成都思源智慧航空科技有限公司,100,A
成都思源智造科技有限公司,100,A
成都思源欣创科技有限公司,90,A
成都思特电气科技有限公司,100,A
成都思特盟教育科技有限公司,90,A
成都思瑞多医疗科技有限公司,90,A
成都思瑞奇信息产业有限公司,100,A
成都思瑞定生命科技有限公司,90,A
成都思瑞浦微电子科技有限公司,90,A
成都思瑞迪医疗科技有限公司,90,A
成都思睿工业产品设计有限公司,100,A
成都思科厚德科技有限公司,100,A
成都思科明瑞环境工程有限公司,100,A
成都思科瑞微电子股份有限公司,100,A
成都思科迈软件有限公司,90,A
成都思立可科技股份有限公司,100,A
成都思纳誉联建筑设计有限公司,100,A
成都思维世纪科技有限责任公司,100,A
成都思维定制科技有限公司,90,A
成都思美人信息技术有限公司,100,A
成都思美文化传播有限公司,85,B
成都思而科软件有限公司,100,A
成都思致科技有限公司,100,A
成都思荣科技有限公司,90,A
成都思菲斯科技有限公司,100,A
成都思谷乐食品科技有限公司,100,A
成都思越仁达企业管理咨询有限公司,90,A
成都思越智能装备股份有限公司,100,A
成都思达普科技有限公司,90,A
成都思达特电器有限公司,95,A
成都思达能环保设备有限公司,90,A
成都思达钉生物科技有限公司,90,A
成都思迈信通科技有限公司,95,A
成都思迈特信息科技有限公司,100,A
成都思远未来科技有限公司,90,A
成都思远网络技术有限公司,100,A
成都思途智能设备科技有限公司,90,A
成都思酷智能科技有限公司,100,A
成都思锐因智造科技有限公司,100,A
成都思雅睿企业营销策划有限公司,90,A
成都思飞科特科技有限公司,90,A
成都思鸿维科技有限责任公司,100,A
成都怡升环保设备有限公司,100,A
成都怡康源食品有限公司,90,A
成都怡杰科技有限公司,100,A
成都怡腾弘合自动化控制设备有限公司,100,A
成都怪趣科技有限公司,100,A
成都恒丰时代科技有限公司,90,A
成都恒久科技有限公司,100,A
成都恒予精密机械有限公司,90,A
成都恒云世纪网络技术有限公司,90,A
成都恒享科技有限公司,100,A
成都恒亮反光材料有限公司,95,A
成都恒信创智科技有限公司,85,B
成都恒信致远建筑工程有限公司,100,A
成都恒信达业建筑材料有限公司,100,A
成都恒光光学仪器有限公司,100,A
成都恒兴昌科技有限公司,100,A
成都恒准精密机械制造有限公司,90,A
成都恒创伟业测控技术有限公司,100,A
成都恒创佳杰环保科技有限公司,90,A
成都恒创兴科技有限公司,100,A
成都恒创新星科技有限公司,90,A
成都恒力智创科技有限公司,100,A
成都恒华光讯科技有限公司,80,B
成都恒华电力科技咨询有限责任公司,100,A
成都恒嘉科技有限公司,90,A
成都恒固新材料科技有限公司,100,A
成都恒图科技有限责任公司,100,A
成都恒坤光显材料科技有限公司,90,A
成都恒坤光电科技有限公司,95,A
成都恒宁环保工程有限公司,80,B
成都恒宇华洲建筑设计有限公司,100,A
成都恒安警用装备制造有限公司,100,A
成都恒德石油天然气工程技术服务有限公司,90,A
成都恒德馨华科技有限公司,90,A
成都恒必康科技有限公司,100,A
成都恒感科技有限公司,90,A
成都恒成工具股份有限公司,100,A
成都恒成智能装备有限公司,100,A
成都恒昇远大机械设备有限公司,90,A
成都恒昕源节能科技有限公司,100,A
成都恒普惠科技有限公司,100,A
成都恒晶科技有限公司,100,A
成都恒智百川科技有限公司,90,A
成都恒波医疗器械有限公司,100,A
成都恒泰拓达科技有限公司,90,A
成都恒润高新科技股份有限公司,80,B
成都恒特嘉科技有限公司,90,A
成都恒瑞制药有限公司,80,B
成都恒盛数源电子科技有限公司,90,A
成都恒睿信息技术有限公司,100,A
成都恒睿捷诚智能科技有限公司,100,A
成都恒矢科技有限责任公司,90,A
成都恒福禧生物技术有限公司,90,A
成都恒立方科技有限公司,100,A
成都恒笙科技有限公司,90,A
成都恒绿能源技术有限公司,100,A
成都恒美盛生物科技有限公司,90,A
成都恒裕川科技有限公司,90,A
成都恒西亚机械工业有限责任公司,100,A
成都恒视通科技有限公司,100,A
成都恒诚光电科技有限公司,100,A
成都恒贯塑胶有限公司,100,A
成都恒赢音视频科技发展有限公司,95,A
成都恒越鸿瑞包装有限责任公司,90,A
成都恒达企业管理咨询服务有限公司,90,A
成都恒达光学有限公司,85,B
成都恒远杰科技有限公司,90,A
成都恒速科技有限公司,90,A
成都恒道智融信息技术有限公司,85,B
成都恒鑫和环保科技有限公司,100,A
成都恒铸科技有限公司,100,A
成都恒锐智科数字技术有限公司,100,A
成都恒高科技有限公司,100,A
成都恒麦搏科技有限公司,100,A
成都恩吉威汽车技术有限公司,100,A
成都恩吉威汽车系统有限公司,100,A
成都恩承科技股份有限公司,85,B
成都恩普生医疗科技有限公司,95,A
成都恩沐生物科技有限公司,90,A
成都恩特佳净化科技有限公司,100,A
成都恩瞳智能科技有限公司,90,A
成都恩能科技有限公司,100,A
成都恩菲特科技有限公司,100,A
成都恩诺泰科能源科技有限公司,90,A
成都恩诺瓦能源技术有限公司,90,A
成都恩驰微波科技有限公司,100,A
成都恪知科技有限公司,90,A
成都恪赛科技有限公司,100,A
成都恪驰信息技术有限公司,90,A
成都恭颂教育科技有限公司,90,A
成都恰巧网络科技有限公司,80,B
成都悉澜建筑设计有限公司,90,A
成都悟石科技有限公司,90,A
成都悠唱科技有限公司,90,A
成都悠游惠科技有限公司,90,A
成都悠然阿尔法科技有限公司,90,A
成都悠米乐网络科技有限公司,90,A
成都悠途信息技术有限公司,95,A
成都悦创嘉博科技有限公司,100,A
成都悦加科技有限公司,90,A
成都悦成科技有限公司,90,A
成都悦来生活科技有限公司,90,A
成都悦桐科技有限公司,90,A
成都悦览科技有限公司,90,A
成都悦齿精工科技有限公司,85,B
成都情针意线蜀绣文化传播有限公司,90,A
成都惊叹号科技有限公司,90,A
成都惜东网络科技有限公司,90,A
成都惟博逸科技有限公司,100,A
成都惟尚建筑设计有限公司,90,A
成都惟永科技有限公司,90,A
成都惟诚科技有限公司,80,B
成都惟邦药业有限公司,90,A
成都惠乐聚网络科技有限公司,90,A
成都惠勒科技有限公司,100,A
成都惠厚科技有限公司,100,A
成都惠和机械设备有限公司,85,B
成都惠宇建筑工程有限公司,100,A
成都惠安特检测技术有限公司,100,A
成都惠尔斯科技有限公司,100,A
成都惠尔通生物科技有限公司,90,A
成都惠康源智能科技有限公司,90,A
成都惠普利科技有限公司,100,A
成都惠森生物技术有限公司,100,A
成都惠泰生物医药有限公司,90,A
成都惠渡科技有限责任公司,90,A
成都惠灵丰金刚石钻头有限公司,100,A
成都惠点达科技有限公司,90,A
成都惠美发科技有限公司,90,A
成都惠美科技有限责任公司,90,A
成都惠装网络技术有限责任公司,55,E
成都惠诚海泰科技有限公司,100,A
成都惠锋新材料科技股份有限公司,100,A
成都惠锋新材料科技股份有限公司,100,A
成都惠锋智造科技有限公司,90,A
成都愉家心理咨询有限公司,90,A
成都意德电子科技有限公司,85,B
成都意昂电子有限公司,100,A
成都意点源数字科技有限公司,85,B
成都意科科技有限责任公司,100,A
成都意辰汇友科技有限公司,90,A
成都愚创科技有限公司,100,A
成都愚夫科技有限公司,90,A
成都愚安科技有限公司,100,A
成都感应科技有限公司,90,A
成都感智索蓝科技有限公司,100,A
成都感触网络科技有限公司,80,B
成都愿景仿视科技有限公司,100,A
成都慕光医疗科技有限公司,90,A
成都慕林创新科技有限公司,100,A
成都慕课科技有限公司,90,A
成都慢城酒店设计有限公司,95,A
成都慢游科技有限公司,85,B
成都慧云阵信息技术有限公司,90,A
成都慧享视界科技有限公司,90,A
成都慧农信息技术有限公司,100,A
成都慧创无限科技有限公司,90,A
成都慧利环保科技有限公司,90,A
成都慧宇凯达科技有限公司,100,A
成都慧安云信息科技有限公司,90,A
成都慧川智能科技有限责任公司,90,A
成都慧康养健康管理有限公司,90,A
成都慧德医药科技有限公司,100,A
成都慧心生物制药有限公司,90,A
成都慧思创科技有限公司,90,A
成都慧惠通科技有限公司,90,A
成都慧感宝通科技有限公司,90,A
成都慧成科技有限责任公司,90,A
成都慧扬创新科技有限公司,90,A
成都慧拓自动控制技术有限公司,100,A
成都慧晶机械设备有限公司,100,A
成都慧桔科技有限公司,90,A
成都慧淘信息技术有限公司,100,A
成都慧生远行科技有限公司,85,B
成都慧申教育科技有限公司,100,A
成都慧磁电子材料有限公司,100,A
成都慧简联信息科技有限公司,100,A
成都慧翼科技有限公司,100,A
成都慧联天下信息技术有限公司,100,A
成都慧联客信息技术有限公司,90,A
成都慧能信息技术有限公司,95,A
成都慧芯科技有限公司,90,A
成都慧茂隆科技有限公司,100,A
成都慧视光电技术有限公司,90,A
成都慧远科技有限公司,100,A
成都慧逐天下科技有限责任公司,90,A
成都慧途科技有限公司,90,A
成都懂你科技有限公司,90,A
成都懿仁科技有限公司,90,A
成都懿航电子技术有限公司,85,B
成都戎创航空科技有限公司,85,B
成都戎威科技发展有限公司,100,A
成都戎拓航空科技有限责任公司,100,A
成都戎星科技有限公司,100,A
成都戎昱科技有限公司,90,A
成都戎盛科技有限公司,100,A
成都戎科航空技术有限公司,100,A
成都戎胜微电子科技有限公司,90,A
成都成万众创空间有限公司,90,A
成都成与果文化创意有限公司,90,A
成都成亿光电科技有限公司,55,E
成都成保发展股份有限公司,95,A
成都成信高科信息技术有限公司,100,A
成都成冠天恒科技有限公司,100,A
成都成化机械制造有限公司,100,A
成都成双百汇科技有限公司,100,A
成都成发科能动力工程有限公司,85,B
成都成名时代文化传播有限公司,90,A
成都成启科技有限公司,100,A
成都成广电视设备有限公司,95,A
成都成开电气有限公司,100,A
成都成德重型锻造有限公司,95,A
成都成思和悦建筑设计有限公司,90,A
成都成智仪科技有限公司,100,A
成都成林数控刀具股份有限公司,100,A
成都成测生科生物科技有限公司,90,A
成都成消消防设备有限公司,100,A
成都成溪环境科技有限公司,90,A
成都成焊焊接设备有限公司,100,A
成都成电光信科技股份有限公司,100,A
成都成电医星数字健康软件有限公司,95,A
成都成电医星智慧医疗软件有限公司,100,A
成都成电电子信息技术工程有限公司,65,D
成都成电金盘健康数据技术有限公司,95,A
成都成禾希科技有限公司,90,A
成都成维精密机械制造有限公司,100,A
成都成缸液压设备制造有限公司,85,B
成都成美科技有限责任公司,90,A
成都成航发通用动力设备有限公司,100,A
成都成芯电子有限公司,100,A
成都成讯捷科技有限公司,100,A
成都成设航空科技股份公司,95,A
成都成蹊科技有限公司,90,A
成都成辉机车车辆装备有限公司,80,B
成都成达传网络科技有限公司,90,A
成都成达鸿业科技有限公司,90,A
成都成远数控设备有限公司,100,A
成都成量工具集团有限公司,100,A
成都成阅文化传媒有限公司,90,A
成都成飞新航航空科技有限公司,100,A
成都成骏网络科技有限公司,90,A
成都成高阀门股份有限公司,80,B
成都我搜挖信息技术股份有限公司,90,A
成都我行我数科技有限公司,90,A
成都我趣科技有限公司,100,A
成都战旗文化科技有限公司,90,A
成都战旗调味品有限公司,90,A
成都战鹰鑫航科技有限公司,90,A
成都戴德网络科技有限公司,100,A
成都戴梦迪超硬工具有限责任公司,100,A
成都戴维赛特生物科技有限公司,100,A
成都戴莱克刀具有限公司,100,A
成都房佰利房地产经纪有限公司,90,A
成都房倌儿金管家科技有限公司,90,A
成都房联云码科技有限公司,95,A
成都所能电子科技有限公司,100,A
成都手慢无电子商务有限公司,100,A
成都手护一生健康管理有限公司,80,B
成都手艺人科技有限公司,90,A
成都手趣易指科技有限公司,100,A
成都才华无限科技有限公司,90,A
成都托克密封件有限责任公司,90,A
成都托展新材料股份有限公司,95,A
成都托米奥建材有限公司,100,A
成都托菲诺科技有限公司,90,A
成都扬克斯生物科技有限公司,90,A
成都扬帆启初科技有限公司,85,B
成都扬浦科技有限公司,90,A
成都扬钧科技有限公司,100,A
成都扬骁科技有限公司,90,A
成都承义科技有限公司,90,A
成都承利坤科技有限公司,90,A
成都承和富山机电有限公司,100,A
成都承奥科技有限公司,100,A
成都承宏机电有限公司,100,A
成都承新科技有限公司,95,A
成都承芯科技有限公司,100,A
成都抖游科技有限公司,100,A
成都折衍科技有限公司,100,A
成都拉可帮网络科技有限公司,100,A
成都拉米科技有限公司,90,A
成都拍拍熊科技有限公司,100,A
成都拏云科技有限公司,100,A
成都拓伽传感科技有限公司,90,A
成都拓元文化传播有限公司,95,A
成都拓兰德气体有限公司,100,A
成都拓利科技股份有限公司,90,A
成都拓博科技有限公司,90,A
成都拓垦工程技术咨询有限公司,100,A
成都拓尔微电子有限责任公司,90,A
成都拓尔思信息技术有限公司,95,A
成都拓尔恒科技有限公司,100,A
成都拓展文化有限公司,100,A
成都拓思联创科技有限公司,100,A
成都拓成工业产品设计有限公司,100,A
成都拓扑壹网络科技有限公司,90,A
成都拓普森科技有限公司,100,A
成都拓林思软件有限公司,90,A
成都拓源仲玛科技有限公司,100,A
成都拓瑞思文化传媒有限公司,90,A
成都拓码科技有限公司,100,A
成都拓科锐基因科技有限公司,90,A
成都拓米帕斯科技有限公司,90,A
成都拓米智能系统技术有限公司,90,A
成都拓米电子装备制造有限公司,90,A
成都拓维高科光电科技有限公司,90,A
成都拓能包装有限公司,95,A
成都拓芯电子科技有限公司,90,A
成都拓蓝医疗技术有限公司,90,A
成都拓蓝精创医学技术有限公司,90,A
成都拓视商务服务有限公司,90,A
成都拓讯联创科技有限公司,100,A
成都拓辉科技有限公司,100,A
成都拓达聚思力信息技术有限公司,100,A
成都拓达腾飞科技有限公司,90,A
成都拓邦辉同科技有限公司,75,C
成都拓骁科技有限公司,100,A
成都拙道文化传媒有限公司,90,A
成都拜尔麦迪克医疗科技有限公司,100,A
成都拜欧药业股份有限公司,90,A
成都拜诺介生物科技有限公司,90,A
成都拜迪新材料有限公司,95,A
成都拟合未来科技有限公司,90,A
成都择品企业管理咨询有限公司,90,A
成都拼乐包联科技有限公司,90,A
成都拾得空间科技有限公司,90,A
成都拾贝科技有限公司,90,A
成都拿盛科技有限公司,100,A
成都持家有道企业管理有限公司,90,A
成都指上点科技有限公司,100,A
成都指南中为科技有限公司,90,A
成都指南针联网科技股份有限公司,100,A
成都指掌天下信息技术有限公司,100,A
成都指掌天下网络科技有限公司,100,A
成都指点世纪网络科技有限公司,100,A
成都指点时代科技有限公司,100,A
成都挎福科技有限责任公司,90,A
成都挚信电子技术有限责任公司,100,A
成都挪码科技有限公司,100,A
成都振中电气集团有限公司,90,A
成都振中电气集团有限公司,90,A
成都振中电气集团有限公司,90,A
成都振华锐诚网络科技有限公司,90,A
成都振芯科技股份有限公司,100,A
成都振芯自强电子科技有限公司,100,A
成都振英科技有限公司,90,A
成都振讯科技发展有限公司,100,A
成都振金网络科技有限公司,90,A
成都捉金农业科技有限公司,90,A
成都捌三肆一信息技术有限公司,90,A
成都捌拾玖拾科技服务有限公司,90,A
成都捌零科技有限公司,75,C
成都捷付通宝科技有限公司,100,A
成都捷众科技有限公司,90,A
成都捷利特环保科技有限公司,100,A
成都捷安智城科技有限公司,90,A
成都捷德科技有限公司,100,A
成都捷恩物联科技有限公司,100,A
成都捷成优联信息技术有限公司,80,B
成都捷成瑞众汽车部件有限公司,90,A
成都捷易优软件有限公司,100,A
成都捷智智能科技有限公司,100,A
成都捷氢新能源科技有限公司,90,A
成都捷科思石油天然气技术发展有限公司,100,A
成都捷科智联科技有限公司,90,A
成都捷翼电子科技有限公司,90,A
成都捷莱智远科技有限公司,90,A
成都捷讯信通科技有限公司,90,A
成都捷豹恒昌电气有限公司,100,A
成都捷鹰智能科技有限公司,100,A
成都掌上互动科技有限公司,90,A
成都掌中全景信息技术有限公司,100,A
成都掌云天下科技有限公司,90,A
成都掌娱天下科技有限公司,95,A
成都掌悦无限网络科技有限公司,100,A
成都掌控者网络科技有限公司,100,A
成都掌沃无限科技有限公司,100,A
成都掌游互动科技有限公司,100,A
成都掌端科技有限公司,90,A
成都掌趣游科技有限公司,90,A
成都掌铭科技有限公司,90,A
成都掠影科技有限公司,90,A
成都掠食鸟科技有限公司,90,A
成都探境科技有限公司,90,A
成都探奇科技有限公司,90,A
成都探寻家科技有限公司,90,A
成都探时信息科技有限公司,90,A
成都探游科技有限公司,80,B
成都探码科技有限公司,100,A
成都探芯科技有限公司,90,A
成都探藓环保科技有限责任公司,90,A
成都探马网络科技有限公司,100,A
成都探高医药科技有限公司,90,A
成都控端科技有限公司,100,A
成都提升半导体有限公司,100,A
成都插秧未来科技有限公司,100,A
成都揽才云信息科技中心,90,A
成都揽月致胜科技有限公司,90,A
成都搏拓思食品科技有限公司,100,A
成都搏放科技有限公司,90,A
成都搏智科技有限公司,90,A
成都搏熙科技有限公司,90,A
成都搏萨机械制造有限公司,95,A
成都搜搜电子商务有限公司,100,A
成都携恩科技有限公司,100,A
成都携手互动科技有限公司,90,A
成都携手通大智能设备有限公司,100,A
成都摇滚明星网络科技有限公司,90,A
成都摩卡科技有限责任公司,100,A
成都摩奇互娱科技有限公司,100,A
成都摩奇卡卡科技有限责任公司,100,A
成都摩宝网络科技有限公司,60,D
成都摩尔环宇测试技术有限公司,100,A
成都摩尔生物医药有限公司,100,A
成都摩尔风驰文化传媒有限公司,100,A
成都摩粹科技有限公司,90,A
成都摩芯半导体有限公司,90,A
成都摩诃大龙医药科技有限公司,90,A
成都摩诃池文化传播有限公司,90,A
成都摹客科技有限公司,100,A
成都撑花儿文化传媒有限责任公司,90,A
成都擎天树科技有限公司,90,A
成都擎安医疗科技有限公司,100,A
成都攀岩者文化传播有限公司,90,A
成都支一中软科技有限公司,90,A
成都支一云商网络科技有限公司,90,A
成都支付通卡友电子商务有限公司,50,E
成都收纸拉科技有限公司,90,A
成都收荒匠科技有限责任公司,100,A
成都政企惠信息技术有限公司,90,A
成都政弘科技有限公司,80,B
成都效乐生物科技有限公司,80,B
成都效力科技有限公司,90,A
成都效山科技有限公司,100,A
成都效山精密机械有限公司,100,A
成都敏创机械有限公司,100,A
成都敏匠智能科技有限公司,90,A
成都敏华格润环保科技有限公司,90,A
成都敏嘉信息技术有限公司,100,A
成都敏捷制造工程有限公司,95,A
成都救兵科技有限公司,90,A
成都敬天中晟科技有限公司,100,A
成都数之星科技有限公司,90,A
成都数之联科技股份有限公司,100,A
成都数云时代科技有限公司,90,A
成都数云链科技有限公司,90,A
成都数傲科技有限公司,100,A
成都数创物联科技有限公司,100,A
成都数博视科技有限公司,100,A
成都数喆数据科技有限公司,100,A
成都数图云蓝科技有限公司,90,A
成都数城未来科技有限公司,90,A
成都数城科技有限公司,100,A
成都数境科技有限公司,90,A
成都数天下科技有限公司,100,A
成都数字力量智能科技有限公司,90,A
成都数字博览科技有限公司,100,A
成都数字天空科技有限公司,95,A
成都数字娱乐开发环境工程技术有限公司,60,D
成都数字媒体产业化基地有限公司,100,A
成都数字家园科技有限公司,90,A
成都数字探索科技有限公司,90,A
成都数字狗科技有限公司,100,A
成都数存科技有限公司,90,A
成都数库社会经济咨询有限责任公司,90,A
成都数懒信息技术有限公司,70,C
成都数据天空科技有限公司,90,A
成都数据集团股份有限公司,100,A
成都数据集团股份有限公司,100,A
成都数据集团股份有限公司,100,A
成都数易行科技有限公司,90,A
成都数智云孵科技有限公司,90,A
成都数智图新科技有限公司,90,A
成都数智快线科技有限公司,80,B
成都数智源蓉卡科技有限公司,90,A
成都数智碳合科技有限公司,90,A
成都数智索信息技术有限公司,100,A
成都数智超链科技有限公司,90,A
成都数智金帆科技有限公司,90,A
成都数智锦融科技有限公司,100,A
成都数智风科技有限公司,100,A
成都数浪信息科技有限公司,90,A
成都数海珊瑚软件科技有限公司,90,A
成都数游方舟科技有限公司,90,A
成都数眸医疗科技有限公司,90,A
成都数碳科技有限公司,90,A
成都数维特科技有限公司,100,A
成都数维通信技术有限公司,100,A
成都数联云算科技有限公司,100,A
成都数联医信科技有限公司,100,A
成都数联寻英科技有限公司,90,A
成都数联康源医疗科技有限公司,90,A
成都数联惠法科技有限公司,90,A
成都数联易康科技有限公司,95,A
成都数联物通科技有限公司,90,A
成都数联铭品科技有限公司,50,E
成都数聚云信息技术有限公司,100,A
成都数聚创想科技有限公司,90,A
成都数聚城堡科技有限公司,100,A
成都数致科技有限公司,90,A
成都数臻科技有限公司,90,A
成都数融科技有限公司,90,A
成都数象科技有限公司,100,A
成都数道智联科技有限公司,100,A
成都数领科技有限公司,100,A
成都数驭未来信息技术有限公司,90,A
成都数默科技有限公司,100,A
成都文亿辉科技有限公司,90,A
成都文博信息技术有限公司,100,A
成都文嘉智能科技有限公司,90,A
成都文图启原档案管理有限公司,90,A
成都文帆生物医药研发有限公司,90,A
成都文新视界科技有限公司,90,A
成都文柏文化传播有限公司,90,A
成都文武信息技术有限公司,100,A
成都文行创博网络科技有限公司,90,A
成都文迪科技有限公司,90,A
成都文通观科技发展有限公司,90,A
成都文闲利科技有限公司,70,C
成都斐洛智凝生物科技有限公司,90,A
成都斐漫天使文化创意有限公司,100,A
成都斑博信创科技有限公司,90,A
成都斑点文化发展有限公司,90,A
成都斑豆科技有限公司,90,A
成都斓设网络科技有限公司,90,A
成都斗象信息科技有限公司,90,A
成都斗龙互动科技有限公司,90,A
成都斧王网络科技有限公司,100,A
成都斯力康科技股份有限公司,90,A
成都斯坦丁教育科技有限公司,90,A
成都斯坦德分析检测有限公司,100,A
成都斯墨文化传媒有限公司,90,A
成都斯威奇鹰智能信息系统有限公司,90,A
成都斯孚凯科技有限公司,95,A
成都斯安科技有限公司,90,A
成都斯安行知科技有限公司,90,A
成都斯文森信息科技有限公司,90,A
成都斯斐德科技有限公司,90,A
成都斯普利通讯工程有限责任公司,90,A
成都斯普奥汀科技有限公司,100,A
成都斯普智和信息技术有限公司,100,A
成都斯普睿智科技有限公司,100,A
成都斯普锐科技有限公司,100,A
成都斯杰化工机械有限公司,100,A
成都斯沃茨科技有限公司,100,A
成都斯海科技有限公司,90,A
成都斯玛仪科技有限公司,90,A
成都斯科讯康科技有限公司,90,A
成都斯米利亚硅藻新材料有限公司,90,A
成都斯耐纪石油技术服务有限公司,90,A
成都斯贝富来科技有限公司,100,A
成都斯贝尔新材料股份有限公司,95,A
成都斯锐特钨钢刀具有限公司,100,A
成都斯马特科技股份有限公司,100,A
成都新一驱动技术有限责任公司,100,A
成都新三可仪器有限公司,100,A
成都新世佳材料科技有限公司,90,A
成都新世佳特种玻璃技术开发有限公司,100,A
成都新东航空机电设备有限公司,85,B
成都新亨药业有限公司,100,A
成都新仪征环保科技有限公司,100,A
成都新信算力信息科技有限公司,90,A
成都新光微波工程有限责任公司,75,C
成都新兴中微科技股份有限公司,90,A
成都新养乐科技有限公司,90,A
成都新创力成展览展示有限公司,80,B
成都新创界自动化设备有限公司,100,A
成都新利精密刀具有限公司,100,A
成都新力紧科技有限公司,100,A
成都新协创医药科技有限责任公司,90,A
成都新参者科技有限公司,90,A
成都新合成化科技有限公司,90,A
成都新同高复合器材有限公司,90,A
成都新启云贸易有限公司,100,A
成都新和平科技有限公司,95,A
成都新嘉文化传播有限公司,100,A
成都新图新材料股份有限公司,100,A
成都新城源科技有限公司,90,A
成都新域科技有限公司,100,A
成都新基因格医学检验所有限公司,100,A
成都新基因格生物科技有限公司,100,A
成都新墨科技有限公司,90,A
成都新声汇科技有限公司,100,A
成都新奇之家科技有限公司,85,B
成都新奥美厨房设备有限公司,100,A
成都新安捷塑料制品有限公司,95,A
成都新宏基科技发展有限公司,100,A
成都新宏安微波科技有限公司,100,A
成都新川远瑞科技有限公司,100,A
成都新希望金融信息有限公司,100,A
成都新庭波科技有限公司,90,A
成都新得利电子有限公司,100,A
成都新志实业有限公司,100,A
成都新志航机电技术研究有限公司,100,A
成都新恒创药业有限公司,95,A
成都新恒欣时代科技有限公司,90,A
成都新息科技有限公司,90,A
成都新惠盛信息技术有限公司,90,A
成都新成汽车检测设备有限公司,100,A
成都新成量工具有限公司,100,A
成都新扬蜂鸟科技有限公司,90,A
成都新捷物流有限公司,100,A
成都新敏捷链科技有限公司,90,A
成都新时通电子科技有限公司,90,A
成都新易盛通信技术股份有限公司,80,B
成都新星莲心科技有限责任公司,90,A
成都新昱科技有限公司,100,A
成都新显视能科技有限公司,100,A
成都新晨新材科技有限公司,90,A
成都新普数码科技咨询有限责任公司,100,A
成都新智同达科技发展有限公司,90,A
成都新月数控机械有限公司,100,A
成都新朝阳作物科学股份有限公司,100,A
成都新杉宇航科技有限公司,100,A
成都新柒玩科技有限公司,100,A
成都新柯力化工科技有限公司,85,B
成都新标立康医药科技有限公司,100,A
成都新核泰科科技有限公司,100,A
成都新橙北斗智联有限公司,100,A
成都新橙科技有限公司,100,A
成都新欣神风电子科技有限公司,95,A
成都新正电子技术有限公司,95,A
成都新毅合科技有限公司,90,A
成都新气象科技有限公司,100,A
成都新泰明体育科技有限公司,100,A
成都新泰高科技术有限公司,100,A
成都新津数字科技产业发展集团有限公司,100,A
成都新洲航空设备有限责任公司,100,A
成都新派博睿信息科技有限责任公司,100,A
成都新润油脂有限责任公司,80,B
成都新港智优科技有限公司,90,A
成都新源康成医药科技有限公司,100,A
成都新源汇博光电科技有限公司,100,A
成都新潮传媒集团股份有限公司,95,A
成都新澳冠医疗器械有限公司,100,A
成都新炬化工有限公司,75,C
成都新物科技有限公司,100,A
成都新生命霍普医学检验实验室有限公司,100,A
成都新百基生物科技有限公司,100,A
成都新盛尔精密模具有限公司,100,A
成都新睿时代信息技术有限公司,60,D
成都新睿泰康科技有限公司,90,A
成都新研氢能源科技有限公司,90,A
成都新秋科技有限公司,90,A
成都新科物探科技有限公司,90,A
成都新红鹰家具有限公司,95,A
成都新维思创科技有限公司,100,A
成都新维视野科技有限公司,90,A
成都新网电子系统工程有限公司,80,B
成都新网讯博信息技术有限公司,90,A
成都新美饰家具有限责任公司,75,C
成都新翔基业科技有限公司,90,A
成都新联利科技有限公司,90,A
成都新能生源塑胶有限公司,100,A
成都新能生源新材料科技有限公司,90,A
成都新能电庄科技股份有限公司,75,C
成都新致万全数据系统有限公司,95,A
成都新致云服信息技术有限公司,100,A
成都新舟锐视科技有限公司,90,A
成都新航三联科技有限公司,100,A
成都新航工业科技股份有限公司,100,A
成都新航数智科技有限公司,90,A
成都新艺现代农业开发有限公司,80,B
成都新芯数飞科技有限公司,100,A
成都新茂科技有限公司,100,A
成都新西南陶瓷艺术股份公司,100,A
成都新西旺自动化科技有限公司,100,A
成都新西软科技有限公司,90,A
成都新话题广告有限公司,90,A
成都新诺明生物科技有限公司,90,A
成都新豪鼎盛建材有限公司,95,A
成都新贵大漆业有限公司,100,A
成都新赢科技有限公司,90,A
成都新起点广悦科技有限公司,90,A
成都新越医药有限公司,100,A
成都新越科技有限公司,90,A
成都新跃通科技有限公司,100,A
成都新路电脑有限责任公司,95,A
成都新达盛通科技有限公司,90,A
成都新远帆科技有限责任公司,100,A
成都新连通低温设备有限公司,100,A
成都新都区海狐服饰有限责任公司,90,A
成都新锐科技发展有限责任公司,100,A
成都新锐精科电力技术有限公司,100,A
成都新锐鑫光通信技术有限公司,95,A
成都新雄鑫净化工程有限公司,100,A
成都新雨水处理材料有限公司,100,A
成都新靶点生物技术有限公司,90,A
成都新页科技有限公司,90,A
成都新顺韵生物技术有限公司,90,A
成都新首创科技有限公司,90,A
成都方也电气有限公司,95,A
成都方介网络有限公司,90,A
成都方位导向科技开发有限公司,100,A
成都方创网络科技有限公司,100,A
成都方博慧雅科技发展有限公司,90,A
成都方圆物联科技有限公司,100,A
成都方大建筑科技有限公司,100,A
成都方大炭炭复合材料股份有限公司,100,A
成都方大远成环保科技有限公司,100,A
成都方寸互动科技有限公司,90,A
成都方扬科技有限公司,90,A
成都方昇科技有限公司,90,A
成都方未科技有限公司,75,C
成都方烨科技有限公司,90,A
成都方程式电子有限公司,65,D
成都方米科技有限公司,100,A
成都方舟微电子有限公司,100,A
成都方鑫冷轧薄板有限公司,95,A
成都方阔科技有限公司,100,A
成都方顷科技有限公司,90,A
成都施桂行医药科技有限责任公司,90,A
成都施泰欧科技有限公司,100,A
成都施贝康生物医药科技有限公司,100,A
成都旅图天下网络科技有限公司,90,A
成都旋极历通信息技术有限公司,100,A
成都旋极星源信息技术有限公司,100,A
成都旌信科技有限公司,100,A
成都旌旗数码科技有限公司,90,A
成都旗客科技有限公司,90,A
成都旗鱼科技有限公司,90,A
成都无右区块链科技有限公司,90,A
成都无声讯通科技有限责任公司,90,A
成都无外谱数科技有限公司,90,A
成都无引科技有限公司,90,A
成都无极真空科技有限公司,100,A
成都无界优学科技有限公司,60,D
成都无界沟通科技有限公司,100,A
成都无糖信息技术有限公司,100,A
成都无边际科技有限公司,100,A
成都无问西东科技有限公司,90,A
成都无限互娱科技有限公司,90,A
成都无限空间智能科技有限公司,95,A
成都日攀科技有限公司,90,A
成都日日好日文化传播有限公司,90,A
成都日晗精密机械有限公司,100,A
成都日炙科技有限公司,100,A
成都日进冶金锻造有限公司,100,A
成都早菜科技有限公司,95,A
成都旬益网络科技有限公司,90,A
成都旭世科技有限公司,90,A
成都旭光光电技术有限责任公司,100,A
成都旭光电子技术有限公司,90,A
成都旭光电子股份有限公司,90,A
成都旭创科技有限公司,90,A
成都旭升机械有限公司,90,A
成都旭升模具有限公司,100,A
成都旭峰天成科技有限公司,90,A
成都旭思特科技有限公司,100,A
成都旭昶芯微电子有限公司,90,A
成都旭海润东生物科技有限公司,90,A
成都旭环蜀天环保科技有限公司,90,A
成都旭荣云科技有限公司,90,A
成都旭达霖环保科技有限公司,90,A
成都旭阳佛吉亚汇锋汽车内饰件有限公司,100,A
成都时代天择科技有限公司,100,A
成都时代尺度文化传播有限公司,90,A
成都时代慧道科技有限公司,100,A
成都时代星光科技有限公司,100,A
成都时代盛世科技有限公司,90,A
成都时代立夫科技有限公司,90,A
成都时代经纬企业管理有限公司,90,A
成都时代腾飞科技有限公司,90,A
成都时代辰天科技有限公司,90,A
成都时代鸿图科技有限公司,90,A
成都时光旅迹科技有限公司,90,A
成都时域半导体有限公司,90,A
成都时实行网络科技有限公司,90,A
成都时空口袋科技有限公司,90,A
成都时空视觉数字科技有限公司,90,A
成都时空超越软件科技有限公司,100,A
成都时识科技有限公司,90,A
成都时间差科技有限公司,90,A
成都时间数信息科技有限公司,90,A
成都时间财富网络有限公司,90,A
成都旷远通达科技有限公司,100,A
成都旸谷信息技术有限公司,90,A
成都旺小宝智慧信息科技有限公司,100,A
成都旺小宝科技有限公司,100,A
成都旺江农牧科技有限公司,100,A
成都旻农农业科技有限公司,90,A
成都昂力达金属有限公司,100,A
成都昂客科技有限公司,100,A
成都昂石机械制造有限公司,75,C
成都昂赛福科技有限公司,90,A
成都昂迈思科技有限公司,100,A
成都昂通科技有限公司,100,A
成都昆友设备安装工程有限公司,100,A
成都昆尹科技有限公司,90,A
成都昆朋新能科技有限公司,100,A
成都昇创科技有限公司,75,C
成都昇动科技有限公司,90,A
成都昇学通教育科技有限公司,90,A
成都昇楠科技有限公司,90,A
成都昇荣通讯科技有限公司,100,A
成都昊业科技有限公司,90,A
成都昊图新创科技有限公司,90,A
成都昊地科技有限责任公司,95,A
成都昊天宏达电子有限公司,100,A
成都昊天鼎力科技有限公司,90,A
成都昊宏水处理技术有限公司,100,A
成都昊巨科技有限公司,90,A
成都昊明科技开发有限公司,100,A
成都昊普环保技术有限公司,100,A
成都昊极互娱科技有限公司,75,C
成都昊瑞包装材料有限公司,95,A
成都昊谦云信息技术有限公司,90,A
成都昊锐佳科技有限责任公司,100,A
成都昌兴物业管理有限公司,80,B
成都昌华科技有限责任公司,100,A
成都昌盛鸿笙食品有限公司,40,E
成都明久高科技有限公司,100,A
成都明亚科技有限公司,90,A
成都明兴信息技术有限公司,85,B
成都明创思道品牌营销策划有限责任公司,90,A
成都明可智科技有限公司,100,A
成都明堂创意企业管理有限公司,90,A
成都明壹自动化技术有限公司,100,A
成都明天高新产业有限责任公司,100,A
成都明夷电子科技股份有限公司,95,A
成都明崛科技有限公司,100,A
成都明康伟业科技有限公司,100,A
成都明得科技有限公司,100,A
成都明德信息技术有限公司,90,A
成都明德智胜科技有限公司,90,A
成都明德管理咨询有限公司,90,A
成都明德至远医药科技有限公司,90,A
成都明意志科技有限公司,90,A
成都明慈医药科技有限公司,90,A
成都明控科技有限公司,90,A
成都明日东华网络科技有限公司,90,A
成都明日动力数据科技有限公司,90,A
成都明日蔚蓝科技有限公司,100,A
成都明晨科技有限公司,90,A
成都明智税务咨询有限公司,90,A
成都明月互动科技有限公司,100,A
成都明月辉腾信息技术有限公司,90,A
成都明朗都市生活信息科技有限公司,90,A
成都明森医疗器械有限责任公司,100,A
成都明武电力技术有限责任公司,100,A
成都明涛智创专利代理有限公司,100,A
成都明灯云工程科技有限公司,90,A
成都明然智能科技有限公司,85,B
成都明皓机械制造有限公司,100,A
成都明盾科技有限公司,90,A
成都明科临床医学研究有限公司,100,A
成都明科临床医学研究有限公司,100,A
成都明途科技有限公司,100,A
成都明道食品有限公司,100,A
成都明鑫光电仪器有限公司,100,A
成都明锐磁业有限公司,100,A
成都明锐精密模具有限公司,100,A
成都明镜视觉科技有限公司,90,A
成都易乐享文化传播有限公司,90,A
成都易书桥科技有限公司,90,A
成都易云图科技有限公司,100,A
成都易云智远科技有限公司,100,A
成都易云知科技有限公司,90,A
成都易付云金融科技有限公司,65,D
成都易企优科技有限公司,90,A
成都易众汽车租赁有限公司,90,A
成都易会天下信息科技有限公司,100,A
成都易佰联自动化设备有限公司,100,A
成都易信科技有限公司,100,A
成都易信达科技股份有限公司,100,A
成都易创科兴科技有限公司,90,A
成都易创经云科技有限公司,90,A
成都易加数融科技有限公司,90,A
成都易华天宇试验设备有限责任公司,85,B
成都易卓恒科技有限公司,90,A
成都易博安科技有限公司,90,A
成都易叁科技有限公司,90,A
成都易合信信息系统有限公司,90,A
成都易合元科技有限公司,90,A
成都易商志远科技有限公司,90,A
成都易城科技有限公司,100,A
成都易多客科技有限公司,90,A
成都易天科技有限公司,90,A
成都易宇诚科技有限公司,90,A
成都易家互动信息技术有限公司,90,A
成都易尔酷科技有限公司,100,A
成都易居客科技有限公司,90,A
成都易德莱斯科技有限公司,100,A
成都易态科技有限公司,95,A
成都易思得科技有限公司,100,A
成都易感信息技术有限公司,100,A
成都易慕峰生物科技有限公司,90,A
成都易慧家科技有限公司,100,A
成都易我科技开发有限责任公司,95,A
成都易拉冠网络科技有限公司,90,A
成都易捷云科技有限公司,90,A
成都易控智联汽车电子有限公司,100,A
成都易播科技有限公司,100,A
成都易方汇智科技有限公司,100,A
成都易明半导体有限公司,95,A
成都易普利科技有限公司,90,A
成都易智融科技有限公司,100,A
成都易查擎生物科技有限公司,90,A
成都易格机械有限责任公司,95,A
成都易欧科技有限公司,100,A
成都易比特科技有限公司,100,A
成都易泊时代信息技术有限公司,100,A
成都易波特科技股份有限公司,90,A
成都易海信息技术有限公司,90,A
成都易海威晟科技有限公司,100,A
成都易然云科技有限公司,100,A
成都易电云商工程服务有限公司,100,A
成都易瞳科技有限公司,100,A
成都易知易行科技有限公司,90,A
成都易科士信息产业有限公司,95,A
成都易科研智采科技有限公司,90,A
成都易科远见科技有限公司,85,B
成都易简云数科技有限公司,90,A
成都易索医药信息科技有限公司,90,A
成都易络奇科技有限公司,100,A
成都易维云服信息技术有限公司,100,A
成都易维控科技有限公司,90,A
成都易网天下科技有限公司,100,A
成都易联数科科技有限公司,90,A
成都易联易通科技有限责任公司,100,A
成都易联智通信息技术有限公司,100,A
成都易腾创想智能科技有限公司,90,A
成都易芯科技有限公司,100,A
成都易训企业管理咨询有限公司,90,A
成都易诺迈迪大数据有限公司,90,A
成都易趣网络科技有限公司,90,A
成都易软通信息科技有限公司,100,A
成都易达天成软件有限公司,100,A
成都易达数安科技有限公司,100,A
成都易迅光电科技有限公司,80,B
成都易迈特信息技术有限公司,100,A
成都易迪森科技有限公司,90,A
成都易速物流有限公司,100,A
成都易镕宜锢科技有限公司,100,A
成都易隆科技有限公司,90,A
成都易韵科技有限公司,90,A
成都易飞得材料科技有限公司,90,A
成都易默生汽车技术有限公司,90,A
成都易齐创科技有限公司,90,A
成都昕创智能信息技术有限公司,100,A
成都昕华润滑科技有限公司,100,A
成都昕月互动科技有限公司,100,A
成都昕源科技有限公司,100,A
成都星之烛科技有限公司,90,A
成都星乐时光文化传播有限公司,90,A
成都星云之上智慧科技有限公司,90,A
成都星云智联科技有限公司,100,A
成都星云联动科技有限公司,90,A
成都星亿年智慧科技有限公司,90,A
成都星企无限科技有限公司,90,A
成都星分翼轸智能科技有限公司,90,A
成都星力网络科技有限公司,90,A
成都星协科技有限公司,90,A
成都星合互娱科技有限公司,100,A
成都星图云游传媒科技有限公司,90,A
成都星坤科技有限公司,90,A
成都星奕网络科技有限公司,90,A
成都星宇创音网络科技有限公司,100,A
成都星宇数云科技有限公司,100,A
成都星宇河钢结构工程有限公司,100,A
成都星宇融科电力电子股份有限公司,60,D
成都星宇视界科技有限公司,100,A
成都星志美广告有限公司,90,A
成都星感智联科技有限公司,90,A
成都星慧智云科技有限公司,90,A
成都星抟科技有限公司,90,A
成都星时代宇航科技有限公司,90,A
成都星期几网络科技有限公司,90,A
成都星柒玩科技有限公司,90,A
成都星河恒锦科技有限公司,100,A
成都星河汇智信息技术有限公司,90,A
成都星河科技产业有限公司,100,A
成都星流影集文化传媒有限公司,90,A
成都星浩月科技有限公司,100,A
成都星源飞思科技有限公司,100,A
成都星潮云通科技有限公司,90,A
成都星火卫讯科技有限公司,90,A
成都星灼科技有限公司,90,A
成都星狗科技有限公司,75,C
成都星环科技有限公司,100,A
成都星田花开数字科技有限公司,90,A
成都星盘科技有限公司,90,A
成都星石软创科技有限公司,90,A
成都星科印刷器材有限公司,100,A
成都星科圣世低温科技有限公司,100,A
成都星籁歌姬科技有限公司,80,B
成都星网镜印务有限公司,100,A
成都星罗互动科技有限公司,100,A
成都星联芯通科技有限公司,100,A
成都星联讯科技有限公司,100,A
成都星聚微能科技有限公司,90,A
成都星腾科技有限公司,100,A
成都星航微波技术有限公司,100,A
成都星航时空科技有限公司,90,A
成都星航电子有限公司,90,A
成都星艾芯科技有限公司,90,A
成都星蓝科技发展有限公司,100,A
成都星蓝翰元教育咨询有限公司,90,A
成都星象科技有限公司,100,A
成都星辉科技有限公司,100,A
成都星辰大海文化传播有限公司,90,A
成都星辰宇浩科技有限公司,100,A
成都星辰瀑布电力科技有限公司,90,A
成都星邦互娱网络科技有限公司,100,A
成都星铭互娱科技有限公司,90,A
成都星阵地科技有限公司,90,A
成都星际远航通信技术有限公司,80,B
成都星驰互娱科技有限公司,95,A
成都星鸿德科技有限公司,100,A
成都映潮科技股份有限公司,100,A
成都映象广告有限责任公司,90,A
成都春天来了建材有限公司,100,A
成都春盐苗圃养老服务有限公司,90,A
成都春草启萌文化传播有限公司,90,A
成都春雨创意教育科技有限公司,90,A
成都是钢节能环保工程有限公司,100,A
成都昱和科技有限公司,100,A
成都昱蝉科技有限公司,100,A
成都昱风能源有限公司,90,A
成都昶研科技有限公司,90,A
成都昶远科技有限公司,90,A
成都昶鑫电子科技有限公司,100,A
成都晋林工业制造有限责任公司,80,B
成都晋百谷科技有限公司,90,A
成都晓多科技有限公司,90,A
成都晓多科技有限公司,90,A
成都晓多科技有限公司,90,A
成都晓梦纺织品有限公司,100,A
成都晓然信息技术有限公司,90,A
成都晓理物联科技有限公司,90,A
成都晔晟机电设备有限公司,90,A
成都晗泡泡科技有限公司,90,A
成都晟兴牧业机械有限公司,90,A
成都晟勋科技有限公司,90,A
成都晟华医疗器械有限公司,100,A
成都晟同舟科技发展有限公司,80,B
成都晟弘科技有限公司,100,A
成都晟明科技有限公司,90,A
成都晟海航天通信技术有限公司,90,A
成都晟源科技有限责任公司,100,A
成都晟睿集科电子有限公司,100,A
成都晟翔科技有限公司,100,A
成都晟鑫汽车零部件有限公司,100,A
成都晟龙科技有限公司,90,A
成都晨云信息技术有限责任公司,90,A
成都晨光博达新材料股份有限公司,100,A
成都晨发泰达航空科技股份有限公司,100,A
成都晨曦和创科技有限公司,90,A
成都晨月网络技术有限公司,100,A
成都晨电智能科技有限公司,100,A
成都晨航磁业有限公司,100,A
成都晨越造价咨询有限公司,100,A
成都晨逸笙达科技有限公司,90,A
成都晨闻智能科技有限公司,90,A
成都晨风绿能电气技术有限公司,65,D
成都普中软件有限公司,90,A
成都普乐仕建材股份有限公司,100,A
成都普乐密欣生物技术有限公司,90,A
成都普什信息自动化有限公司,100,A
成都普什制药有限公司,100,A
成都普什医疗科技有限公司,90,A
成都普什汽车模具有限公司,100,A
成都普典科技有限公司,90,A
成都普创通信技术股份有限公司,100,A
成都普利泰生物科技有限公司,100,A
成都普利瑞斯机械加工有限公司,100,A
成都普善科技有限公司,90,A
成都普奔科技有限公司,100,A
成都普康唯新生物科技有限公司,100,A
成都普康生物科技有限公司,100,A
成都普思生物科技股份有限公司,95,A
成都普拉瑞思家居有限公司,90,A
成都普智达科技有限公司,90,A
成都普朗克科技有限公司,90,A
成都普欧石油科技有限公司,90,A
成都普沛科技有限公司,90,A
成都普泰升科技股份有限公司,100,A
成都普泰拓机电有限公司,100,A
成都普照电气有限公司,55,E
成都普玛仕电子设备有限公司,100,A
成都普瑞得科技有限公司,100,A
成都普瑞斯数控机床有限公司,100,A
成都普瑞斯特新材料有限公司,100,A
成都普瑞新创软件有限公司,90,A
成都普瑞法科技开发有限公司,100,A
成都普瑞玛信息技术有限公司,90,A
成都普瑞逊电子有限公司,95,A
成都普璐生医疗科技有限公司,90,A
成都普界科技有限公司,90,A
成都普益博汇信息技术有限公司,100,A
成都普益科技有限公司,90,A
成都普睿法药物研发有限公司,100,A
成都普能信通科技有限公司,100,A
成都普菲克环保工程有限公司,100,A
成都普蓝特科技有限公司,95,A
成都普诺思博科技有限公司,75,C
成都普诺斯电子科技有限公司,100,A
成都普诺科技有限公司,100,A
成都普赛信信息技术有限公司,100,A
成都普赛恩科技有限公司,90,A
成都普辉科技有限公司,85,B
成都普连众通科技有限公司,70,C
成都普适云电电气有限公司,90,A
成都普道尔生物科技有限公司,90,A
成都普露姆新材料有限公司,100,A
成都景中教育软件有限公司,90,A
成都景合亿家科技有限公司,90,A
成都景和千城科技股份有限公司,70,C
成都景和千城科技股份有限公司,70,C
成都景彧科技有限公司,90,A
成都景明浩瑞生物科技有限公司,90,A
成都景明辰宇科技有限公司,90,A
成都景智科技有限公司,90,A
成都景智魔方科技有限公司,90,A
成都景泽生物制药有限公司,90,A
成都景润泽基因科技有限公司,90,A
成都景炫科技有限公司,90,A
成都景瑞霖环保工程有限公司,100,A
成都景能秀电气有限责任公司,90,A
成都景致信息技术有限公司,100,A
成都景荣科技有限公司,100,A
成都景触科技有限公司,80,B
成都景驰智行科技有限公司,90,A
成都晴好科技有限公司,85,B
成都晴星科技有限公司,90,A
成都晴果易搜网络科技有限公司,90,A
成都晶九科技有限公司,100,A
成都晶元新材料技术有限公司,45,E
成都晶创未来科技有限公司,90,A
成都晶博电气科技有限公司,90,A
成都晶宝时频技术股份有限公司,95,A
成都晶宝星云科技有限公司,90,A
成都晶富医药科技有限公司,100,A
成都晶建科技有限公司,90,A
成都晶彩智游网络技术有限公司,90,A
成都晶晟节能科技有限公司,100,A
成都晶格智汇科技有限公司,90,A
成都晶特激光技术有限公司,90,A
成都晶石石油科技有限公司,100,A
成都晶砂科技有限公司,90,A
成都晶立电子技术有限公司,100,A
成都晶美佳广告有限公司,100,A
成都晶脉精密机械有限公司,100,A
成都晶镭光电有限公司,90,A
成都智一科技有限公司,100,A
成都智上汇奇商贸有限公司,90,A
成都智义汇科技有限公司,90,A
成都智云信通信息技术有限公司,90,A
成都智云创联科技有限公司,90,A
成都智云鸿道信息技术有限公司,90,A
成都智互链科技有限公司,90,A
成都智人谷网络科技有限公司,90,A
成都智付视界科技有限公司,95,A
成都智优沃科技有限公司,90,A
成都智住科技有限公司,90,A
成都智信国威信息技术有限公司,90,A
成都智信建科节能环保科技有限公司,90,A
成都智信汇创科技有限公司,100,A
成都智信耀邦科技有限公司,100,A
成都智信耐材科技有限公司,100,A
成都智元汇信息技术股份有限公司,100,A
成都智元汇信息技术股份有限公司,100,A
成都智元汇信息技术股份有限公司,90,A
成都智元汇通信息技术有限公司,100,A
成都智充新能源有限公司,90,A
成都智净智能科技有限公司,90,A
成都智凡达科技有限责任公司,90,A
成都智凯自动化科技有限公司,95,A
成都智创信达科技有限公司,90,A
成都智创利源科技有限公司,100,A
成都智创华信科技有限公司,100,A
成都智创星汇科技有限公司,90,A
成都智勉科技有限公司,90,A
成都智医慧信息技术有限公司,100,A
成都智叟智能科技有限公司,90,A
成都智合拓远信息科技有限公司,90,A
成都智同学教育科技有限公司,90,A
成都智囊科技有限责任公司,90,A
成都智圣丰环保科技有限公司,90,A
成都智垣驱动科技有限公司,90,A
成都智城信创科技有限公司,90,A
成都智天迅网科技有限公司,90,A
成都智奕彦华知识产权代理有限公司,90,A
成都智奥创想科技有限公司,90,A
成都智子数联科技有限公司,90,A
成都智子新能源科技有限公司,100,A
成都智学易数字科技有限公司,80,B
成都智安周界科技有限公司,100,A
成都智安易智能设备有限公司,90,A
成都智审数据有限公司,85,B
成都智客迅科技有限公司,90,A
成都智小保科技有限责任公司,90,A
成都智小美科技有限公司,90,A
成都智尔智科技有限公司,90,A
成都智尚极光科技有限公司,90,A
成都智工电子科技有限责任公司,90,A
成都智库二八六一信息技术有限公司,100,A
成都智建创融科技有限公司,90,A
成都智建新业建筑设计咨询有限公司,90,A
成都智影未来科技有限公司,90,A
成都智德荣科技有限公司,100,A
成都智恒博纳科技有限公司,90,A
成都智恒测控技术有限公司,100,A
成都智恒芯达科技有限公司,100,A
成都智愿科技有限公司,95,A
成都智慧一生约科技有限公司,90,A
成都智慧九州科技有限公司,90,A
成都智慧互联科技有限公司,90,A
成都智慧互联网研究院有限公司,90,A
成都智慧亿百企业管理咨询有限公司,90,A
成都智慧企业发展研究院有限公司,100,A
成都智慧全域信息技术有限公司,80,B
成都智慧农夫农业开发有限公司,90,A
成都智慧农夫科技有限公司,100,A
成都智慧哲煊科技有限公司,90,A
成都智慧城市信息技术有限公司,100,A
成都智慧天宇科技有限公司,90,A
成都智慧宽瞳科技有限公司,90,A
成都智慧岛区块链科技有限公司,70,C
成都智慧工场科技有限公司,100,A
成都智慧数联信息技术有限公司,100,A
成都智慧星球科技有限公司,100,A
成都智慧智换科技有限公司,90,A
成都智慧果易科技有限公司,40,E
成都智慧码投科技有限公司,100,A
成都智慧耘科技有限公司,90,A
成都智慧西南信息技术有限公司,90,A
成都智慧魔方科技有限公司,100,A
成都智拓水族用品有限公司,70,C
成都智政数据科技有限公司,100,A
成都智数医联科技有限公司,90,A
成都智数通科技有限公司,90,A
成都智无域科技有限公司,90,A
成都智昊锐诚信息技术有限公司,90,A
成都智明未来教育科技有限公司,70,C
成都智明达电子股份有限公司,100,A
成都智明达电子股份有限公司,100,A
成都智朗微视科技有限公司,90,A
成都智棚农业科技有限公司,100,A
成都智楷分离科技有限公司,100,A
成都智榄生物科技有限公司,90,A
成都智水安澜科技有限公司,90,A
成都智汇云安信息技术有限公司,100,A
成都智汇信创科技有限公司,100,A
成都智汇安新科技有限公司,100,A
成都智汇工场信息科技有限公司,100,A
成都智汇广联科技有限公司,90,A
成都智汇数援科技有限公司,90,A
成都智汇数诚科技有限公司,100,A
成都智汇物联科技有限公司,100,A
成都智汇玩网络技术有限公司,90,A
成都智汇萌宠信息科技有限公司,90,A
成都智汇起源科技有限公司,90,A
成都智汇邦文化传播有限公司,100,A
成都智泊时代科技有限公司,90,A
成都智涵易兴网络信息科技有限公司,90,A
成都智源易行科技有限公司,90,A
成都智珍谷科技有限公司,100,A
成都智电智控科技有限公司,90,A
成都智畅信息科技发展有限公司,95,A
成都智盛港信息技术有限公司,95,A
成都智睿通拓科技有限公司,100,A
成都智科云创科技有限公司,90,A
成都智科通信技术股份有限公司,100,A
成都智策先导科技有限公司,100,A
成都智维平科技有限公司,90,A
成都智维诚网络科技有限公司,90,A
成都智网佳合科技有限公司,90,A
成都智网汇科技有限公司,90,A
成都智网联创科技有限公司,100,A
成都智联云家物联网科技有限公司,90,A
成都智联科鸿电子科技有限公司,100,A
成都智联网科技有限公司,100,A
成都智胜欣业环保科技有限公司,90,A
成都智胜航安科技有限公司,100,A
成都智胜达节能环保科技有限公司,90,A
成都智能聚合科技有限公司,90,A
成都智腾云科技有限公司,85,B
成都智航卓越科技有限公司,90,A
成都智艺创想科技有限公司,100,A
成都智芯测控科技有限公司,90,A
成都智芯雷通微系统技术有限公司,90,A
成都智蓉易科技发展有限公司,90,A
成都智蜀科技有限公司,100,A
成都智蜂网科技有限责任公司,90,A
成都智融微电子有限公司,90,A
成都智行安全科技有限公司,90,A
成都智见复合科技有限公司,90,A
成都智言知识产权代理有限公司,90,A
成都智讯汇信息技术有限公司,90,A
成都智讯通科技有限公司,90,A
成都智识同行教育科技有限公司,90,A
成都智诚云创科技有限公司,90,A
成都智诚云翔信息科技有限公司,90,A
成都智诚创梦信息技术有限公司,90,A
成都智诚宜美科技有限公司,100,A
成都智诚方略信息科技有限公司,90,A
成都智诚至杰企业管理咨询有限公司,90,A
成都智诺碳和科技有限公司,90,A
成都智谱网络科技有限公司,100,A
成都智谷智健抗衰老生物科技有限公司,90,A
成都智谷耘行信息技术有限公司,90,A
成都智财宝信息技术有限公司,90,A
成都智赢互动网络科技有限公司,100,A
成都智趣纵横科技有限公司,90,A
成都智达万应科技有限公司,100,A
成都智达和创信息科技有限公司,100,A
成都智达电力自动控制有限公司,100,A
成都智达电器制造有限责任公司,100,A
成都智迅创途科技有限公司,100,A
成都智迅捷科技有限公司,90,A
成都智远先进制造技术研究院有限公司,90,A
成都智远航信信息技术有限公司,90,A
成都智远航信信息技术有限公司,90,A
成都智造时代科技有限公司,90,A
成都智遇伯乐人力资源服务有限公司,90,A
成都智邦科技有限公司,100,A
成都智链供应链管理有限公司,75,C
成都智雨节水灌溉科技有限公司,90,A
成都智颖知识产权服务有限公司,90,A
成都智驾科技有限公司,100,A
成都暄和逸林科技有限公司,90,A
成都暖暖科技有限公司,90,A
成都暖鲜科技有限公司,90,A
成都暴牙兔网络科技有限公司,100,A
成都暴走胖达文化传媒有限公司,90,A
成都暴雨互动科技有限公司,90,A
成都曙光光纤网络有限责任公司,60,D
成都曙创大能科技有限公司,100,A
成都曙升地坪材料有限公司,100,A
成都曜硕自动化科技有限公司,90,A
成都曜诚通科技有限公司,100,A
成都曦和数地科技有限公司,100,A
成都曦源新能源有限责任公司,100,A
成都曲速坊信息科技有限公司,90,A
成都曼卡威科技有限公司,100,A
成都曼德希科技有限公司,100,A
成都曼德莱斯电联接有限公司,90,A
成都曼斯特网络科技有限公司,90,A
成都曾自科技有限公司,90,A
成都月涌大江科技有限公司,90,A
成都月蚀科技有限公司,75,C
成都有可奉告文化科技有限公司,100,A
成都有品家科技有限公司,100,A
成都有家新城科技有限公司,90,A
成都有惠科技有限公司,100,A
成都有据量化科技有限公司,90,A
成都有时科技有限公司,90,A
成都有明堂互动科技有限公司,100,A
成都有景家具有限公司,95,A
成都有点冲动科技有限公司,90,A
成都有米斗科技有限公司,70,C
成都有范科技有限公司,70,C
成都有视科技有限公司,60,D
成都有趣点科技有限公司,90,A
成都朋万科技股份有限公司,100,A
成都朋昌电力构件有限公司,100,A
成都朋飞网络科技有限公司,90,A
成都服务生科技有限公司,40,E
成都服国利民科技有限公司,90,A
成都朗亿佳装饰工程有限公司,90,A
成都朗力养老产业发展有限公司,100,A
成都朗博旺科技发展有限公司,95,A
成都朗唯信息科技有限公司,100,A
成都朗弘科技有限公司,100,A
成都朗测科技有限公司,100,A
成都朗源通工程咨询有限公司,90,A
成都朗点科技有限公司,90,A
成都朗瑞深冷科技有限公司,100,A
成都朗睿科技有限公司,100,A
成都朗睿通信技术有限公司,100,A
成都朗耀科技有限公司,90,A
成都朗观信息技术有限公司,90,A
成都朗途科技有限公司,100,A
成都朗速科技有限公司,100,A
成都朗锐芯科技发展有限公司,100,A
成都望路医药技术有限公司,90,A
成都望锦汽车部件有限公司,100,A
成都朝发信息工程技术有限公司,100,A
成都朝合普尔航空科技股份有限公司,100,A
成都朝越科技有限公司,100,A
成都期智科技有限公司,90,A
成都木十沐时美容服务有限公司,90,A
成都木启信息技术有限公司,100,A
成都木头科技有限公司,100,A
成都木奇木业有限公司,100,A
成都木子一广告传媒有限公司,90,A
成都木展智能科技有限公司,90,A
成都木方装饰工程有限公司,90,A
成都木易堂装饰设计工程有限公司,100,A
成都木易大千科技有限公司,90,A
成都木木互娱科技有限公司,80,B
成都木枝桠创意科技有限公司,90,A
成都木老仁康软件信息有限公司,100,A
成都木风未来科技有限公司,90,A
成都木马人网络科技有限公司,50,E
成都未尔教育咨询有限公司,90,A
成都未尔科技有限公司,90,A
成都未有科技有限公司,90,A
成都未来之来科技有限公司,90,A
成都未来国科技有限公司,100,A
成都未来城科技有限公司,90,A
成都未来山水科技有限公司,90,A
成都未来式互动科技有限公司,90,A
成都未来引力文化传播有限公司,90,A
成都未来时间教育科技有限公司,100,A
成都未来植物网络科技有限公司,90,A
成都未至科技有限公司,90,A
成都未萌科技有限公司,100,A
成都未蓝智控科技有限公司,100,A
成都末森科技有限公司,90,A
成都本光原网络科技有限公司,100,A
成都本千医疗科技有限公司,100,A
成都本原聚能科技有限公司,90,A
成都本发保温材料有限公司,100,A
成都本征新材料技术有限公司,90,A
成都本征科技有限公司,90,A
成都本数信息科技有限公司,90,A
成都本权益科技有限公司,90,A
成都本游科技有限公司,90,A
成都本珍元药业有限公司,100,A
成都本聪商诚科技有限公司,90,A
成都本色食代面业有限公司,100,A
成都本邦路桥新材料有限公司,100,A
成都术有云视觉科技有限公司,100,A
成都术有科技有限公司,95,A
成都术欣高电子科技有限公司,100,A
成都朴为科技有限公司,100,A
成都朴华科技有限公司,100,A
成都朴华锐思医疗科技有限公司,90,A
成都朴照以航咨询管理有限责任公司,90,A
成都朴石医药技术有限公司,100,A
成都朴石网络科技有限公司,90,A
成都朵普智能科技有限公司,100,A
成都机为向科技有限公司,90,A
成都机缘环保科技有限公司,100,A
成都杉众创联科技有限公司,90,A
成都杉琪信息技术有限公司,90,A
成都李工钻探设备有限公司,90,A
成都杏仁儿财务咨询有限公司,90,A
成都杏康医疗科技有限公司,100,A
成都材智科技有限公司,90,A
成都村田科技有限公司,90,A
成都杜特威石油科技有限公司,90,A
成都杜隆塔尔科技有限公司,90,A
成都来东信息科技有限公司,90,A
成都来也旅游发展股份有限公司,95,A
成都来画科技有限公司,100,A
成都来者教育科技有限公司,100,A
成都来肯信息技术有限公司,95,A
成都杨天万应制药有限公司,85,B
成都杨明双鑫科技有限公司,100,A
成都杨琳陈设美学文化传播有限公司,90,A
成都杰乙科技有限公司,90,A
成都杰仕德科技有限公司,100,A
成都杰作宝峰艺术包装印务有限公司,90,A
成都杰创普信信息技术有限公司,100,A
成都杰华科技有限公司,100,A
成都杰启科电科技有限公司,90,A
成都杰强机电设备有限公司,100,A
成都杰德谱思科技有限公司,90,A
成都杰效科技有限公司,90,A
成都杰旭电气有限公司,100,A
成都杰晟蜀邦新材料科技有限公司,70,C
成都杰森输配设备实业有限公司,95,A
成都杰润智能包装有限公司,90,A
成都杰瑞思科技有限公司,90,A
成都杰瑞达科技有限公司,100,A
成都杰瑞迪信息技术有限公司,100,A
成都杰祥机械设备有限公司,100,A
成都杰科力科技有限公司,100,A
成都杰联祺业电子有限责任公司,100,A
成都杰芈卡科技有限公司,90,A
成都杰辰科技有限公司,100,A
成都杰达空间智能科技有限公司,90,A
成都杰门科技股份有限公司,90,A
成都松山阳科技有限公司,90,A
成都松川雷博机械设备有限公司,100,A
成都松盛测控技术有限公司,90,A
成都松立建材有限责任公司,90,A
成都松艾科技有限公司,100,A
成都松虎科技有限公司,100,A
成都松鼠盒子信息科技有限公司,90,A
成都极乙通科技有限公司,100,A
成都极云天下科技有限公司,100,A
成都极企科技有限公司,100,A
成都极光互娱科技有限公司,90,A
成都极光社科技有限公司,90,A
成都极光网络科技有限公司,100,A
成都极品手谈科技有限公司,100,A
成都极地紫光科技有限公司,90,A
成都极客互娱科技有限公司,90,A
成都极客狂魔科技有限公司,90,A
成都极客通科技有限公司,100,A
成都极数链科技有限公司,90,A
成都极星等离子科技有限公司,100,A
成都极智迅飞网络科技有限公司,90,A
成都极浩动力科技有限公司,90,A
成都极炬科技有限公司,90,A
成都极点芯联科技有限公司,80,B
成都极略科技有限公司,90,A
成都极目阳光科技有限公司,90,A
成都极空科技有限公司,100,A
成都极致智造科技有限公司,90,A
成都极致空觉科技有限公司,90,A
成都极谷基因科技有限公司,90,A
成都极质软件有限公司,90,A
成都极趣科技有限公司,100,A
成都极道简微科技有限公司,90,A
成都极邦机器人有限公司,90,A
成都极铺科技有限公司,90,A
成都极飓力网络科技有限公司,90,A
成都析数智能科技有限公司,90,A
成都林仕工业喷印技术有限公司,100,A
成都林图办公系统有限公司,100,A
成都林悦家具有限公司,75,C
成都林炉科技有限公司,90,A
成都林瑞峰科技有限公司,100,A
成都林音传媒有限公司,90,A
成都林鸿创客图书有限公司,90,A
成都果壳医学科技有限公司,90,A
成都果小美网络科技有限公司,100,A
成都果想互动科技有限公司,90,A
成都果范创想科技有限公司,85,B
成都枫思祁商贸有限公司,100,A
成都枫沁科技有限公司,90,A
成都枫澜科技有限公司,100,A
成都枫鸟动画影视有限公司,90,A
成都柏奥特克生物科技股份有限公司,90,A
成都柏岳信息技术有限公司,100,A
成都柏峰食品有限公司,100,A
成都柏恒商业管理有限公司,90,A
成都柏拉图数码图像有限公司,100,A
成都柏拉图视觉科技有限公司,95,A
成都柏森环保科技有限公司,100,A
成都柏派科技有限公司,100,A
成都柏润科技有限公司,90,A
成都柏溪环境科技有限公司,90,A
成都柏然科技有限公司,90,A
成都柏瑞恩数据服务有限公司,90,A
成都柏睿教育咨询有限公司,90,A
成都柏睿泰生物科技有限公司,100,A
成都柏腾物联科技有限公司,90,A
成都柒云阁科技有限公司,90,A
成都柒步科技有限公司,90,A
成都柒游记科技有限公司,90,A
成都柒玖游科技有限公司,90,A
成都柒陆捌柒供应链管理有限公司,90,A
成都柒零后科技有限公司,90,A
成都柔水文化旅游发展有限公司,100,A
成都柔电云科科技有限公司,100,A
成都柔联物联网科技有限公司,90,A
成都柚云科技有限公司,90,A
成都柚灵科技有限公司,100,A
成都柠檬时光科技有限公司,95,A
成都柠檬阅读科技有限公司,90,A
成都查数估科技有限公司,100,A
成都查木当科技有限公司,90,A
成都柯乐家居用品有限公司,90,A
成都柯乐立德文化传播有限责任公司,100,A
成都柯博特自动化科技有限公司,100,A
成都柯恩斯科技有限公司,100,A
成都柯西姆科技有限公司,100,A
成都柯锐图网络科技有限公司,100,A
成都柳致序科技有限公司,80,B
成都柴可夫电器设备有限公司,100,A
成都柴宝科技有限公司,90,A
成都标学科技有限公司,100,A
成都标定科技有限责任公司,100,A
成都标建铝业有限公司,100,A
成都标汇检测技术有限公司,90,A
成都标点体育文化发展有限公司,100,A
成都树人教育科技有限公司,90,A
成都树仁信息技术有限公司,90,A
成都树芽科技服务有限公司,90,A
成都树莓信息技术有限公司,90,A
成都树邦科技有限公司,90,A
成都栖林测控科技有限责任公司,100,A
成都栗里科技有限公司,90,A
成都校友很行科技有限公司,90,A
成都校园岛科技有限公司,90,A
成都校精灵科技有限公司,100,A
成都栢晖检测技术服务有限公司,90,A
成都栢晖生物科技有限公司,100,A
成都核安科技有限公司,90,A
成都核盛科技有限公司,100,A
成都格利普生物科技有限公司,100,A
成都格力钛新能源有限公司,95,A
成都格博电子科技有限公司,100,A
成都格品科技有限公司,90,A
成都格奇智能科技有限公司,100,A
成都格安建筑智能化工程有限公司,100,A
成都格安瑞环保工程有限责任公司,90,A
成都格尔威斯木业有限公司,100,A
成都格工智能科技有限公司,90,A
成都格志科技有限公司,25,E
成都格拉斯曼科技有限公司,95,A
成都格斗科技有限公司,100,A
成都格杰思特科技有限公司,90,A
成都格林斯奇机电设备有限公司,100,A
成都格林普特环境科技有限公司,100,A
成都格润建筑科技股份有限公司,100,A
成都格物通信息技术有限公司,90,A
成都格理特电子技术有限公司,100,A
成都格瑞特高压容器有限责任公司,100,A
成都格瑞珂诗生物科技有限公司,90,A
成都格瑞鹿长高医疗科技有限公司,90,A
成都格登特科技有限公司,90,A
成都格知科技有限公司,100,A
成都格米利科技有限公司,100,A
成都格纯生物医药有限公司,100,A
成都格美制冷设备有限公司,100,A
成都格致齐云生物科技有限公司,90,A
成都格莱精密仪器有限公司,100,A
成都格莱精密仪器有限公司,100,A
成都格蓝洋生物医药科技有限公司,80,B
成都桂圆米米数字科技有限公司,90,A
成都桂福德康科技有限公司,90,A
成都桂花树下企业管理咨询有限责任公司,90,A
成都桂辰家具制造有限公司,90,A
成都桃华科技有限公司,90,A
成都桉尼维尔信息科技有限公司,90,A
成都桐叶光电科技有限公司,90,A
成都桐林铸造实业有限公司,95,A
成都桓宇视联科技有限公司,90,A
成都桔子科技有限公司,90,A
成都桔果物联科技有限公司,100,A
成都档管家科技有限公司,100,A
成都梁梁金属制品有限责任公司,100,A
成都梆梆信息技术咨询服务有限公司,90,A
成都梓峡信息技术有限公司,90,A
成都梓融信息技术有限公司,90,A
成都梓鑫机电科技有限公司,95,A
成都梦之晨科技有限公司,100,A
成都梦之森科技有限公司,90,A
成都梦图知恒科技有限公司,90,A
成都梦工厂网络信息有限公司,90,A
成都梦想松鼠教育科技有限公司,90,A
成都梦拾品牌管理有限公司,90,A
成都梦梓天弢智能科技有限责任公司,90,A
成都梦殊科技有限公司,90,A
成都梦非凡企业管理有限公司,90,A
成都梵凰家具有限公司,100,A
成都梵普科技有限公司,90,A
成都梵浩宣网络科技有限公司,90,A
成都梵硕科技有限公司,100,A
成都梵谷医疗健康科技有限公司,90,A
成都梵辰科技有限公司,90,A
成都梵高智能科技有限公司,90,A
成都棋云道意科技有限公司,90,A
成都棕榈创想科技有限公司,90,A
成都棣渼信息科技有限公司,100,A
成都森南环保工程有限公司,90,A
成都森博精密机械有限公司,100,A
成都森发橡塑有限公司,100,A
成都森和电子科技有限公司,100,A
成都森安友科技有限公司,90,A
成都森川科技股份有限公司,100,A
成都森态源环保科技有限公司,90,A
成都森态科技有限公司,100,A
成都森拓沐然科技有限公司,90,A
成都森未科技有限公司,100,A
成都森沃电气有限责任公司,100,A
成都森狼房产经纪有限公司,90,A
成都森璟电子商务有限公司,90,A
成都森田自动化设备有限公司,100,A
成都森石光学科技有限公司,90,A
成都森福达实业有限公司,100,A
成都森索尔科技有限公司,100,A
成都森茁尔电子科技有限公司,90,A
成都森茂科技有限公司,100,A
成都森鹏木业有限责任公司,100,A
成都棱刺科技有限公司,90,A
成都棱镜泰克生物科技有限公司,90,A
成都植宇生物科技有限公司,90,A
成都植星科技有限公司,90,A
成都植源机械科技有限公司,80,B
成都植行合一健康科技有限公司,90,A
成都植行合一健康科技有限公司,90,A
成都椒云电子商务股份有限公司,90,A
成都椒点商贸有限公司,90,A
成都楚人融创科技有限公司,90,A
成都楞次科技有限公司,90,A
成都楠工科技有限公司,90,A
成都楷模电子科技有限公司,80,B
成都楷码科技股份有限公司,90,A
成都楼兰科技有限公司,100,A
成都榆桥科技有限公司,90,A
成都榛锐机电工程有限公司,100,A
成都槟果科技有限公司,80,B
成都槿熹蔚蓝装饰工程设计有限公司,90,A
成都模块科技有限公司,100,A
成都樱之岛科技有限公司,90,A
成都樱悦林农业开发有限公司,90,A
成都樱绮智能生物科技有限公司,90,A
成都樵枫科技发展有限公司,100,A
成都橘子樱桃科技有限公司,90,A
成都橙峰科技有限公司,90,A
成都橙意印象文化传播有限公司,90,A
成都橙果互娱网络科技有限公司,90,A
成都橙果创服科技有限公司,100,A
成都橙芯达科技有限公司,90,A
成都橙视传媒科技股份公司,100,A
成都橙风有量科技有限公司,100,A
成都橙风趣游科技有限公司,100,A
成都檀越商贸有限公司,100,A
成都欢乐联盟科技有限公司,90,A
成都欢康科技有限公司,100,A
成都欢悦无限网络科技有限公司,100,A
成都欢聚堂科技有限公司,100,A
成都欢聚游科技有限公司,90,A
成都欣华源科技有限责任公司,100,A
成都欣华皓宇科技有限公司,90,A
成都欣博创科技有限公司,90,A
成都欣国立低温科技有限公司,100,A
成都欣圣知识产权代理有限公司,80,B
成都欣天龙数码科技有限公司,100,A
成都欣巨力精密工具有限公司,100,A
成都欣平伯克利科技有限公司,90,A
成都欣弘广环保设备有限公司,100,A
成都欣捷高新技术开发股份有限公司,95,A
成都欣晟印务科技有限公司,100,A
成都欣晟环保科技有限公司,90,A
成都欣桂保温材料有限公司,100,A
成都欣波生物医药有限公司,90,A
成都欣海科技有限公司,95,A
成都欣玛科技有限公司,100,A
成都欣瑞泰科技有限公司,100,A
成都欣皓地基基础工程有限责任公司,100,A
成都欣福源中药饮片有限公司,80,B
成都欣科医药有限公司,100,A
成都欣红竹科技有限公司,90,A
成都欣芯科技有限公司,90,A
成都欣诺低温设备有限公司,80,B
成都欣金奥电子科技有限公司,100,A
成都欣闪闪科技有限公司,90,A
成都欣鸿丰商贸有限公司,100,A
成都欣鼎信息技术有限公司,100,A
成都欧仕通科技有限公司,100,A
成都欧佳航空用品有限公司,100,A
成都欧光光学科技有限公司,100,A
成都欧创拜尔科技有限公司,90,A
成都欧利德电子科技有限公司,95,A
成都欧升光电科技有限公司,100,A
成都欧大锦福科技有限公司,100,A
成都欧威装饰工程有限公司,100,A
成都欧孚士文化传媒有限公司,100,A
成都欧安电气股份有限公司,100,A
成都欧尔数码输出有限公司,90,A
成都欧尚维钉科技有限公司,90,A
成都欧康医药股份有限公司,100,A
成都欧开科技有限公司,100,A
成都欧拉微波元器件有限公司,100,A
成都欧斯达科技有限公司,100,A
成都欧林生物科技股份有限公司,100,A
成都欧派智能家居有限公司,90,A
成都欧珀琅精密工具有限公司,100,A
成都欧珀通信科技有限公司,95,A
成都欧瑞康环保科技有限公司,100,A
成都欧瑞臻电子商务服务有限公司,90,A
成都欧盛光电科技有限公司,100,A
成都欧督系统科技有限公司,95,A
成都欧维爱克科技有限公司,100,A
成都欧美克石油科技股份有限公司,100,A
成都欧联检测技术服务有限公司,100,A
成都欧胜智能科技有限公司,100,A
成都欧蓉贸易有限公司,100,A
成都欧赛医疗器械有限公司,95,A
成都欧赛思科技有限公司,90,A
成都欧软科技有限公司,100,A
成都欧迅科技股份有限公司,85,B
成都欧锐德智能设备有限公司,100,A
成都欧飞凌通讯技术有限公司,100,A
成都欧魅时尚科技有限责任公司,100,A
成都歆慎科技有限公司,90,A
成都止观互娱科技有限公司,100,A
成都正信屏蔽装饰工程有限公司,90,A
成都正信石油天然气工程造价咨询有限公司,100,A
成都正信科技发展有限公司,100,A
成都正信通导科技有限公司,100,A
成都正光生态工程有限公司,95,A
成都正全科技有限公司,100,A
成都正升能源技术开发有限公司,100,A
成都正华专利代理事务所（普通合伙）,100,A
成都正博创科技有限公司,90,A
成都正合达通信有限公司,100,A
成都正唯数字科技有限公司,100,A
成都正善达生物医药科技有限公司,90,A
成都正图科技有限公司,100,A
成都正宸商务信息咨询服务有限公司,90,A
成都正山机械制造有限公司,100,A
成都正帆科技有限公司,100,A
成都正康药业有限公司,100,A
成都正强五金制造有限公司,100,A
成都正德天佑网络通信工程有限公司,100,A
成都正态铠甲科技有限公司,90,A
成都正恒动力股份有限公司,95,A
成都正恒动力股份有限公司,95,A
成都正慧科技有限公司,90,A
成都正成创加科技有限公司,95,A
成都正扬博创电子技术有限公司,100,A
成都正方形科技有限公司,90,A
成都正望达贸易有限公司,90,A
成都正汇信息技术有限公司,95,A
成都正海汽车内饰件有限公司,100,A
成都正烁科技有限公司,100,A
成都正能生物技术有限责任公司,100,A
成都正蓉王牌办公家具有限公司,100,A
成都正西液压设备制造有限公司,100,A
成都正讯智络科技有限责任公司,80,B
成都正通硬质材料有限公司,100,A
成都正通航空设备有限责任公司,100,A
成都正道捷通科技有限公司,100,A
成都正邦利新材料科技有限公司,90,A
成都正阳天下智能科技有限公司,100,A
成都正阳焊接设备有限公司,100,A
成都正鹏商务服务有限公司,90,A
成都步从科技有限公司,90,A
成都步科智能有限公司,90,A
成都步速者科技股份有限公司,100,A
成都武侯社区科技有限公司,90,A
成都武晟科技有限公司,100,A
成都武浩科技有限公司,90,A
成都歧明通信息科技有限公司,100,A
成都毅创空间科技有限公司,100,A
成都毅晓科技有限公司,90,A
成都毅民晟达建筑装饰工程有限公司,90,A
成都每经新视界科技有限公司,100,A
成都每获在线科技有限公司,90,A
成都毓恬冠佳汽车零部件有限公司,100,A
成都比伍捌科技有限公司,100,A
成都比优科技有限公司,90,A
成都比例品牌设计有限责任公司,90,A
成都比力科技有限公司,95,A
成都比卡恩科技有限公司,100,A
成都比善科技开发有限公司,100,A
成都比尔强科技发展有限公司,100,A
成都比得博科技有限公司,100,A
成都比扬精密机械有限公司,100,A
成都比拓超硬材料有限公司,90,A
成都比斯特科技有限责任公司,85,B
成都比昂科技有限公司,100,A
成都比格图数据处理有限公司,100,A
成都比格易图数据处理有限公司,90,A
成都比格智图科技有限公司,90,A
成都比格比特信息技术有限公司,100,A
成都比比猴信息技术有限公司,100,A
成都比特信安科技有限公司,100,A
成都比特律动科技有限责任公司,80,B
成都比特智链科技有限公司,90,A
成都比特灯塔科技有限公司,90,A
成都比特王科技有限责任公司,100,A
成都比特鹿科技有限公司,90,A
成都毕普智造科技有限公司,90,A
成都毕维斯科技有限公司,100,A
成都民杰光华教育科技有限公司,100,A
成都民航六维航化有限责任公司,100,A
成都民航空管科技发展有限公司,100,A
成都民航西南凯亚有限责任公司,100,A
成都民达电力设备有限公司,100,A
成都氢润医疗科技有限公司,90,A
成都氢行动力网络科技有限公司,85,B
成都氧气鹿科技有限公司,90,A
成都氪星网络科技有限公司,95,A
成都氪睿科技有限公司,90,A
成都氮矽科技有限公司,90,A
成都水微信息技术有限公司,100,A
成都水星智信科技有限公司,90,A
成都水月雨科技有限公司,100,A
成都水木医疗科技有限公司,90,A
成都水木泉科技有限公司,100,A
成都水熊互动科技有限公司,100,A
成都水经注信息科技有限公司,100,A
成都永业有限公司,100,A
成都永乐互娱网络科技有限公司,90,A
成都永信智谷科技有限公司,90,A
成都永利智造科技有限公司,90,A
成都永利汽车配件有限公司,100,A
成都永和光学有限公司,100,A
成都永奉科技有限公司,100,A
成都永安制药有限公司,80,B
成都永峰科技有限公司,90,A
成都永康制药有限公司,80,B
成都永成科技有限公司,100,A
成都永援平安文化传播有限公司,90,A
成都永朔科技有限公司,100,A
成都永杰测绘技术服务有限公司,90,A
成都永汇科技有限公司,100,A
成都永泰天合机电有限公司,95,A
成都永泰诺科技有限公司,100,A
成都永浩机电工程技术有限公司,100,A
成都永游科技有限公司,100,A
成都永益泵业股份有限公司,90,A
成都永益泵业股份有限公司,90,A
成都永福兴源科技有限公司,100,A
成都永续宏景科技有限公司,90,A
成都永诚科技有限公司,100,A
成都永贵东洋轨道交通装备有限公司,100,A
成都求美记网络科技有限公司,90,A
成都汇亿诺嘉文化传播有限公司,90,A
成都汇企云科技有限公司,90,A
成都汇众成生物科技有限公司,90,A
成都汇众睿思信息科技有限公司,90,A
成都汇优佳启科技有限公司,90,A
成都汇佳天成科技有限公司,90,A
成都汇佳知科技有限公司,70,C
成都汇兴伟业机械有限公司,85,B
成都汇创众合科技有限公司,90,A
成都汇力兴贸易有限公司,100,A
成都汇力思科技有限公司,90,A
成都汇力通成科技有限公司,90,A
成都汇务户科技有限公司,80,B
成都汇博天佑科技有限公司,100,A
成都汇合乾元科技有限公司,45,E
成都汇声科技有限公司,100,A
成都汇壹包装印务有限公司,100,A
成都汇多丽声学装饰材料有限公司,100,A
成都汇川新能科技有限公司,100,A
成都汇彩设计印务有限公司,100,A
成都汇控科技有限公司,100,A
成都汇政企业管理咨询有限公司,100,A
成都汇新博创机械有限公司,100,A
成都汇星浩科技有限公司,90,A
成都汇星行科技有限公司,100,A
成都汇晟连横科技有限公司,100,A
成都汇智山科技有限公司,90,A
成都汇智著创科技有限公司,90,A
成都汇杰广告有限公司,100,A
成都汇欣生命科技有限公司,100,A
成都汇瑞新元生物科技有限责任公司,100,A
成都汇盈利智能科技有限公司,75,C
成都汇睿科技有限公司,90,A
成都汇码科技有限公司,100,A
成都汇研科技有限公司,90,A
成都汇编科技有限公司,90,A
成都汇美园林景观有限公司,100,A
成都汇能恒源科技有限公司,90,A
成都汇腾机电设备有限公司,90,A
成都汇菇源生物科技有限公司,100,A
成都汇蓉启航微波技术有限公司,100,A
成都汇蓉国科微系统技术有限公司,100,A
成都汇薪科技有限公司,100,A
成都汇融同创生物科技有限公司,90,A
成都汇融宝网络科技有限公司,90,A
成都汇誉通数据科技有限公司,90,A
成都汇豪科技有限公司,100,A
成都汇资聚源科技有限公司,90,A
成都汇辙科技有限公司,100,A
成都汇进升网络科技有限公司,90,A
成都汇远胜智控科技有限公司,100,A
成都汇通西电电子有限公司,95,A
成都汇邦基业科技有限公司,90,A
成都汇集科技有限公司,100,A
成都汇鸿科技集团有限公司,100,A
成都汇鼎万盛信息技术有限公司,100,A
成都汉信众科电子科技有限公司,100,A
成都汉元君业油田技术有限公司,100,A
成都汉兴科技有限公司,100,A
成都汉准质量检测有限公司,90,A
成都汉博德信息技术有限公司,100,A
成都汉图信息技术有限公司,95,A
成都汉地创图信息技术有限公司,55,E
成都汉地华创信息技术有限公司,75,C
成都汉尊能源有限公司,100,A
成都汉峰科技有限公司,100,A
成都汉广伟业科技有限公司,100,A
成都汉度科技有限公司,100,A
成都汉康信息产业有限公司,100,A
成都汉微科技有限公司,100,A
成都汉普森光电科技有限公司,100,A
成都汉普高新材料有限公司,100,A
成都汉沙科技发展有限公司,90,A
成都汉泽航空设备有限公司,100,A
成都汉科数联科技有限公司,90,A
成都汉维斯科技有限公司,100,A
成都汉羿科技有限公司,100,A
成都汉联孵化器有限公司,90,A
成都汉芯国科集成技术有限公司,100,A
成都汉莎石油科技有限公司,100,A
成都汉银科技有限公司,100,A
成都汉默地理资讯科技有限公司,100,A
成都汝晖机电设备有限公司,90,A
成都江华时代网络科技有限公司,90,A
成都江河幕墙系统工程有限公司,95,A
成都江泰讯安信息技术有限公司,100,A
成都江雪医疗器械有限公司,100,A
成都江鼎禹丰科技有限公司,100,A
成都汤谷云图信息技术有限公司,90,A
成都汲思科技有限公司,90,A
成都沁昱科技有限公司,90,A
成都沃一智能科技有限公司,90,A
成都沃克哈德科技有限公司,90,A
成都沃利工程技术有限公司,100,A
成都沃利工程技术有限公司,100,A
成都沃土油墨科技有限公司,100,A
成都沃夫特科技有限公司,100,A
成都沃派智能家居有限公司,100,A
成都沃特供水工程设计有限公司,100,A
成都沃特塞恩电子技术有限公司,100,A
成都沃美科技有限公司,90,A
成都沃赢创投科技有限公司,90,A
成都沃达惠康科技股份有限公司,100,A
成都沃邦德科技有限公司,100,A
成都沈师傅食品有限公司,100,A
成都沐云乡创环保科技有限公司,90,A
成都沐冈科技有限公司,100,A
成都沐森商务咨询有限公司,90,A
成都沐鱼科技有限公司,100,A
成都沙丘猫科技有限公司,90,A
成都沙博利文化传播有限公司,90,A
成都沙漏科技有限公司,95,A
成都沛泽天宸医疗科技有限公司,100,A
成都沣艺鑫塑模科技有限公司,100,A
成都沪友科技发展有限公司,100,A
成都沪嘉华通电器有限公司,100,A
成都河狸智能科技有限责任公司,90,A
成都沸尔墨西科技有限公司,100,A
成都沸彻科技有限公司,90,A
成都油管家科技有限公司,100,A
成都治通弘瑞信息科技有限公司,90,A
成都沽谷科技有限公司,90,A
成都泅渡科技有限公司,90,A
成都泉源卫生用品有限公司,100,A
成都泉誊科技有限公司,90,A
成都泊凌智安科技有限公司,90,A
成都泊厮客智能设备有限公司,100,A
成都泊恩飞环保科技有限公司,90,A
成都泊联数据处理服务有限公司,95,A
成都泓泉亭物流有限公司,90,A
成都泓润科技有限公司,95,A
成都泓瑞蓉创机械设备有限公司,100,A
成都泓睿科技有限责任公司,100,A
成都泓禹农业开发有限公司,100,A
成都法姆科技有限公司,100,A
成都法瑞克电气科技有限公司,90,A
成都法米尼科技有限公司,90,A
成都法网护信科技有限公司,85,B
成都法美尔科技有限公司,100,A
成都法设专科技有限公司,90,A
成都泛亚科锐硬质合金科技有限公司,100,A
成都泛兮科技有限责任公司,90,A
成都泛医科技有限公司,90,A
成都泛山科技有限公司,90,A
成都泛微网络科技有限公司,100,A
成都泛次元文化传播有限公司,85,B
成都泛米科技有限公司,90,A
成都泛美视界科技有限公司,100,A
成都泛联智存科技有限公司,90,A
成都泛联科技有限公司,90,A
成都波倍科技有限公司,100,A
成都波尔晟泽电源科技有限公司,90,A
成都波瑞泽粉末涂料制造有限公司,100,A
成都波矢量科技有限公司,90,A
成都波谱科技有限公司,90,A
成都波霎科技有限公司,90,A
成都泥丸科技有限责任公司,90,A
成都泰一文化传播有限公司,100,A
成都泰之源环保科技有限公司,100,A
成都泰仁至信科技有限公司,95,A
成都泰利创富锂业科技有限公司,90,A
成都泰合机电设备有限公司,90,A
成都泰和万钟科技有限公司,90,A
成都泰和伟业生物科技有限公司,100,A
成都泰和悉地科技有限公司,90,A
成都泰坦未来科技有限公司,90,A
成都泰宇汽车零部件有限公司,90,A
成都泰宜能源科技开发有限公司,100,A
成都泰富通信有限公司,100,A
成都泰峁酒业有限公司,90,A
成都泰峰雪科技有限公司,90,A
成都泰康慧谷科技发展有限公司,90,A
成都泰德仁和科技有限责任公司,100,A
成都泰普瑞朗科技有限公司,100,A
成都泰来恒瑞科技有限公司,90,A
成都泰格尔航天航空科技股份有限公司,100,A
成都泰格微波技术股份有限公司,100,A
成都泰格微电子研究所有限责任公司,100,A
成都泰测科技有限公司,100,A
成都泰润环境工程有限公司,65,D
成都泰瑞通信设备检测有限公司,100,A
成都泰盈和科技有限公司,90,A
成都泰益科技有限公司,100,A
成都泰盟软件有限公司,100,A
成都泰码思测控技术有限公司,100,A
成都泰美克晶体技术有限公司,100,A
成都泰聚泰科技股份有限公司,100,A
成都泰莱医学检验实验室有限公司,100,A
成都泰莱康科技有限公司,90,A
成都泰莱生物科技有限公司,90,A
成都泰莱高仁医学检验实验室有限公司,90,A
成都泰鑫瑞科技有限公司,100,A
成都泰铼机械设备有限公司,90,A
成都泰隆游乐实业有限公司,80,B
成都泳盛康体休闲设备工程有限公司,100,A
成都泵类应用技术研究所,100,A
成都泽优科技有限公司,90,A
成都泽天富通科技有限公司,90,A
成都泽法成科技有限公司,90,A
成都泽皓供应链管理有限公司,85,B
成都泽耀科技有限公司,100,A
成都泽谷文化传媒有限公司,90,A
成都泽跃永科技有限公司,90,A
成都泽达科技有限公司,100,A
成都泽雅科技发展有限公司,100,A
成都洁仕达环保科技有限公司,90,A
成都洁立众泰科技有限公司,100,A
成都洋湃科技有限公司,90,A
成都洋爔教育发展有限公司,90,A
成都洋玩易科技有限公司,90,A
成都洋英会科技有限公司,90,A
成都洋葱头科技有限公司,100,A
成都洗衣婆洗涤有限公司,85,B
成都洛丁森智能科技有限公司,85,B
成都洛兰特科技有限公司,100,A
成都洛可可设计有限公司,100,A
成都洛子科技有限公司,90,A
成都洛弘科技有限公司,90,A
成都洛德岛科技有限公司,100,A
成都洛芮科技有限公司,90,A
成都洛行科技有限公司,90,A
成都洞见科技有限公司,100,A
成都洞鉴科技有限公司,90,A
成都津石智汇数字科技有限公司,90,A
成都津研科技有限公司,100,A
成都津钢金属制品有限公司,100,A
成都津锐科技有限公司,100,A
成都洪业达通信技术有限公司,90,A
成都洪佳胜科技有限公司,90,A
成都洪正光学有限公司,90,A
成都洪汇肉类加工有限责任公司,80,B
成都洪池科技有限公司,90,A
成都洪泰孵化器运营管理有限公司,75,C
成都洪睿科技有限公司,100,A
成都活水环能科技有限公司,100,A
成都派利克科技有限公司,100,A
成都派利是商贸有限公司,90,A
成都派加索思装饰工程有限公司,100,A
成都派多多科技有限公司,90,A
成都派宸装饰材料有限责任公司,100,A
成都派尔排水工程有限公司,100,A
成都派度空间广告有限公司,90,A
成都派斯光学有限公司,100,A
成都派斯光科技有限公司,90,A
成都派普鹰目管道技术有限责任公司,100,A
成都派沃智通科技有限公司,90,A
成都派沃特科技股份有限公司,100,A
成都派湃科技有限公司,90,A
成都派特斯石油科技有限公司,100,A
成都派特生物科技有限公司,100,A
成都派瑞义齿科技发展有限公司,100,A
成都派瑞奥传感技术有限公司,90,A
成都派菲若克机械零部件有限公司,100,A
成都派视科技有限公司,90,A
成都流欣数御科技有限公司,90,A
成都流航物流有限公司,100,A
成都流量创新文化传媒有限公司,70,C
成都浅美科技有限公司,90,A
成都测艺科技有限公司,100,A
成都测试狗科研服务有限公司,100,A
成都济桓科技有限公司,90,A
成都浔兴拉链科技有限公司,100,A
成都浦信科技有限公司,100,A
成都浦创科技有限公司,85,B
成都浩云联科技有限公司,100,A
成都浩克智汇科技有限公司,100,A
成都浩天联讯信息技术有限公司,100,A
成都浩孚科技有限公司,100,A
成都浩宇思源环境科技有限公司,100,A
成都浩宇环保设备有限公司,100,A
成都浩尹智能科技发展有限责任公司,90,A
成都浩搏优科技有限公司,100,A
成都浩永绿能环保科技有限公司,100,A
成都浩泊云动科技有限公司,100,A
成都浩洪机械装备有限公司,100,A
成都浩瀚时光科技有限公司,90,A
成都浩瀚芯光微电子科技有限公司,90,A
成都浩然家居设计有限公司,100,A
成都浩益科技有限公司,90,A
成都浩睇医疗科技有限公司,90,A
成都浩睿企业管理咨询有限公司,100,A
成都浩石科技有限公司,100,A
成都浩翼创想科技有限公司,100,A
成都浩课信息技术有限公司,90,A
成都浩连科技有限公司,90,A
成都浩野云教育科技有限公司,80,B
成都浪尖工业设计有限公司,90,A
成都浮拉德利文化传媒有限公司,100,A
成都海之元生物科技有限公司,90,A
成都海之蓝环保科技有限公司,90,A
成都海之译翻译有限公司,90,A
成都海亚特科技有限责任公司,100,A
成都海亨利科技有限公司,90,A
成都海亿通科技有限公司,90,A
成都海光微电子技术有限公司,100,A
成都海光核电技术服务有限公司,100,A
成都海光集成电路设计有限公司,100,A
成都海克医疗设备有限公司,90,A
成都海兰天澄科技股份有限公司,100,A
成都海力捷特智能科技有限公司,100,A
成都海力特科技有限公司,100,A
成都海卓派特科技有限公司,90,A
成都海博为药业有限公司,90,A
成都海博尔铝制品有限公司,100,A
成都海地云信息技术有限公司,100,A
成都海地科技有限公司,90,A
成都海天众意软件有限公司,90,A
成都海天数联科技有限公司,100,A
成都海天科创科技有限公司,100,A
成都海天绿色化学技术研究中心,90,A
成都海天联讯科技有限公司,90,A
成都海妖科技有限公司,90,A
成都海威华芯科技有限公司,85,B
成都海容信息科技有限公司,100,A
成都海宽华源包装有限公司,100,A
成都海峡新青印务有限公司,95,A
成都海川同信科技有限公司,100,A
成都海川四维智能科技有限公司,100,A
成都海帆健康咨询有限责任公司,90,A
成都海得控制系统有限公司,100,A
成都海微特科技有限公司,100,A
成都海德克科技发展有限公司,100,A
成都海思创科信息技术有限公司,90,A
成都海恒佳电气有限公司,100,A
成都海悦通科技有限公司,90,A
成都海成环保工程有限公司,100,A
成都海成科技有限公司,95,A
成都海成远创科技有限公司,100,A
成都海扩宏业科技有限公司,90,A
成都海拉瓦科技有限公司,95,A
成都海擎科技有限公司,100,A
成都海斯堡医学科技有限公司,100,A
成都海旺汽车零部件有限公司,100,A
成都海普泵业有限公司,80,B
成都海普迪科技有限公司,100,A
成都海杰亚医药科技有限公司,100,A
成都海杰智策信息科技有限公司,100,A
成都海棠果科技有限公司,90,A
成都海森互动科技有限公司,90,A
成都海欣美视科技有限公司,100,A
成都海汇易泽信息科技有限公司,90,A
成都海汇科博生物科技有限公司,90,A
成都海沃斯电气股份有限公司,85,B
成都海沣科技有限公司,90,A
成都海泰医疗设备有限公司,100,A
成都海湾食品有限公司,60,D
成都海瑞恩网络科技有限公司,100,A
成都海瑞斯轨道交通设备有限公司,100,A
成都海申科技有限公司,100,A
成都海盗海科技有限公司,90,A
成都海科工控设备有限公司,100,A
成都海科时代科技有限责任公司,85,B
成都海科机械设备制造有限公司,95,A
成都海程防腐涂料有限公司,100,A
成都海空之翼航空科技有限公司,90,A
成都海纳丰科技有限公司,100,A
成都海纳尔钢结构有限公司,100,A
成都海纳百川信息技术有限公司,100,A
成都海翔软件有限公司,100,A
成都海芯微系统技术有限公司,90,A
成都海蓉特种纺织品有限公司,95,A
成都海装机械制造有限公司,100,A
成都海豚互娱科技有限公司,85,B
成都海象科技有限公司,90,A
成都海边贝壳科技有限公司,90,A
成都海迪之光科技有限公司,90,A
成都海逸机电设备有限公司,90,A
成都海里戈科技有限公司,100,A
成都海锐能源科技有限公司,100,A
成都海霖科技有限公司,100,A
成都海风锐智科技有限责任公司,90,A
成都海骏信息技术有限公司,90,A
成都海鸿电子科技有限责任公司,100,A
成都海默云因医学检验实验室有限公司,100,A
成都涅尔维娜科技有限责任公司,90,A
成都涌杰无损检测工程有限公司,100,A
成都涣凌智能技术有限公司,90,A
成都润亿达环境科技有限公司,60,D
成都润信实业有限公司,90,A
成都润信远航科技有限公司,90,A
成都润兴消毒药业有限公司,90,A
成都润博科技有限公司,100,A
成都润原科技有限公司,100,A
成都润名科技咨询有限公司,90,A
成都润均科技有限公司,90,A
成都润天祥科技有限公司,100,A
成都润天祥科技有限公司,100,A
成都润宝物流有限公司,100,A
成都润封电碳有限公司,100,A
成都润欣源环保科技有限公司,100,A
成都润泰康成智慧医疗科技有限公司,90,A
成都润泰茂成科技有限公司,90,A
成都润洋汽车部件有限公司,100,A
成都润筑节能科技有限公司,65,D
成都润翔服饰有限公司,100,A
成都润联科技开发有限公司,100,A
成都润达欣环保工程有限公司,100,A
成都润锦科技有限公司,90,A
成都润馨堂药业有限公司,100,A
成都润驰电子科技有限公司,100,A
成都润驰精密电子有限公司,100,A
成都涨乐汇网络科技有限公司,90,A
成都涵之源信息科技有限公司,90,A
成都涵泊万里文化传播有限公司,100,A
成都涵琳科技有限公司,90,A
成都淇奕信息科技有限公司,90,A
成都淇酷文化传媒有限公司,80,B
成都淘乐惠科技有限公司,90,A
成都淘企科技股份有限公司,65,D
成都淘淘信息技术有限公司,90,A
成都淞幸科技有限责任公司,100,A
成都淞源电子科技有限公司,100,A
成都淡商科技有限责任公司,90,A
成都深丝路数码科技有限公司,95,A
成都深云智能科技有限公司,100,A
成都深兰博远科技有限公司,85,B
成都深冷凌泰机电科技有限公司,100,A
成都深冷科技有限公司,100,A
成都深坦科技有限公司,90,A
成都深度思维科技有限公司,100,A
成都深思天地计算机技术有限公司,100,A
成都深想科技有限公司,90,A
成都深慧华工科技有限公司,90,A
成都深晖科技有限公司,90,A
成都深普科技有限公司,100,A
成都深泉科技有限公司,100,A
成都深渊科技有限公司,90,A
成都深珀数据有限公司,100,A
成都深瑞同华科技有限公司,90,A
成都深田数字科技有限公司,90,A
成都深目信息科技有限公司,90,A
成都深眸智能科技有限公司,90,A
成都深秋科技有限公司,100,A
成都深移智库科技有限公司,90,A
成都深蓝安捷交通设备有限公司,95,A
成都深蓝幻想数字科技有限公司,90,A
成都深蓝思维信息技术有限公司,100,A
成都深蓝高新技术发展有限公司,100,A
成都深驾科技有限公司,95,A
成都添益能源装备制造有限公司,95,A
成都添益能源装备制造有限公司,95,A
成都添盛钻采设备有限公司,100,A
成都添闰通讯技术有限公司,100,A
成都淼漫家五金有限公司,100,A
成都清云科技有限公司,85,B
成都清交教育科技有限公司,100,A
成都清勇诚科技有限公司,90,A
成都清华永新网络科技有限公司,100,A
成都清华高科信息技术有限公司,100,A
成都清境环境科技有限公司,100,A
成都清大华科微晶材料有限责任公司,90,A
成都清威科技有限公司,100,A
成都清数科技有限公司,100,A
成都清正公路工程试验检测有限公司,95,A
成都清水荷花生物科技有限公司,90,A
成都清河米业有限责任公司,100,A
成都清洋宝柏包装有限公司,90,A
成都清渟科技有限公司,100,A
成都清科生物科技有限公司,100,A
成都清科西南科技有限公司,100,A
成都清网威联网络技术有限公司,100,A
成都清轻信息技术有限公司,70,C
成都清风尚诚科技有限公司,80,B
成都渊数科技有限责任公司,90,A
成都渔夫科技有限公司,100,A
成都渔果科技有限公司,90,A
成都渝润信息技术有限公司,90,A
成都渝能能源设备有限公司,95,A
成都渤溢云拓科技有限公司,90,A
成都渤茂科技有限公司,100,A
成都港城电子有限公司,95,A
成都港能环保设备有限公司,100,A
成都游凝网络科技有限公司,90,A
成都游奕互动软件有限公司,90,A
成都游宇晟网络科技有限公司,90,A
成都游导导科技有限公司,90,A
成都游帆科技有限公司,90,A
成都游引力科技有限公司,90,A
成都游戏工场科技有限公司,100,A
成都游汇科技有限责任公司,95,A
成都游渠网络科技有限公司,90,A
成都游潘达网络科技有限公司,90,A
成都游熊科技有限公司,100,A
成都游特科技有限公司,75,C
成都游艺天下科技有限公司,90,A
成都游艺惊鸿科技有限公司,100,A
成都游茶科技有限公司,100,A
成都游豆科技有限公司,90,A
成都游骑兵科技有限公司,95,A
成都游魂网络科技有限公司,100,A
成都游鲸网络科技有限公司,90,A
成都湃尔智芯科技有限公司,90,A
成都湖山电子科技有限公司,100,A
成都湛晟网络科技有限责任公司,90,A
成都湛艺电子科技有限公司,90,A
成都湛蓝未来环保科技有限公司,100,A
成都湾景信息技术有限责任公司,90,A
成都源代码教育咨询有限公司,95,A
成都源任软件有限公司,100,A
成都源创公关策划有限公司,100,A
成都源创博发科技有限公司,90,A
成都源创智讯科技有限公司,90,A
成都源创视达科技有限公司,90,A
成都源动力知识产权代理有限公司,85,B
成都源壹节能技术有限公司,100,A
成都源时拓宇文化传播有限公司,100,A
成都源本创新科技有限责任公司,100,A
成都源梦思胜科技有限公司,90,A
成都源永科技发展有限公司,100,A
成都源泉生物科技有限公司,100,A
成都源洋电子科技有限公司,100,A
成都源流自动化技术有限公司,90,A
成都源润海泽医疗科技有限公司,90,A
成都源盟石油科技有限公司,100,A
成都源码数据科技有限公司,100,A
成都源禾丰创科技有限公司,95,A
成都源蓉科技有限公司,100,A
成都源见通信息技术有限公司,90,A
成都源采科技有限公司,100,A
成都源香园农业科技有限公司,95,A
成都溪汇渠科技有限公司,80,B
成都溯安科技有限公司,90,A
成都溯游科技有限责任公司,90,A
成都滕达科技有限公司,90,A
成都满帮科技有限公司,90,A
成都满弓科技有限公司,90,A
成都满惠网络科技有限公司,90,A
成都满若科技有限公司,90,A
成都满逸科技管理有限公司,70,C
成都漆彩之星环保科技有限公司,100,A
成都漫享创界科技有限公司,90,A
成都漫伦软件有限责任公司,100,A
成都漫游互动科技有限公司,75,C
成都漫熊科技有限公司,100,A
成都漫趣灵图网络科技有限公司,100,A
成都漫道青云信息技术有限公司,90,A
成都潇游科技有限公司,95,A
成都潘朵拉科技有限公司,100,A
成都潜在人工智能科技有限公司,90,A
成都潮富生物科技有限公司,90,A
成都潮我看文化传媒有限公司,100,A
成都澎湃新能源科技有限公司,90,A
成都澜视云科技有限公司,90,A
成都澳华互动科技有限公司,90,A
成都澳诺科技有限公司,90,A
成都激励微波技术有限公司,90,A
成都濯锦珠宝科技有限公司,90,A
成都濯锦科技有限公司,90,A
成都瀚宇游科技有限公司,90,A
成都瀚川环境科技有限公司,100,A
成都瀚德科技有限公司,100,A
成都瀚德胜邦光学有限公司,95,A
成都瀚智优盛文化传播有限公司,100,A
成都瀚木云科技有限公司,100,A
成都瀚楠达工程技术有限公司,90,A
成都瀚江新材科技股份有限公司,95,A
成都瀚海互通网络科技有限公司,60,D
成都瀚涛天图科技有限公司,90,A
成都瀚睿空间科技有限公司,100,A
成都瀚笙时代建筑设计有限公司,100,A
成都瀚腾触控科技有限公司,100,A
成都瀚蓝科技有限公司,100,A
成都瀚视智能技术有限公司,100,A
成都瀚辰光翼生物工程有限公司,100,A
成都瀚辰光翼科技有限责任公司,100,A
成都瀚都软件有限公司,90,A
成都瀚阅飞科技有限公司,80,B
成都灏众科技有限公司,90,A
成都灏德科技有限公司,100,A
成都火凤电艺科技有限公司,90,A
成都火山人文化传播有限公司,90,A
成都火星世纪科技有限公司,90,A
成都火星光年科技有限公司,90,A
成都火星微科科技有限公司,90,A
成都火星微讯科技有限公司,90,A
成都火星时代科技有限公司,90,A
成都火星时光科技有限公司,90,A
成都火眼金睛图像技术有限公司,90,A
成都火石创造科技有限公司,90,A
成都火荼科技有限公司,90,A
成都火蚁未来科技有限公司,80,B
成都火闪科技有限公司,90,A
成都火龙果科技有限公司,100,A
成都灯岛科技有限公司,90,A
成都灵动空间智能科技有限公司,90,A
成都灵动美惠科技有限公司,100,A
成都灵动美绘科技有限公司,100,A
成都灵匠科技有限公司,90,A
成都灵博弈图科技有限公司,90,A
成都灵尧科技有限责任公司,90,A
成都灵峰互娱科技有限公司,100,A
成都灵峰公共关系顾问有限公司,90,A
成都灵德智能装备有限公司,90,A
成都灵成科技有限公司,100,A
成都灵明智能科技有限责任公司,90,A
成都灵智尚思广告有限公司,90,A
成都灵枫科技有限公司,100,A
成都灵泽科技有限公司,90,A
成都灵洛科技有限公司,90,A
成都灵猫创意科技有限公司,100,A
成都灵睿奥创科技有限公司,90,A
成都灵素榜科技有限公司,90,A
成都灵络科技有限公司,90,A
成都灵跃云创科技有限公司,90,A
成都灵跃云创科技有限公司,90,A
成都灵魂画师科技有限公司,90,A
成都炎兴自动化技术有限公司,100,A
成都炎图工程设计有限公司,100,A
成都炎邑电力科技有限公司,90,A
成都炎龙天地网络科技有限公司,90,A
成都炎龙科技有限公司,80,B
成都炜烁科技有限责任公司,90,A
成都炜烨科技有限公司,100,A
成都炜煜环保材料有限公司,100,A
成都炫时欣科技有限公司,90,A
成都炫目科技有限公司,90,A
成都炬创科技有限公司,90,A
成都炬力创信科技有限公司,90,A
成都炬科光学科技有限公司,100,A
成都炳午科技有限公司,90,A
成都点动科技有限公司,90,A
成都点威科技有限公司,80,B
成都点帆科技有限公司,100,A
成都点悦科技有限公司,100,A
成都点汇云物联科技有限公司,90,A
成都点泽智能科技有限公司,90,A
成都点点创意文化传播有限公司,90,A
成都点点行信息科技有限公司,90,A
成都点维互动广告有限公司,90,A
成都点赞未来信息技术有限公司,90,A
成都点辰科技有限公司,90,A
成都点阵科技有限公司,100,A
成都点鹅科技有限公司,90,A
成都炼石科技有限公司,90,A
成都炽娱互动科技有限公司,90,A
成都烈殷航飞科技有限公司,90,A
成都烈火云联科技有限公司,90,A
成都烈焰熊科技有限公司,90,A
成都烈风网络科技有限公司,100,A
成都烜奕物联科技有限公司,90,A
成都烨华汽车零部件有限公司,100,A
成都烨知数字科技有限公司,90,A
成都烨软科技有限公司,95,A
成都热土科技有限公司,90,A
成都热热科技有限公司,100,A
成都烽创科技有限公司,90,A
成都烽火云网信息技术有限公司,100,A
成都烽火数字科技有限公司,100,A
成都烽火源信息技术有限公司,100,A
成都烽烟科技有限公司,90,A
成都烽顺科技有限公司,100,A
成都焊特佳科技有限公司,100,A
成都焊研威达科技股份有限公司,80,B
成都焊研科技股份有限公司,75,C
成都焊科机器人有限公司,100,A
成都焕星科技有限公司,90,A
成都焕然色彩形象设计有限公司,90,A
成都焕越科技有限责任公司,100,A
成都焦点合安物联网有限公司,100,A
成都焱之阳科技有限公司,90,A
成都焱亚信息技术有限公司,100,A
成都然新生物科技有限公司,90,A
成都煊泰医疗科技有限公司,90,A
成都煌羽科技有限公司,90,A
成都煌鸿科技有限公司,90,A
成都煜恒科技有限公司,100,A
成都煜泉绿健科技有限公司,90,A
成都煜翔机械有限公司,100,A
成都煜麟信息技术有限公司,90,A
成都煜鼎特种加工技术有限公司,100,A
成都煦联得节能科技有限公司,90,A
成都熊掌柜科技有限责任公司,90,A
成都熊谷加世电器有限公司,100,A
成都熊谷油气科技有限公司,100,A
成都熙晟医疗科技有限公司,90,A
成都熠邦鼎立专利代理有限公司,100,A
成都熵焓科技有限公司,90,A
成都燃客物联网科技有限公司,90,A
成都燎创科技有限公司,90,A
成都燎原星光电子有限责任公司,100,A
成都燕川科技有限责任公司,100,A
成都燕归来环保科技有限公司,90,A
成都燧石科技有限责任公司,90,A
成都爆米花互娱科技有限公司,95,A
成都爆米花信息技术有限公司,90,A
成都爱为贝思科技有限公司,90,A
成都爱乐达航空制造股份有限公司,95,A
成都爱众云算科技有限公司,90,A
成都爱优联科技有限公司,100,A
成都爱佳眼科技有限公司,90,A
成都爱信智能技术有限责任公司,100,A
成都爱兴生物科技有限公司,100,A
成都爱创未来企业管理咨询有限公司,90,A
成都爱力泰医疗器械有限公司,90,A
成都爱单词科技有限公司,90,A
成都爱卡卡信息科技有限公司,90,A
成都爱卿文化传媒有限公司,85,B
成都爱可依生物科技有限公司,90,A
成都爱可发再制造科技有限公司,90,A
成都爱唯信机电设备有限公司,100,A
成都爱嘿科技有限公司,90,A
成都爱奇艺天象科技服务有限公司,90,A
成都爱尚服饰有限公司,90,A
成都爱思客科技有限公司,100,A
成都爱思数联科技有限公司,90,A
成都爱思集享哈科技有限公司,90,A
成都爱找我科技有限公司,100,A
成都爱控电子科技有限公司,90,A
成都爱搜鞋信息技术有限公司,90,A
成都爱摩智行信息技术有限公司,100,A
成都爱敏特新能源技术有限公司,95,A
成都爱斯顿科技有限公司,100,A
成都爱旗科技有限公司,90,A
成都爱易佰网络科技有限公司,95,A
成都爱智游科技有限公司,100,A
成都爱栈教育科技有限公司,95,A
成都爱特优科技有限公司,90,A
成都爱特联科技有限公司,90,A
成都爱特鹏升科技有限公司,100,A
成都爱瑞斯科技有限公司,90,A
成都爱瑞无线科技有限公司,100,A
成都爱相依信息技术有限公司,75,C
成都爱眼联盟健康咨询有限公司,100,A
成都爱睿佳诚科技有限公司,100,A
成都爱睿康乐医疗器械有限公司,90,A
成都爱睿康医疗器械有限责任公司,90,A
成都爱睿康美医疗科技有限责任公司,90,A
成都爱睿智诚科技有限公司,90,A
成都爱科特科技发展有限公司,100,A
成都爱米猫科技有限公司,90,A
成都爱米瑞科技有限公司,100,A
成都爱维译科技有限公司,100,A
成都爱自提电子商务有限公司,100,A
成都爱芯大健康管理有限公司,90,A
成都爱芯科技有限公司,90,A
成都爱记科技有限公司,90,A
成都爱车保信息技术有限公司,95,A
成都爱运科技有限公司,70,C
成都爱迦飞诗特科技有限公司,90,A
成都爱迪斯科技有限公司,100,A
成都爱迪电力设备有限公司,100,A
成都爱迪电子工程有限公司,100,A
成都爱迪科信科技有限公司,100,A
成都爱迪空调制造有限公司,100,A
成都爱选择教育科技有限公司,75,C
成都爱阅读网络科技有限公司,90,A
成都爱龙科技有限公司,100,A
成都版易科技有限公司,90,A
成都牙米科技有限公司,90,A
成都牙美医疗科技有限公司,90,A
成都牙贝美塑科技有限公司,100,A
成都牛上皇科技有限公司,90,A
成都牛之之牛智能科技有限公司,90,A
成都牛德德网络科技有限公司,90,A
成都牛犇犇电子商务有限公司,90,A
成都牛途科技有限责任公司,90,A
成都牧心文化传播有限公司,80,B
成都牧景生态科技有限公司,90,A
成都牧科八维生物技术有限公司,90,A
成都牧言科技有限公司,90,A
成都牧马河稻业有限公司,90,A
成都物多多信息科技有限公司,90,A
成都物熙科技有限公司,90,A
成都物联为信通科技有限公司,90,A
成都物语工业设计有限公司,100,A
成都物链九州数字科技有限公司,90,A
成都特仪科技有限公司,90,A
成都特克自动衡器有限公司,100,A
成都特思拓信息科技有限公司,70,C
成都特思联电子科技有限公司,100,A
成都特恩凯微电子科技有限公司,90,A
成都特恩达燃气设备有限公司,100,A
成都特拉库塔科技有限公司,90,A
成都特普生物科技股份有限公司,90,A
成都特来电新能源有限公司,100,A
成都特爱海迪信息技术有限公司,90,A
成都特爱诚科技集团有限公司,90,A
成都特立欧科技有限公司,80,B
成都特维思科技有限公司,90,A
成都特锐泰雷兹电子应用科技有限公司,100,A
成都特隆美储能技术有限公司,95,A
成都犬神科技有限公司,85,B
成都犹变定科技有限公司,90,A
成都狄洛科技有限公司,90,A
成都狄霖科技有限公司,90,A
成都狠人科技有限公司,100,A
成都独具慧眼网络科技有限公司,90,A
成都狮之吼科技有限公司,100,A
成都狮瑞科技有限公司,90,A
成都猎奇者户外运动有限公司,90,A
成都猎维科技有限公司,90,A
成都猕尚李农业科技有限公司,90,A
成都猛犸网络科技有限公司,90,A
成都猫之日网络科技有限公司,90,A
成都猫里科技有限公司,100,A
成都猫阿商贸有限公司,90,A
成都猴子软件有限公司,100,A
成都玄宿科技有限公司,90,A
成都玄星网络科技有限公司,100,A
成都玄石卫讯科技有限公司,90,A
成都玉晶光电科技有限公司,100,A
成都玉龙化工有限公司,80,B
成都王者互娱网络科技有限公司,100,A
成都玖亿壕信息技术有限公司,90,A
成都玖信科技有限公司,90,A
成都玖光科技有限公司,100,A
成都玖玖信科技有限公司,90,A
成都玖粤信息技术有限公司,100,A
成都玖翼通讯科技有限公司,90,A
成都玖舜广告传媒有限公司,90,A
成都玖誉荣鑫科技有限公司,90,A
成都玖趣互娱科技有限公司,90,A
成都玖锦科技有限公司,100,A
成都玖间文化传播有限公司,100,A
成都玖隆科技有限公司,90,A
成都玛仕克科技有限公司,100,A
成都玛时特电子科技有限公司,100,A
成都玛诺动物医院有限公司,90,A
成都玛雅环保工程有限公司,100,A
成都玩之力科技有限公司,90,A
成都玩校文化娱乐有限公司,65,D
成都玩法互动科技有限公司,90,A
成都玩湃生活体育发展有限公司,100,A
成都玩湃生活体育发展有限公司,100,A
成都环中科技有限公司,100,A
成都环博软件有限公司,100,A
成都环娱互动科技有限公司,90,A
成都环宇智创科技有限公司,90,A
成都环宇热缩材料有限公司,90,A
成都环宇知了科技有限公司,100,A
成都环宇芯科技有限公司,90,A
成都环宝科技有限公司,100,A
成都环极科技有限公司,100,A
成都环泰睿诚科技有限公司,100,A
成都环洋经典展柜制造有限公司,85,B
成都环球掌娱动漫科技有限公司,90,A
成都环球物讯科技有限责任公司,100,A
成都环球运达国际货运代理有限公司,100,A
成都环能德美环保装备制造有限公司,100,A
成都环艺世家科技有限公司,90,A
成都环赛信息技术有限公司,100,A
成都环龙智能机器人有限公司,100,A
成都环龙智能系统设备有限公司,65,D
成都现代万通锚固技术有限公司,100,A
成都玻尔兹曼智贝科技有限公司,90,A
成都玻尔兹曼科技有限公司,90,A
成都珂睿科技有限公司,90,A
成都珍琅科技有限公司,100,A
成都珑微系统科技有限公司,90,A
成都珑游互动科技有限公司,90,A
成都珠峰永明科技有限公司,70,C
成都珠峰远景科技有限公司,100,A
成都琅信企业管理咨询有限公司,90,A
成都琅拓科信息科技有限公司,100,A
成都琅拓科微波设备有限公司,100,A
成都琅琊科技有限公司,100,A
成都琅瑞医疗技术股份有限公司,100,A
成都理佳尚成供应链管理有限公司,90,A
成都理工博大工程科技有限公司,100,A
成都理工智联科技有限公司,90,A
成都理工阳光能源科技有限公司,100,A
成都理想之光科技有限公司,90,A
成都理想境界科技有限公司,90,A
成都理想科技开发有限公司,100,A
成都理想空间孵化器管理有限公司,70,C
成都理邦系统工程技术有限公司,100,A
成都琉璃星空影视文化传媒有限公司,100,A
成都琢涵智能科技有限公司,90,A
成都琢美义齿技术有限公司,100,A
成都琥玥天地科技有限公司,90,A
成都琥羽网络科技有限公司,100,A
成都琨翔电子科技有限公司,100,A
成都琪丰科技有限公司,100,A
成都琳动教育咨询有限公司,90,A
成都瑞之影图文设计有限公司,90,A
成都瑞乐博电子科技有限公司,90,A
成都瑞乾德科技有限公司,90,A
成都瑞付信息科技有限公司,90,A
成都瑞众合城环境治理有限公司,90,A
成都瑞佰思科技有限公司,90,A
成都瑞光涂装有限公司,100,A
成都瑞克西工业自动化技术有限公司,90,A
成都瑞克西自动化技术有限公司,100,A
成都瑞兰斯建材有限公司,100,A
成都瑞勃电气实业有限公司,100,A
成都瑞华康源科技有限公司,90,A
成都瑞华机械制造有限责任公司,100,A
成都瑞博克医药科技有限公司,75,C
成都瑞博慧窗信息技术有限公司,100,A
成都瑞博电子科技有限公司,100,A
成都瑞变电气有限公司,100,A
成都瑞合科技有限公司,100,A
成都瑞启机电设备有限公司,100,A
成都瑞和致远包装印务有限公司,100,A
成都瑞哲思科技有限公司,90,A
成都瑞垚电子有限公司,100,A
成都瑞奇智造科技股份有限公司,95,A
成都瑞威交通科技有限公司,100,A
成都瑞宇通信设备有限公司,100,A
成都瑞安云科技股份有限公司,100,A
成都瑞安信信息安全技术有限公司,100,A
成都瑞小博科技有限公司,100,A
成都瑞尔医药科技有限公司,90,A
成都瑞尔维轨道交通技术有限公司,100,A
成都瑞帆智达科技有限公司,90,A
成都瑞康云软件有限公司,100,A
成都瑞延智能科技有限公司,90,A
成都瑞德利科技有限公司,100,A
成都瑞德星无线技术有限公司,90,A
成都瑞德琅科技有限公司,100,A
成都瑞心达科技有限公司,90,A
成都瑞忆信科技有限公司,100,A
成都瑞志峰再生资源回收有限公司,90,A
成都瑞念信商务信息咨询有限公司,100,A
成都瑞思杰智能科技有限公司,100,A
成都瑞思源教育咨询有限公司,85,B
成都瑞恩美生物科技有限公司,100,A
成都瑞戈科技有限公司,100,A
成都瑞拓科技有限责任公司,100,A
成都瑞新阳能源科技有限公司,90,A
成都瑞昌仪器制造有限公司,100,A
成都瑞普欧光电有限公司,100,A
成都瑞景软件开发有限责任公司,100,A
成都瑞智创家网络科技有限公司,100,A
成都瑞智成科技有限公司,100,A
成都瑞月科技有限公司,100,A
成都瑞杰铝业技术有限公司,100,A
成都瑞柯林工程技术有限公司,100,A
成都瑞沐生物医药科技有限公司,90,A
成都瑞沣信息科技有限公司,100,A
成都瑞波科光电有限公司,90,A
成都瑞洁思环境工程有限公司,100,A
成都瑞洛科技有限公司,90,A
成都瑞游互娱科技有限公司,90,A
成都瑞烯科技有限公司,100,A
成都瑞特恩科技有限公司,90,A
成都瑞特数字科技有限责任公司,100,A
成都瑞特森科技有限公司,100,A
成都瑞狄安科技有限公司,90,A
成都瑞琦医疗科技有限责任公司,95,A
成都瑞益科技有限责任公司,85,B
成都瑞盛高科技股份有限公司,85,B
成都瑞石软件有限公司,100,A
成都瑞祺皓迪科技有限公司,90,A
成都瑞科电气有限公司,95,A
成都瑞耐博科技有限公司,90,A
成都瑞耘环境科技有限公司,90,A
成都瑞联电气股份有限公司,100,A
成都瑞芬思德丹生物科技有限公司,90,A
成都瑞芬思生物科技有限公司,100,A
成都瑞莱杰森科技有限公司,90,A
成都瑞虎电子科技有限公司,100,A
成都瑞视医影人工智能科技有限公司,90,A
成都瑞贝英特信息技术有限公司,90,A
成都瑞赛恩智能科技有限公司,90,A
成都瑞轩实业有限公司,100,A
成都瑞达思谱生物科技有限公司,90,A
成都瑞达物联科技有限公司,100,A
成都瑞达科讯科技有限公司,100,A
成都瑞迪威科技有限公司,100,A
成都瑞迪康医疗科技有限公司,90,A
成都瑞迪智驱科技股份有限公司,100,A
成都瑞途电子有限公司,100,A
成都瑞途科技发展有限公司,100,A
成都瑞通视讯科技股份有限公司,100,A
成都瑞阳机械有限公司,100,A
成都瑞阳金属制品有限公司,100,A
成都瑞隆祥科技有限公司,100,A
成都瑞隆科技有限公司,90,A
成都瑞雪丰泰精密电子股份有限公司,100,A
成都瑞驷科技有限公司,100,A
成都瑞鸾电子科技有限公司,90,A
成都瑞鼎银信科技有限公司,90,A
成都瑶阙科技有限公司,90,A
成都瑾睿科技有限公司,100,A
成都瑾钺科技有限公司,100,A
成都瑾鸿科技有限公司,90,A
成都璞达新材料科技有限公司,100,A
成都瓜牛信息科技有限公司,90,A
成都瓦力特新能源技术有限公司,90,A
成都瓦哈啦科技有限公司,90,A
成都瓦瑞尔科技有限公司,100,A
成都瓯福安电子有限公司,100,A
成都瓴创云数字科技有限公司,90,A
成都瓴科微电子有限责任公司,90,A
成都瓶中蝉工程监理有限公司,90,A
成都甄云科技有限公司,90,A
成都甄识科技有限公司,90,A
成都甘师傅食品有限公司,100,A
成都生命之花文化传播有限公司,100,A
成都生命基线科技有限公司,100,A
成都生基赛尔生物科技有限公司,90,A
成都生源电气工程有限公司,100,A
成都生物制品研究所有限责任公司,95,A
成都生物城城市运营管理有限公司,90,A
成都生生蔓科技有限公司,90,A
成都生长线科技有限公司,90,A
成都用我在线科技发展有限公司,90,A
成都甫正企业服务有限公司,100,A
成都甫派信息科技有限公司,100,A
成都田园富硒农业科技有限公司,85,B
成都田芯智造科技有限责任公司,90,A
成都甲乙方程科技有限公司,100,A
成都申丰实业有限公司,90,A
成都申亚科技有限公司,100,A
成都申博玻璃有限公司,75,C
成都申声科技有限公司,90,A
成都申威科技有限责任公司,100,A
成都申控物联科技有限公司,100,A
成都申洲科技有限责任公司,100,A
成都申科工业设备安装有限公司,100,A
成都申越科技有限公司,100,A
成都申钰程网络科技有限公司,90,A
成都电兴科技有限责任公司,90,A
成都电眼科技有限公司,90,A
成都电科中微信息科技有限公司,90,A
成都电科信软科技有限责任公司,90,A
成都电科光研科技有限公司,90,A
成都电科因泰伦科技有限公司,90,A
成都电科国芯科技有限公司,90,A
成都电科慧安科技有限公司,90,A
成都电科新锐科技有限公司,90,A
成都电科星天科技有限公司,100,A
成都电科星拓科技有限公司,90,A
成都电科智联科技有限公司,100,A
成都电科智讯科技发展有限公司,90,A
成都电科智达科技有限公司,100,A
成都电科荷福科技研究院（有限合伙）,90,A
成都电科蓉芯科技有限公司,90,A
成都电精灵电力科技有限公司,100,A
成都电迅达科技有限公司,100,A
成都电通汽车电器有限公司,95,A
成都电锯互动科技有限公司,90,A
成都画圈圈科技有限公司,90,A
成都画意江湖科技有限公司,90,A
成都畅云锐欣数据科技有限公司,90,A
成都畅享文娱电子商务有限公司,100,A
成都畅动科技有限公司,100,A
成都畅影科技有限公司,95,A
成都畅游无限科技有限公司,100,A
成都畅越机械工程有限公司,90,A
成都畅达网通讯科技有限公司,95,A
成都畅达通检测技术股份有限公司,85,B
成都畅飞信息技术有限公司,100,A
成都番茄数智科技有限公司,85,B
成都瘾食文化传媒有限公司,100,A
成都登临科技有限公司,90,A
成都登峰宇包材科技有限公司,100,A
成都登特牙科技术开发有限公司,100,A
成都登珊丙网络科技有限公司,90,A
成都登辉科技有限公司,95,A
成都登金科技有限公司,80,B
成都登隆生物医药有限公司,90,A
成都白云互动科技有限公司,90,A
成都白屋文化传播有限公司,100,A
成都白泽智汇科技有限公司,100,A
成都白银时代科技有限公司,100,A
成都百一代理记账有限公司,90,A
成都百世慧科技有限公司,100,A
成都百丽达科技有限公司,90,A
成都百乐科技有限公司,100,A
成都百事兴科技实业有限公司,100,A
成都百事泰汽车零部件有限公司,90,A
成都百云时空科技有限公司,100,A
成都百仕盛机电设备有限公司,100,A
成都百会科技有限公司,100,A
成都百佳星科技有限公司,90,A
成都百分百文化传播有限公司,100,A
成都百利多特生物药业有限责任公司,90,A
成都百千好物电子商务有限公司,90,A
成都百千计科技有限公司,90,A
成都百叶文化传播有限公司,90,A
成都百合科技有限公司,100,A
成都百奥森斯科技有限公司,90,A
成都百威智联科技有限公司,85,B
成都百川电子有限公司,100,A
成都百州数码科技有限公司,100,A
成都百州行科技有限公司,100,A
成都百年贝雅医疗科技有限公司,90,A
成都百微电子开发有限公司,95,A
成都百德邮政专用设备制造有限公司,100,A
成都百思赛弗生物科技有限公司,90,A
成都百施特金刚石钻头有限公司,100,A
成都百泉生物医药科技有限公司,90,A
成都百润百成科技股份有限公司,95,A
成都百源机械有限公司,100,A
成都百特万合医药科技有限公司,100,A
成都百特云科技有限公司,100,A
成都百维科技有限责任公司,90,A
成都百美倚德生物科技有限公司,100,A
成都百胜野牛科技有限公司,85,B
成都百腾科技有限公司,100,A
成都百良科技有限公司,90,A
成都百草和济科技有限公司,90,A
成都百裕制药股份有限公司,80,B
成都百讯达科技有限公司,100,A
成都百象科技有限公司,85,B
成都百通文化传播有限公司,90,A
成都皆为科技有限公司,90,A
成都皇图科技有限公司,90,A
成都皓丰宜信环保科技有限公司,100,A
成都皓图智能科技有限责任公司,60,D
成都皓天创智科技有限公司,90,A
成都皓宇腾科技有限公司,100,A
成都皓宏优创信息技术有限公司,90,A
成都皓普森自控设备有限公司,100,A
成都皓瀚完井岩电科技有限公司,100,A
成都皓耘浩劢科技有限责任公司,90,A
成都皓视光芒数据科技有限公司,90,A
成都皓驰博供应链管理有限公司,90,A
成都皮克电源有限公司,100,A
成都盈响科技有限公司,90,A
成都盈客网络科技有限公司,100,A
成都盈峰科技有限公司,100,A
成都盈极科技有限公司,100,A
成都盈海益讯科技有限公司,100,A
成都盈盛源电气科技有限公司,100,A
成都盈讯通电子科技有限公司,90,A
成都盈速科技有限公司,90,A
成都盈风智创激光技术有限公司,90,A
成都益东成科技有限公司,90,A
成都益为创科技有限公司,100,A
成都益为创达科技有限公司,90,A
成都益佰企业管理有限公司,80,B
成都益佰联企业管理有限公司,90,A
成都益信科技有限公司,90,A
成都益兴琥珀装饰设计有限公司,100,A
成都益养信息技术有限公司,90,A
成都益华芯联科技有限公司,90,A
成都益发空天科技有限公司,100,A
成都益可同创科技有限公司,90,A
成都益合医疗科技有限公司,90,A
成都益善医学检验所有限公司,100,A
成都益嘉伟业科技有限公司,100,A
成都益安博生物技术有限公司,100,A
成都益康元医药科技有限公司,90,A
成都益志科技有限责任公司,100,A
成都益指科技有限公司,90,A
成都益新云信息技术有限公司,100,A
成都益晟冷医疗科技有限责任公司,90,A
成都益有美家科技有限公司,90,A
成都益格网络科技有限公司,100,A
成都益清源科技有限公司,90,A
成都益源茂信息技术有限公司,90,A
成都益盛环境工程科技有限责任公司,100,A
成都益科达生物科技有限公司,90,A
成都益英光电科技有限公司,100,A
成都益行天下信息技术有限公司,100,A
成都益讯科技有限公司,100,A
成都益隆高科电子有限公司,100,A
成都益飞禧科技有限公司,100,A
成都益鸟科技有限公司,100,A
成都盒中闪电科技有限公司,90,A
成都盖天亚科技有限公司,90,A
成都盖尔盖司生物科技有限公司,100,A
成都盖通道路设施有限公司,95,A
成都盘沣科技有限公司,100,A
成都盘涅科技有限公司,70,C
成都盛世云图信息技术有限公司,95,A
成都盛世动力文化传媒有限公司,90,A
成都盛世同耀科技有限公司,100,A
成都盛世君联生物技术有限公司,90,A
成都盛世慧通医疗科技有限公司,100,A
成都盛世普益科技有限公司,100,A
成都盛世科隆石油科技有限公司,100,A
成都盛世精维科技服务有限公司,85,B
成都盛世艺术包装有限公司,90,A
成都盛世茂林科技有限公司,90,A
成都盛丰合创能源科技有限公司,90,A
成都盛丰盈工程管理咨询有限公司,85,B
成都盛军电子设备有限公司,90,A
成都盛利达科技有限公司,90,A
成都盛华源农业科技有限公司,90,A
成都盛及航空科技发展有限公司,100,A
成都盛名汽车科技有限公司,100,A
成都盛和岛科技有限公司,90,A
成都盛帮双核科技有限公司,100,A
成都盛帮密封件股份有限公司,100,A
成都盛帮核盾新材料有限公司,100,A
成都盛康鑫科技发展有限公司,100,A
成都盛思睿信息技术有限公司,95,A
成都盛拓源科技有限公司,100,A
成都盛泰自动化工程有限公司,100,A
成都盛泽科技有限公司,100,A
成都盛特石油装备模拟技术股份有限公司,100,A
成都盛禾财务咨询有限公司,90,A
成都盛科信息技术有限公司,100,A
成都盛芯微科技有限公司,100,A
成都盛达仁科技有限公司,100,A
成都盛达强科技开发有限公司,90,A
成都盛远天成科技有限公司,90,A
成都盛迪医药有限公司,100,A
成都盛道航宇科技有限公司,90,A
成都盛锴科技有限公司,90,A
成都盟升科技有限公司,100,A
成都目然健康科技有限公司,90,A
成都目莓智能科技有限公司,90,A
成都盯潮科技有限公司,100,A
成都盯链科技有限公司,80,B
成都省心配科技有限公司,90,A
成都看悦桥科技有限公司,90,A
成都真信智能科技有限公司,100,A
成都真内控科技有限公司,90,A
成都真叶科技有限公司,100,A
成都真威尔电子有限公司,100,A
成都真实维度科技有限公司,90,A
成都真彩塑胶原料有限公司,100,A
成都真火科技有限公司,100,A
成都真相猫科技有限公司,90,A
成都真米科技有限公司,90,A
成都真视界眼镜有限公司,90,A
成都眺网者信息技术有限公司,90,A
成都眺览科技有限公司,90,A
成都睡力铺医药科技有限公司,90,A
成都睡神飞科技有限公司,100,A
成都睿乐达机器人科技有限公司,90,A
成都睿云物联科技有限公司,100,A
成都睿佑康科技有限公司,100,A
成都睿信天和科技有限公司,100,A
成都睿利精密制造有限公司,100,A
成都睿升科技有限公司,90,A
成都睿博宏科技有限公司,90,A
成都睿合医药科技有限公司,100,A
成都睿合泰信息科技有限公司,100,A
成都睿呈时代科技有限公司,90,A
成都睿和德医药科技有限公司,90,A
成都睿坤科技有限公司,100,A
成都睿宝电子科技有限公司,100,A
成都睿宥智能科技有限公司,90,A
成都睿峰科技有限公司,95,A
成都睿志辰科技有限公司,100,A
成都睿思创科技有限公司,100,A
成都睿恒科技有限公司,90,A
成都睿方洲科技有限公司,90,A
成都睿明医疗信息技术有限公司,100,A
成都睿晓科技有限公司,90,A
成都睿智化学研究有限公司,100,A
成都睿智培教健康管理有限公司,90,A
成都睿智联创科技有限公司,90,A
成都睿智融科科技有限公司,100,A
成都睿智远创信息技术有限公司,75,C
成都睿杰蕙信息科技有限公司,90,A
成都睿欣源生物科技有限责任公司,100,A
成都睿沿科技有限公司,100,A
成都睿沿芯创科技有限公司,100,A
成都睿源云启科技有限公司,90,A
成都睿琪生物科技有限公司,100,A
成都睿畜电子科技有限公司,100,A
成都睿的欧科技有限公司,100,A
成都睿瞳科技有限责任公司,90,A
成都睿码智汇科技有限公司,90,A
成都睿码科技有限责任公司,95,A
成都睿科麦科技有限公司,90,A
成都睿翼无人机科技有限公司,100,A
成都睿联未来科技有限公司,90,A
成都睿胜科技有限公司,100,A
成都睿能达机械设备有限公司,90,A
成都睿腾万通科技有限公司,100,A
成都睿芯行科技有限公司,90,A
成都睿视通图像技术有限公司,90,A
成都睿达四维科技有限公司,90,A
成都睿达恒升机电设备有限公司,100,A
成都睿远合一企业管理咨询有限公司,90,A
成都睿迪意科技有限公司,100,A
成都睿通创业科技有限公司,100,A
成都睿鑫新能源科技有限公司,90,A
成都睿铂科技有限责任公司,100,A
成都睿隆科技有限公司,90,A
成都睿鸿环保科技有限公司,90,A
成都瞬新体育文化传播有限公司,90,A
成都瞳康科技有限公司,90,A
成都矢量科技有限公司,100,A
成都知了汇智科技有限公司,100,A
成都知仁科技有限公司,100,A
成都知其生物科技有限公司,90,A
成都知原点科技有限公司,90,A
成都知品科技有限公司,90,A
成都知她科技有限公司,80,B
成都知微仪器有限公司,90,A
成都知敬文化传播有限公司,90,A
成都知数科技有限公司,100,A
成都知新数字科技有限公司,90,A
成都知易融金融科技有限公司,90,A
成都知本家科技有限公司,90,A
成都知权科技有限公司,90,A
成都知来科技有限公司,90,A
成都知至网络科技有限公司,90,A
成都知融科技有限公司,90,A
成都知行新材料技术研究有限公司,100,A
成都知行未来科技有限公司,90,A
成都知行知为科技有限公司,90,A
成都知视界信息科技有限公司,100,A
成都知解信息科技有限公司,75,C
成都知识视觉科技有限公司,90,A
成都知道创宇信息技术有限公司,95,A
成都知都云专利代理事务所（普通合伙）,90,A
成都知链技术转移有限公司,90,A
成都矩点智控技术有限公司,90,A
成都矩阵之翼科技有限公司,90,A
成都矩阵微晶生物科技有限公司,90,A
成都石创云科技有限公司,90,A
成都石墨烯应用产业技术研究院有限公司,100,A
成都石大力盾科技有限公司,100,A
成都石头城文化传播有限公司,90,A
成都石斧世纪软件有限公司,100,A
成都矽力合科技有限公司,90,A
成都矽能科技有限公司,90,A
成都矽芯科技有限公司,100,A
成都码邻蜀科技有限公司,90,A
成都砂时计信息技术有限公司,100,A
成都研成科技有限公司,65,D
成都研筑舍建筑设计有限公司,100,A
成都砺芯半导体有限责任公司,90,A
成都砺锋致远网络科技有限公司,90,A
成都砾奇能机电设备有限公司,100,A
成都硅宝新材料有限公司,100,A
成都硅宝科技股份有限公司,95,A
成都硅宝防腐科技有限责任公司,100,A
成都硅特自动化设备有限公司,100,A
成都硅行动力科技有限公司,90,A
成都硒瑞恩生物医疗科技有限公司,90,A
成都硕屋科技有限公司,100,A
成都硕智军汽企业管理咨询有限公司,90,A
成都硕氏医疗科技有限公司,100,A
成都硕特科技股份有限公司,100,A
成都硕谷农业科技有限公司,100,A
成都硕阳泰克软件有限公司,100,A
成都硬核科技有限公司,90,A
成都碣石科技有限公司,100,A
成都碧优缇科技有限公司,90,A
成都碧傲竞生物科技有限公司,90,A
成都碧奥信息技术有限公司,90,A
成都碧水水务建设工程有限公司,95,A
成都碧蓝环保工程有限公司,100,A
成都碧青环保科技有限公司,100,A
成都碳原时代科技有限公司,100,A
成都碳源新能科技有限公司,90,A
成都磁力互动科技有限公司,90,A
成都磁海电气工程有限公司,100,A
成都磁聚科技有限公司,90,A
成都磁能科技有限公司,90,A
成都磁速科技有限公司,100,A
成都磊数科技有限公司,100,A
成都磐信科技有限公司,100,A
成都磐拓谷科技有限公司,90,A
成都磐石工程勘测设计有限公司,100,A
成都磐龙机械设备有限公司,100,A
成都磨客公园咖啡有限公司,90,A
成都磨客联创孵化器管理有限公司,90,A
成都礼奇文化创意有限公司,80,B
成都社合积科技有限公司,90,A
成都祈奕扶摇科技有限公司,90,A
成都神之企业管理有限公司,100,A
成都神农管道设备有限公司,100,A
成都神州万通科技有限公司,100,A
成都神州合能科技有限公司,90,A
成都神州数码索贝科技有限公司,90,A
成都神州网络有限公司,100,A
成都神澜科技有限公司,100,A
成都神织科技有限公司,90,A
成都神诺科技有限公司,90,A
成都神鸟数据咨询有限公司,100,A
成都神鹤药业有限责任公司,90,A
成都祥兴永盛商贸有限公司,100,A
成都祥和云端节能设备集团有限公司,100,A
成都祥威瑞信科技有限公司,100,A
成都祥宇芯鑫科技有限公司,100,A
成都祥瑞尚科技有限公司,100,A
成都祥瑞福科技有限责任公司,100,A
成都祥百兴厨房设备有限公司,90,A
成都祥辉瑞云科技有限公司,100,A
成都祺源发电设备有限公司,100,A
成都祺锋科技有限公司,100,A
成都禀证科技有限责任公司,90,A
成都禄存星科技有限公司,90,A
成都禄源通科技有限公司,90,A
成都禄鼎记商务信息咨询有限公司,100,A
成都禅德太阳能电力有限公司,75,C
成都福乐文化发展有限公司,100,A
成都福仟广告有限公司,100,A
成都福倍特自动化科技有限公司,90,A
成都福兰特电子技术股份有限公司,90,A
成都福华信科技有限责任公司,100,A
成都福友泰电器设备有限公司,100,A
成都福实生物科技有限公司,90,A
成都福尔斯特医药技术有限公司,100,A
成都福庆自动化设备有限公司,90,A
成都福斯汽车电线有限公司,100,A
成都福柯斯医药技术有限公司,100,A
成都福森元光电科技有限公司,100,A
成都福沃德机械设备有限公司,100,A
成都福涞科科技有限公司,100,A
成都福源兴茂机械有限公司,85,B
成都福瑞健科技有限公司,90,A
成都福瑞康生物科技有限公司,100,A
成都福瑞空天科技有限公司,90,A
成都福瑞至脑健康科技有限公司,90,A
成都福立盟环保大数据有限公司,95,A
成都福立盟科技有限公司,100,A
成都福美医学影像诊断中心有限公司,85,B
成都福美富集基因生物科技有限公司,80,B
成都福美干细胞生物科技有限公司,85,B
成都福誉科技有限公司,100,A
成都福际生物技术有限公司,100,A
成都福马智行科技有限公司,90,A
成都禧邻贸易有限公司,90,A
成都禹华科技有限公司,90,A
成都禾斗科技有限公司,90,A
成都禾木源环保科技有限公司,100,A
成都禾木科技有限公司,90,A
成都禾正生物科技有限公司,100,A
成都禾润天成科技有限公司,90,A
成都禾润软件有限公司,100,A
成都禾苗云科技有限公司,90,A
成都禾途科技有限公司,90,A
成都禾钰科技有限公司,100,A
成都禾鱼枕石科技有限公司,90,A
成都禾鼎云创安全科技有限公司,90,A
成都秀为科技发展有限公司,100,A
成都私有云信息技术有限公司,90,A
成都秋原科技有限公司,90,A
成都秋道科技有限公司,90,A
成都种智孵化器管理有限公司,90,A
成都科一亚科技有限公司,90,A
成都科中云方科技有限公司,90,A
成都科丰芯缘科技有限公司,90,A
成都科乐金生物科技有限责任公司,90,A
成都科亿达自动化工程有限公司,100,A
成都科佑达技术开发有限公司,100,A
成都科佳信微电子有限公司,100,A
成都科信联创科技有限公司,90,A
成都科信达实业有限公司,100,A
成都科创时空科技有限公司,90,A
成都科创智远信息技术有限公司,100,A
成都科创空间科技有限公司,90,A
成都科创诺商贸有限公司,90,A
成都科利尔电子有限公司,100,A
成都科利特机械制造有限公司,100,A
成都科利隆生化有限公司,90,A
成都科力深传感技术有限公司,90,A
成都科华锦城精密机械制造有限公司,90,A
成都科卓软件有限公司,90,A
成都科博信安科技有限公司,90,A
成都科启新力科技有限公司,90,A
成都科园孵化器有限公司,90,A
成都科园软件有限公司,100,A
成都科大智通科技有限公司,90,A
成都科大胜英科技有限公司,90,A
成都科奥达光电技术有限公司,90,A
成都科威电讯设备有限公司,100,A
成都科宁达材料有限公司,100,A
成都科安雷电气有限公司,100,A
成都科宏机电有限公司,100,A
成都科宏达化学有限责任公司,90,A
成都科宏达科技有限公司,100,A
成都科宏达菁英荟企业管理有限公司,90,A
成都科宜高分子科技有限公司,100,A
成都科岭源医药技术有限公司,90,A
成都科德信息技术有限公司,90,A
成都科必特科技有限公司,100,A
成都科成创芯科技有限公司,90,A
成都科成精化科技有限公司,90,A
成都科成精化高分子材料有限公司,90,A
成都科控环境工程有限公司,100,A
成都科旭电子有限责任公司,100,A
成都科易凯通科技有限公司,90,A
成都科星电力电器有限公司,90,A
成都科星电器桥架有限公司,100,A
成都科普威信息技术有限责任公司,100,A
成都科智创维企业管理咨询有限公司,90,A
成都科木信息技术有限公司,100,A
成都科来技术转移有限公司,90,A
成都科杰高新技术发展有限公司,100,A
成都科林分析技术有限公司,100,A
成都科梦极信息科技有限公司,90,A
成都科汇模具有限公司,100,A
成都科汇誉城科技有限公司,90,A
成都科江科技有限公司,100,A
成都科洛威尔科技有限公司,90,A
成都科海数控科技有限责任公司,90,A
成都科深节能材料有限公司,100,A
成都科源瑞创科技有限公司,90,A
成都科灵智能光电科技有限公司,90,A
成都科特瑞兴科技有限公司,90,A
成都科瑞佳科技有限公司,100,A
成都科瑞信科技有限责任公司,90,A
成都科瑞哲教育科技有限公司,65,D
成都科瑞尔低温设备有限公司,95,A
成都科瑞普医疗器械有限公司,100,A
成都科瑞沃环保技术有限公司,90,A
成都科瑞特电气自动化有限公司,100,A
成都科盛兴电子商务有限公司,90,A
成都科睿埃科技有限公司,90,A
成都科睿特环保咨询服务有限公司,90,A
成都科维思科技有限公司,100,A
成都科美迪检验检测有限公司,90,A
成都科翼科技有限公司,90,A
成都科脉通信技术有限公司,85,B
成都科芯睿电子科技有限公司,90,A
成都科莫流体技术有限公司,90,A
成都科莱斯低温设备有限公司,100,A
成都科莱迪电子有限公司,100,A
成都科蓝森航空科技有限公司,95,A
成都科衡环保技术有限公司,100,A
成都科裕达科技有限公司,100,A
成都科讯云网络科技有限公司,90,A
成都科诚光电科技有限公司,90,A
成都科谱达信息技术有限公司,90,A
成都科赞科技有限公司,100,A
成都科达光电技术有限责任公司,100,A
成都科达利数字技术有限公司,100,A
成都科达环保产业技术研究院有限公司,90,A
成都科达车用零部件有限公司,100,A
成都科远宏科技有限公司,100,A
成都科连自动化工程有限公司,100,A
成都科锐传感技术有限公司,100,A
成都科锐志科技有限公司,90,A
成都科锐有色金属有限责任公司,100,A
成都科锐特汽车科技有限公司,100,A
成都科锐环境科技有限公司,100,A
成都科飞自源气动科技有限公司,100,A
成都科飞饲料科技有限公司,100,A
成都科鸿凌泰自动识别技术有限公司,100,A
成都科鸿智信科技有限公司,100,A
成都科鸿西联科技有限公司,100,A
成都科鸿达科技有限公司,90,A
成都租享优家科技有限公司,90,A
成都秦川物联网科技股份有限公司,100,A
成都积慧科技有限公司,100,A
成都积步科技有限公司,100,A
成都积盛电子科技有限公司,100,A
成都积络科技有限公司,100,A
成都移信通科技有限公司,100,A
成都移联创科技股份有限公司,100,A
成都移芯科技有限公司,100,A
成都程德化工科技有限责任公司,100,A
成都程翔通信工程有限公司,100,A
成都程航航空科技有限公司,90,A
成都程阳科技有限公司,90,A
成都税业邦科技有限公司,90,A
成都稞坤科技有限公司,90,A
成都稳正科技有限公司,100,A
成都稳海半导体有限公司,90,A
成都稷耘农业发展有限公司,90,A
成都稻米互动科技有限公司,90,A
成都稼轩科技有限公司,90,A
成都空保反无人机技术服务有限公司,90,A
成都空天网信科技有限公司,100,A
成都空御科技有限公司,100,A
成都空月互动科技有限公司,90,A
成都空网智联科技有限公司,90,A
成都空间矩阵科技有限公司,90,A
成都穿山云甲科技有限公司,90,A
成都立元智能交通技术有限公司,100,A
成都立创亿联科技有限公司,90,A
成都立创模具有限公司,100,A
成都立卓科技有限公司,95,A
成都立威云科技有限公司,100,A
成都立威斯科技有限公司,90,A
成都立尔科技有限公司,90,A
成都立德赛科技有限公司,100,A
成都立思文化传播有限公司,100,A
成都立思方信息技术有限公司,100,A
成都立扬信息技术有限公司,100,A
成都立昊智能科技有限公司,100,A
成都立海同创智能科技有限公司,90,A
成都立润源科技有限公司,90,A
成都立煌科技有限公司,90,A
成都立网科技有限公司,90,A
成都立腾自动化焊接设备有限公司,85,B
成都立航科技股份有限公司,100,A
成都立航科技股份有限公司,100,A
成都立航科技股份有限公司,100,A
成都立鑫新技术科技有限公司,95,A
成都竞技未来网络技术有限公司,90,A
成都竟诚电子科技有限公司,100,A
成都章鱼侠科技股份有限公司,100,A
成都章鱼侠科技股份有限公司,100,A
成都章鱼侠科技股份有限公司,100,A
成都童伙信息技术有限公司,85,B
成都童伴网络科技有限公司,90,A
成都童蒙众创科技有限公司,90,A
成都童蒙智慧教育科技有限公司,85,B
成都端丽医学科技有限公司,90,A
成都竹南科技有限公司,90,A
成都竹码科技有限公司,100,A
成都笃诚信息技术有限公司,90,A
成都笔尖触动科技有限公司,90,A
成都笛酷科技有限责任公司,75,C
成都笠方装饰设计有限公司,90,A
成都第一制药有限公司,100,A
成都第三象限未来科技有限公司,90,A
成都第九色科技有限公司,90,A
成都第二梦科技有限公司,100,A
成都第二记忆科技有限公司,90,A
成都第二课堂科技有限公司,90,A
成都等待花开网络科技有限公司,90,A
成都等蜂来蜂业有限公司,100,A
成都筑丰立实科技有限责任公司,90,A
成都筑梦空间文化传媒有限公司,90,A
成都筑猎科技有限公司,100,A
成都筑联工程咨询有限公司,100,A
成都筑蜂巢科技有限公司,90,A
成都筑证网络科技有限公司,90,A
成都筑邦科技有限公司,100,A
成都筑采科技有限公司,90,A
成都策创科技有限公司,100,A
成都筝语教育科技有限公司,90,A
成都简乐互动仙尘科技有限公司,90,A
成都简乐互动环娱科技有限公司,100,A
成都简乐互动科技有限公司,100,A
成都简乐互动远景科技有限公司,100,A
成都简则医药技术有限公司,90,A
成都简钜科技有限公司,100,A
成都简钜科技有限公司,100,A
成都简韵动漫有限公司,90,A
成都简鱼科技有限公司,90,A
成都算盘点创科技有限公司,90,A
成都管家婆云科技有限公司,100,A
成都米乐高图像科技有限公司,100,A
成都米井文化传媒有限公司,100,A
成都米众云联科技服务有限公司,90,A
成都米兰世家家具有限公司,90,A
成都米分网络科技有限公司,100,A
成都米加科技有限公司,90,A
成都米大科技有限公司,95,A
成都米存科技有限公司,90,A
成都米戈思医疗技术有限公司,90,A
成都米拓联创科技有限公司,100,A
成都米摩科技有限公司,90,A
成都米斯科易科技有限公司,90,A
成都米有网络科技有限公司,90,A
成都米柚电子商务有限公司,90,A
成都米柯精密机械有限公司,100,A
成都米珈科技有限公司,100,A
成都米米克微电子科技有限公司,100,A
成都米纳之星信息技术有限公司,100,A
成都米花棠科技有限公司,90,A
成都米顶科技有限公司,100,A
成都类地星科技有限公司,90,A
成都粉宝科技有限公司,100,A
成都粉果粉果科技有限公司,90,A
成都粉红毛兔兔科技有限公司,90,A
成都粒子波动网络科技有限公司,90,A
成都粟海饲料有限公司,100,A
成都粤嵌信息科技有限公司,90,A
成都精位科技有限公司,100,A
成都精准云科技有限公司,90,A
成都精准医学检验实验室有限公司,65,D
成都精准混凝土有限公司,95,A
成都精凯机械设备有限公司,90,A
成都精创航空技术有限公司,100,A
成都精华纸业有限公司,95,A
成都精图无限信息技术有限公司,100,A
成都精图汇智科技有限公司,100,A
成都精奥基模具制造有限公司,100,A
成都精实自动化有限公司,100,A
成都精密电机有限公司,100,A
成都精导科技有限公司,90,A
成都精工华耀科技有限公司,90,A
成都精工华耀科技有限公司,90,A
成都精工科技有限公司,100,A
成都精彩宏途科技信息有限公司,55,E
成都精微智城软件有限公司,100,A
成都精思仪器有限公司,100,A
成都精成信息技术服务有限公司,90,A
成都精抖云信息技术有限公司,90,A
成都精新粉体测试设备有限公司,100,A
成都精机自动化技术有限公司,100,A
成都精正检测技术有限公司,90,A
成都精沛科技有限公司,80,B
成都精济药业有限公司,85,B
成都精湛科技有限公司,100,A
成都精灵云科技有限公司,100,A
成都精瑞祥科技有限公司,100,A
成都精益技术检测服务有限公司,90,A
成都精益智能科技有限公司,95,A
成都精益智航电子科技有限公司,90,A
成都精石智控无人机科技有限公司,90,A
成都精石科技发展有限公司,95,A
成都精稳信息技术有限公司,90,A
成都精翔科技有限公司,90,A
成都精致化诚生物科技有限公司,100,A
成都精航伟泰科技有限公司,90,A
成都精艺美门窗有限公司,90,A
成都精英设计制作有限公司,90,A
成都精西药业有限责任公司,100,A
成都精视华耀科技有限公司,90,A
成都精诚不二科技有限公司,90,A
成都精诚不二财务咨询有限公司,90,A
成都精诚以诺科技股份有限公司,85,B
成都精诚睿软件有限责任公司,100,A
成都精诚空间文化创意有限公司,100,A
成都精诚绿洲网络科技有限公司,90,A
成都精进仕电子产品有限公司,100,A
成都精进印章有限公司,80,B
成都精钟满机械设备制造有限公司,90,A
成都精铖电子设备制造有限公司,100,A
成都精锐智诚科技有限公司,90,A
成都精锐环科技有限公司,100,A
成都精集通信技术有限公司,100,A
成都素寺图科技有限公司,90,A
成都索利达尔科技有限公司,90,A
成都索客科技有限公司,85,B
成都索小依科技有限公司,50,E
成都索尔恩科技有限公司,90,A
成都索开博信息技术有限公司,90,A
成都索弗特软件有限公司,90,A
成都索思科得科技有限公司,100,A
成都索思科德网络科技有限公司,90,A
成都索贝健康科技有限公司,90,A
成都索贝数码科技股份有限公司,100,A
成都索贝视频云计算有限公司,100,A
成都索邦信息技术有限公司,100,A
成都紫云砂科技有限公司,90,A
成都紫光源电子科技有限公司,100,A
成都紫光电气设备有限公司,100,A
成都紫峰光电有限公司,90,A
成都紫微芯源科技有限公司,90,A
成都紫恒机电设备有限公司,100,A
成都紫极伟业科技股份有限公司,100,A
成都紫极元启科技有限公司,90,A
成都紫汇科技有限公司,90,A
成都紫源科技有限公司,100,A
成都紫瑞青云航空宇航技术有限公司,100,A
成都紫苑华光新材料科技有限公司,90,A
成都紫金之石装饰工程有限公司,90,A
成都繁星律动科技有限公司,90,A
成都繁树文化传媒有限公司,90,A
成都红业档案管理服务有限公司,100,A
成都红云鼎科技有限公司,100,A
成都红伞信通科技有限公司,90,A
成都红光通风空调配件有限公司,100,A
成都红剑科技有限公司,100,A
成都红山瑞达科技有限公司,90,A
成都红帆船信息科技有限公司,100,A
成都红户里科技有限公司,90,A
成都红投科技有限公司,90,A
成都红掌网络科技有限公司,90,A
成都红旗油脂有限公司,95,A
成都红果果科技有限公司,80,B
成都红枫叶科技有限公司,100,A
成都红河源办公家具有限公司,100,A
成都红泰塑胶管业有限公司,95,A
成都红生工华科技发展有限公司,75,C
成都红睿金容科技有限公司,90,A
成都红色剪刀科技有限公司,100,A
成都红芯源电子科技有限公司,65,D
成都红虹绘文化传播有限公司,90,A
成都红驱科技有限公司,90,A
成都红鼎云签科技有限公司,90,A
成都纤声科技有限公司,90,A
成都纤尘洁环保科技有限公司,90,A
成都约克仪器仪表有限公司,100,A
成都约等于科技有限公司,90,A
成都纬创立科技有限公司,90,A
成都纬特思达信息技术有限公司,90,A
成都纬航科技有限公司,90,A
成都纬视科技有限公司,100,A
成都纯味嘉食品有限责任公司,90,A
成都纯美如昔生物科技有限公司,90,A
成都纳宝科技有限公司,100,A
成都纳尔美环境能源技术有限公司,90,A
成都纳川微电子科技有限公司,90,A
成都纳微金生物技术有限公司,90,A
成都纳智未来科技有限公司,90,A
成都纳智聚科技有限公司,90,A
成都纳比微特检测技术服务有限公司,100,A
成都纳比生物科技有限公司,95,A
成都纳海川环境工程有限公司,90,A
成都纳海川科技有限公司,90,A
成都纳特洁科技有限公司,90,A
成都纳诩照明科技有限公司,100,A
成都纳雷科技有限公司,90,A
成都纵智诚软件科技有限公司,90,A
成都纵横三合科技有限公司,100,A
成都纵横交通工程有限公司,100,A
成都纵横创合科技有限公司,90,A
成都纵横双创企业管理咨询有限公司,90,A
成都纵横大鹏无人机科技有限公司,100,A
成都纵横智控科技有限公司,100,A
成都纵横格子科技有限公司,85,B
成都纵横环宇科技有限公司,100,A
成都纵横科宇自动化技术有限公司,90,A
成都纵横自动化技术股份有限公司,100,A
成都纵横融合科技有限公司,100,A
成都纵横通达信息工程有限公司,100,A
成都纵立软件技术有限公司,100,A
成都纵远机械设备有限公司,95,A
成都纷极科技有限公司,85,B
成都纽凯尔斯家具有限公司,100,A
成都纽创医疗器械有限公司,90,A
成都纽曼和瑞微波技术有限公司,100,A
成都纽泰科技有限公司,90,A
成都纽派包装科技有限公司,80,B
成都纽涞科技有限公司,90,A
成都纽瑞特医疗科技股份有限公司,100,A
成都纽瑞特医疗科技股份有限公司,100,A
成都纽脉生物科技有限公司,90,A
成都纽辰科技有限公司,90,A
成都绅德科技有限公司,90,A
成都细采优科技有限公司,90,A
成都织云科技有限公司,90,A
成都织言文化传播有限公司,100,A
成都织锦孵化器管理有限公司,90,A
成都终身成长科技有限公司,100,A
成都绎码科技有限公司,90,A
成都经事文化有限公司,90,A
成都经典明胶有限公司,100,A
成都经典海读教育科技有限公司,100,A
成都经开地理信息勘测设计院有限公司,100,A
成都经纬云图科技有限公司,100,A
成都经纬华成科技有限公司,90,A
成都经纬快图科技有限公司,90,A
成都经纬时空科技有限公司,100,A
成都经纬机械制造有限公司,100,A
成都经纬科技仪器有限公司,100,A
成都经纬达空间信息技术有限公司,90,A
成都经纶风图书有限公司,75,C
成都绘古科技有限公司,90,A
成都绘景志成软件科技有限公司,90,A
成都络世测量技术有限公司,100,A
成都络舒互动科技有限公司,90,A
成都继存科技有限公司,90,A
成都继瑜轨道装备有限公司,80,B
成都维京互动科技有限责任公司,90,A
成都维优高分子材料有限公司,90,A
成都维信电子科大新技术有限公司,100,A
成都维克森林教育科技有限公司,90,A
成都维可儿教育咨询有限公司,85,B
成都维客昕微电子有限公司,100,A
成都维尔度科技有限公司,90,A
成都维度元信息科技有限公司,90,A
成都维度视野科技有限公司,90,A
成都维德医疗器械有限责任公司,100,A
成都维德青云电子有限公司,90,A
成都维思芯科电子科技有限公司,100,A
成都维怿科技有限公司,90,A
成都维恒医药科技有限公司,90,A
成都维星科技有限公司,90,A
成都维森凯睿信息技术有限公司,100,A
成都维森诺科技有限公司,100,A
成都维正知识产权代理有限公司,90,A
成都维沃斯科技有限公司,100,A
成都维泰数智科技有限公司,90,A
成都维泰油气能源技术有限公司,100,A
成都维海德科技有限公司,100,A
成都维特微凡动物医药技术有限公司,90,A
成都维特恒讯科技有限公司,90,A
成都维特联科技有限公司,100,A
成都维瑾柏鳌生物医药科技有限公司,90,A
成都维立方科技有限公司,90,A
成都维纳软件股份有限公司,100,A
成都维纳软件股份有限公司,100,A
成都维联力量科技有限公司,100,A
成都维诺信科技有限公司,100,A
成都维谷科技有限公司,100,A
成都维辙科技有限公司,90,A
成都维远艾珏信息技术有限公司,85,B
成都维途睿境教育科技有限公司,80,B
成都维铭科技有限公司,90,A
成都维锐泰达能源技术有限公司,90,A
成都维齐信科技有限公司,90,A
成都绵远粘胶制品有限公司,100,A
成都绽稻科技有限公司,90,A
成都绿之兰网络科技有限公司,90,A
成都绿信诺生物科技有限公司,90,A
成都绿巢设计顾问有限公司,90,A
成都绿建科技有限公司,90,A
成都绿建通工程咨询有限公司,90,A
成都绿思源环保工程有限责任公司,100,A
成都绿林科技有限公司,100,A
成都绿洁源环保科技有限公司,90,A
成都绿源美嘉科技有限公司,80,B
成都绿源行农产品有限公司,100,A
成都绿聚人科技有限公司,90,A
成都绿野起点科技有限公司,90,A
成都绿金生物科技有限责任公司,100,A
成都缘非文化传播有限公司,90,A
成都缤纷魔方科技有限公司,100,A
成都网一数字科技有限公司,90,A
成都网丁科技有限公司,100,A
成都网传文化传播有限公司,100,A
成都网信天成科技有限公司,100,A
成都网信恒安科技有限公司,90,A
成都网动光电子技术股份有限公司,100,A
成都网域复兴科技有限公司,90,A
成都网域探行科技有限公司,100,A
成都网威信息技术有限公司,100,A
成都网安科技发展有限公司,100,A
成都网快科技有限公司,100,A
成都网思科平科技有限公司,100,A
成都网感科技有限公司,95,A
成都网科巨力时代科技有限公司,100,A
成都网索科技有限公司,100,A
成都网翼科技有限公司,100,A
成都网联达通信技术有限公司,100,A
成都网聚云宿科技有限公司,100,A
成都网讯优速信息技术有限公司,100,A
成都网讯新材料技术有限公司,95,A
成都网阔信息技术股份有限公司,100,A
成都网飞科技有限公司,90,A
成都罗塔数字科技有限公司,75,C
成都罗宁生物科技有限公司,90,A
成都罗思卡科技有限公司,90,A
成都罗曼智慧城市科技有限责任公司,90,A
成都署信科技有限公司,100,A
成都羊群科技有限公司,90,A
成都美中美涂料有限公司,100,A
成都美云智享智能科技有限公司,90,A
成都美佑医疗科技有限公司,90,A
成都美克曼尼科技有限公司,90,A
成都美创医疗科技股份有限公司,90,A
成都美华优健科技有限责任公司,90,A
成都美噢网络科技有限公司,90,A
成都美团软件技术有限公司,90,A
成都美域高制药有限公司,100,A
成都美奢锐新材料有限公司,95,A
成都美如画科技有限公司,90,A
成都美学时代科技有限公司,100,A
成都美富特环保产业股份有限公司,95,A
成都美富特环保产业股份有限公司,95,A
成都美富特膜环保科技有限公司,100,A
成都美富通科技有限公司,100,A
成都美尔贝科技股份有限公司,100,A
成都美律科技有限公司,90,A
成都美思电子科技有限公司,90,A
成都美悦声乐器有限公司,90,A
成都美慧云科技有限公司,90,A
成都美摩瑞科技有限公司,90,A
成都美数科技有限公司,100,A
成都美斯达环保科技有限公司,90,A
成都美晨互动科技有限公司,90,A
成都美杰赛尔生物科技有限公司,90,A
成都美森博致生物科技有限公司,90,A
成都美森威尔冷冻设备有限公司,100,A
成都美洽网络科技有限公司,100,A
成都美派建筑装饰工程有限公司,90,A
成都美源网络科技有限公司,75,C
成都美溢德生物技术有限公司,100,A
成都美灵美云影视文化传播有限公司,90,A
成都美特智控科技有限公司,90,A
成都美益达医疗科技有限公司,100,A
成都美睿科生物科技有限公司,90,A
成都美科光电仪器有限公司,100,A
成都美网门窗有限公司,100,A
成都美美与共科技有限公司,90,A
成都美美臣科技有限公司,95,A
成都美美通信技术有限公司,100,A
成都美联利华电气有限公司,90,A
成都美至简网络科技有限公司,90,A
成都美芯智能科技有限公司,90,A
成都美菜团科技有限公司,90,A
成都美谷映象科技有限公司,90,A
成都美达威科技有限公司,100,A
成都美迅检测设备有限公司,100,A
成都美透科技有限公司,80,B
成都美鑫塑胶制品有限公司,100,A
成都美锦成套设备有限公司,100,A
成都群星工程建设监理咨询有限公司,85,B
成都群智微纳科技有限公司,90,A
成都群英创能光电科技有限公司,90,A
成都群锐精密模具有限公司,100,A
成都羽兰赢光生物科技有限公司,90,A
成都羽锋锐扬科技有限公司,90,A
成都翊之翼科技有限公司,90,A
成都翊品昂扬科技有限公司,90,A
成都翊宝科技有限公司,90,A
成都翊戴商贸有限公司,90,A
成都翊昂科技有限公司,90,A
成都翊辉能源科技有限公司,100,A
成都翌创微电子有限公司,90,A
成都翌擎智能科技有限公司,100,A
成都翌擎智能科技有限公司,100,A
成都翌达环境保护检测有限公司,100,A
成都翎遥科技有限公司,90,A
成都翎阳科技有限公司,90,A
成都翔升科技股份有限公司,100,A
成都翔成建筑工程劳务有限公司,90,A
成都翔木鹏特科技有限公司,90,A
成都翔蜜源科技有限公司,90,A
成都翔鑫科技有限公司,90,A
成都翕元量化科技有限公司,90,A
成都翡铭科技有限公司,90,A
成都翰东科技有限公司,100,A
成都翰云软件有限公司,90,A
成都翰培教育咨询有限公司,90,A
成都翰强科技有限公司,100,A
成都翰思翻译服务有限公司,90,A
成都翰桐科技有限公司,90,A
成都翰瑞威自动化测控设备有限责任公司,100,A
成都翱领信息技术有限公司,100,A
成都翼剑企业管理咨询有限公司,90,A
成都翼承科技有限公司,80,B
成都翼捷云佳通讯设备有限公司,100,A
成都翼梦互动科技有限公司,90,A
成都翼比特自动化设备有限公司,100,A
成都翼泰生物科技有限公司,90,A
成都翼游互娱科技有限公司,100,A
成都翼玩科技有限公司,90,A
成都翼联科技有限公司,100,A
成都翼胜科技有限责任公司,100,A
成都翼胜精益科技有限公司,100,A
成都翼若云天科技有限公司,90,A
成都翼虎三泰金融服务有限公司,100,A
成都翼诚电子有限公司,100,A
成都翼遥科技有限责任公司,90,A
成都翼高九天科技有限公司,85,B
成都耀塔科技有限公司,90,A
成都耀娱文化传播有限公司,90,A
成都耀涛电子科技有限公司,90,A
成都耀田环保科技有限公司,100,A
成都耀逸科技有限公司,90,A
成都耀邦科技有限责任公司,100,A
成都耀顺网络科技有限公司,100,A
成都老任婆服装有限公司,90,A
成都老农王农业开发有限公司,90,A
成都老垦科技有限公司,90,A
成都老鹰信息技术有限公司,100,A
成都考拉悠然科技有限公司,100,A
成都考拉立为智能科技有限公司,90,A
成都考斯特车桥制造有限责任公司,95,A
成都耍流量网络科技有限公司,100,A
成都耐斯特科技有限公司,95,A
成都耐氪斯特数字技术有限公司,90,A
成都耐特恩科技有限公司,90,A
成都耐视特科技有限公司,90,A
成都耘一科技有限公司,90,A
成都耶华科技有限公司,100,A
成都聆海睦云科技有限公司,90,A
成都职升树科技有限公司,90,A
成都职工电子商务有限公司,90,A
成都职工科技有限公司,90,A
成都职无忧科技有限公司,90,A
成都联为机器人有限公司,65,D
成都联久能源技术有限公司,100,A
成都联凯互动科技有限公司,90,A
成都联创众娱文化发展有限公司,90,A
成都联创优科科技有限公司,75,C
成都联创天诚信息科技有限公司,100,A
成都联创恒兴软件有限公司,85,B
成都联创精密机械有限公司,100,A
成都联助科技有限责任公司,100,A
成都联升自动化设备有限公司,100,A
成都联图科技有限责任公司,100,A
成都联士科技有限公司,75,C
成都联宇创新科技股份有限公司,100,A
成都联客信息技术有限公司,100,A
成都联屹科技有限公司,90,A
成都联帮医疗科技股份有限公司,100,A
成都联帮微波通信工程有限公司,100,A
成都联成科大信息技术有限责任公司,100,A
成都联星技术股份有限公司,100,A
成都联森通讯设备有限公司,100,A
成都联江科技有限公司,90,A
成都联科航空技术有限公司,90,A
成都联纵智界文化传播股份有限公司,90,A
成都联翔新材料有限公司,100,A
成都联腾动力控制技术有限公司,65,D
成都联萌科技有限公司,100,A
成都联虹钼业有限公司,100,A
成都联讯汇鑫通信技术服务有限公司,90,A
成都联课教育科技有限公司,100,A
成都联赢智旅网络科技有限公司,90,A
成都联趣科技有限公司,100,A
成都联雄汽车零部件制造有限公司,100,A
成都聚一视讯科技有限公司,90,A
成都聚仓农业科技有限公司,100,A
成都聚元信息技术有限公司,80,B
成都聚创新易智能科技有限公司,90,A
成都聚创盈动科技有限公司,90,A
成都聚利中宇科技有限公司,90,A
成都聚力热熔胶厂,100,A
成都聚卓生物科技有限公司,100,A
成都聚卡惠信息技术有限公司,100,A
成都聚友趣科技有限公司,90,A
成都聚合智创科技有限公司,90,A
成都聚和致远网络科技有限公司,100,A
成都聚实节能科技有限公司,90,A
成都聚屹科技有限责任公司,90,A
成都聚思成科技有限公司,90,A
成都聚成包装材料有限公司,100,A
成都聚拓信息技术有限公司,100,A
成都聚族科技有限公司,90,A
成都聚杰文化传媒有限公司,90,A
成都聚梦天下科技有限公司,100,A
成都聚梦科技有限公司,100,A
成都聚深科技有限责任公司,90,A
成都聚游卓越科技有限公司,100,A
成都聚源之欣科技有限公司,90,A
成都聚源天成信息技术有限公司,100,A
成都聚焦眼底医疗科技有限公司,100,A
成都聚科精密机电有限公司,100,A
成都聚缘阁科技有限公司,90,A
成都聚群力科技有限公司,100,A
成都聚芯光科通信设备有限责任公司,100,A
成都聚芯明远科技有限公司,90,A
成都聚蜂网络科技有限公司,90,A
成都聚象瑶光科技有限公司,90,A
成都聚辉源科技有限公司,90,A
成都聚量数说科技有限公司,90,A
成都聚马飞腾网络科技有限公司,40,E
成都聚鸿兴科技有限公司,90,A
成都聚龄云仓信息技术有限公司,90,A
成都聪慧物联网技术有限公司,65,D
成都肆陆捌网络科技有限公司,100,A
成都肥猫互动科技有限公司,90,A
成都肯保捷旭阳新能源电器有限公司,100,A
成都肯保捷电子有限公司,100,A
成都肯保捷芯辰传感器有限公司,100,A
成都肯定科技有限公司,90,A
成都肯定科技有限公司,90,A
成都肯百特电子科技有限公司,85,B
成都育碧电脑软件有限公司,100,A
成都胖达百科教育科技有限公司,90,A
成都胜强伟业科技有限公司,100,A
成都胜德航科技有限公司,100,A
成都胜澜创新科技有限责任公司,90,A
成都胜相科技有限公司,90,A
成都胜达玻璃有限责任公司,95,A
成都胜达百川科技有限公司,90,A
成都胡特电子科技有限公司,100,A
成都能峰电气有限公司,100,A
成都能康健食品有限公司,80,B
成都能拇信息技术有限公司,90,A
成都能拓科技有限公司,90,A
成都能斯特新材料科技有限公司,90,A
成都能盾电子科技有限公司,100,A
成都能达万方通讯设备有限公司,100,A
成都能通科技股份有限公司,100,A
成都脉微科技有限公司,90,A
成都脉衡网络科技有限公司,90,A
成都脉讯科技有限公司,100,A
成都脉闼钛铂科技有限公司,90,A
成都脸世界科技有限公司,90,A
成都腾云无人机科技有限公司,100,A
成都腾博科技有限公司,100,A
成都腾帆计算机科技有限公司,100,A
成都腾惠工程设计有限公司,100,A
成都腾木科技有限公司,100,A
成都腾百里科技有限公司,90,A
成都腾诺科技有限公司,100,A
成都腾达模具有限公司,100,A
成都腾飞精密机械有限公司,90,A
成都腾飞精密模具有限公司,100,A
成都腾龙世纪科技有限公司,90,A
成都自然域科技有限公司,90,A
成都自然正家网络科技有限公司,90,A
成都自由行科技有限公司,100,A
成都自立生科技有限公司,90,A
成都自豪药业有限公司,100,A
成都至成蓉奥生物科技有限公司,90,A
成都致一电气有限公司,100,A
成都致上联品科技有限公司,90,A
成都致云科技有限公司,100,A
成都致信行物业管理服务有限公司,90,A
成都致冠科技有限公司,100,A
成都致力微波科技有限公司,100,A
成都致学教育科技有限公司,100,A
成都致微希米科技有限公司,90,A
成都致样互动科技有限公司,90,A
成都致清环保科技有限公司,90,A
成都致澜景观设计有限公司,100,A
成都致用物联网技术有限公司,100,A
成都致知堂教育咨询有限公司,90,A
成都致研新能电子科技有限公司,100,A
成都致精数码科技有限公司,100,A
成都致耀医药科技有限公司,100,A
成都致迅科技有限公司,100,A
成都致远方达科技有限公司,100,A
成都致靖维农农业机械有限公司,90,A
成都致靖超云科技有限公司,100,A
成都臻味贝瑞生态农业开发有限公司,90,A
成都臻品智造家具有限公司,90,A
成都臻学培优文化科技有限公司,90,A
成都臻拓医药科技有限公司,90,A
成都臻智洁科技有限公司,90,A
成都臻植生物科技有限公司,100,A
成都臻言科技有限公司,90,A
成都臻识科技发展有限公司,100,A
成都臻骋航空科技有限公司,100,A
成都臻鼎科技有限公司,90,A
成都舍中数字科技有限公司,90,A
成都舍得软件开发有限公司,90,A
成都舍文科技有限公司,90,A
成都舒乐科技发展有限公司,95,A
成都舒也科技有限公司,90,A
成都舒创科技有限公司,90,A
成都舒培尔软件技术有限公司,100,A
成都舒尔阴医药科技有限责任公司,90,A
成都舒柏奇科技有限责任公司,90,A
成都舟宇泽成科技有限公司,90,A
成都航信联创科技有限公司,90,A
成都航兴置业有限公司,90,A
成都航创启辰信息技术有限公司,100,A
成都航创科为科技有限公司,90,A
成都航利电气有限公司,95,A
成都航利科技集团有限责任公司,100,A
成都航利航空工程职业教育有限公司,100,A
成都航利航空科技有限责任公司,100,A
成都航利装备科技有限公司,100,A
成都航利阀门成套设备有限公司,85,B
成都航博新能科技有限公司,90,A
成都航发机器人有限公司,100,A
成都航发液压工程有限公司,95,A
成都航域卓越电子技术有限公司,100,A
成都航基科技有限公司,100,A
成都航大新材料有限公司,100,A
成都航天万欣科技有限公司,100,A
成都航天中兴机械有限责任公司,100,A
成都航天凯特机电科技有限公司,100,A
成都航天华晨科技有限公司,100,A
成都航天华涛汽车塑料饰件有限公司,90,A
成都航天华涛汽车塑料饰件有限公司,90,A
成都航天明江科技实业有限公司,100,A
成都航天模塑有限责任公司,100,A
成都航天烽火精密机电有限公司,100,A
成都航天科工大数据研究院有限公司,100,A
成都航天精诚科技有限公司,100,A
成都航天精鼎科技有限公司,100,A
成都航天通信设备有限责任公司,100,A
成都航天通宇通信技术有限公司,90,A
成都航天龙宇质检技术有限公司,90,A
成都航威精密刃具有限公司,100,A
成都航宇智芯电子科技有限公司,90,A
成都航宇超合金技术有限公司,100,A
成都航幻科技有限公司,100,A
成都航广科技有限责任公司,100,A
成都航引科技有限公司,90,A
成都航拓航空科技有限公司,85,B
成都航新航空装备科技有限公司,90,A
成都航明讯科技有限公司,100,A
成都航欣万盛科技有限公司,100,A
成都航电智研科技有限责任公司,100,A
成都航盛智行科技有限公司,90,A
成都航睿科精密机械有限公司,100,A
成都航维智芯科技有限公司,90,A
成都航脉科技有限公司,100,A
成都航行机械制造有限公司,95,A
成都航视自动化技术有限公司,100,A
成都航谐弱电工程有限公司,100,A
成都航辉科技有限公司,100,A
成都航飞航空机械设备制造有限公司,100,A
成都良和信科技有限公司,80,B
成都良坤科技有限公司,90,A
成都良月映橙文化传播有限公司,90,A
成都良机制冷设备有限公司,100,A
成都色诺芬信息技术有限责任公司,90,A
成都艺为文化传播有限公司,60,D
成都艺客时代科技有限公司,90,A
成都艺展财务咨询有限公司,90,A
成都艺数未来科技有限公司,90,A
成都艺游互娱网络科技有限公司,90,A
成都艺点创意科技有限责任公司,90,A
成都艺索科技有限公司,100,A
成都艺菲网络科技有限公司,90,A
成都艺馨达科技有限公司,100,A
成都艾上办公科技有限公司,90,A
成都艾之尚科技有限公司,90,A
成都艾亿洋机电有限公司,90,A
成都艾伊巴科技有限公司,90,A
成都艾伟孚生物科技有限公司,90,A
成都艾伦航空科技有限公司,100,A
成都艾体验科技有限公司,100,A
成都艾佩斯电子有限公司,95,A
成都艾克斯莱康通信技术有限公司,90,A
成都艾养阳医学技术研究中心（有限合伙）,90,A
成都艾创科技有限公司,100,A
成都艾利斯广告有限公司,90,A
成都艾力绅精工科技有限公司,90,A
成都艾勃科技有限公司,90,A
成都艾博智机器人技术有限公司,90,A
成都艾博美科技有限公司,90,A
成都艾名迈德医学检验实验室有限公司,90,A
成都艾塔科技有限公司,90,A
成都艾奇普科技有限公司,70,C
成都艾姆比森科技有限公司,100,A
成都艾宇光电技术有限公司,100,A
成都艾尔一线网络科技有限公司,90,A
成都艾尔伯特科技有限责任公司,85,B
成都艾尔巴特信息工程有限公司,90,A
成都艾尔帕思科技有限公司,100,A
成都艾尔平方文化传播有限公司,100,A
成都艾尔科环保科技有限公司,100,A
成都艾尔马科技有限公司,90,A
成都艾尼莫智慧医疗科技有限公司,90,A
成都艾希维智能科技有限公司,90,A
成都艾希联科技有限公司,90,A
成都艾弗克斯科技有限责任公司,85,B
成都艾德沃传感技术有限公司,45,E
成都艾恩科技有限公司,90,A
成都艾提斯科技有限公司,90,A
成都艾斯伦科技有限公司,100,A
成都艾斯莱德网络科技有限公司,100,A
成都艾普思商务信息咨询有限公司,100,A
成都艾末塔网络科技有限公司,90,A
成都艾柏菲生物科技有限公司,90,A
成都艾格家具有限公司,100,A
成都艾格科技有限责任公司,85,B
成都艾森威科技有限公司,90,A
成都艾森德光电工程有限公司,100,A
成都艾欧新能源科技有限公司,90,A
成都艾欧比软件有限公司,100,A
成都艾特他整形外科医院有限公司,95,A
成都艾特能电气科技有限责任公司,90,A
成都艾珀耐特复合材料有限公司,95,A
成都艾瑞思高科技有限公司,90,A
成都艾瑞驰文化传媒有限公司,100,A
成都艾的迩科技有限公司,90,A
成都艾码森科技有限公司,85,B
成都艾科斯伦医疗科技有限公司,90,A
成都艾立本科技有限公司,100,A
成都艾美控网络科技有限公司,90,A
成都艾美艾佳科技有限公司,100,A
成都艾联科创科技有限公司,90,A
成都艾胜科技有限公司,100,A
成都艾莱恩斯电气有限公司,100,A
成都艾菲宝润科技有限公司,100,A
成都艾菲达科技有限公司,90,A
成都艾萌科技有限公司,100,A
成都艾薇尼尔信息技术有限公司,90,A
成都艾视特信息技术有限公司,100,A
成都艾视美科技有限公司,100,A
成都艾诺米食品有限公司,90,A
成都艾诺达机电设备有限公司,90,A
成都艾贝斯科技发展有限公司,90,A
成都艾辰科技有限公司,90,A
成都艾邦视觉文化传播有限公司,85,B
成都艾酷网络科技有限公司,90,A
成都艾风科技有限公司,100,A
成都艾默泰克科技有限公司,90,A
成都节络智能科技有限公司,90,A
成都节节升网络科技有限公司,90,A
成都节节高教育科技有限公司,85,B
成都芃光生物科技有限公司,90,A
成都芃康生物科技有限公司,90,A
成都芊姿雨电子商务有限公司,90,A
成都芊寻财务咨询有限责任公司,90,A
成都芒小豆教育咨询有限公司,90,A
成都芙蓉新型建材有限公司,85,B
成都芬尼克斯科技有限公司,90,A
成都芬睐科技有限公司,100,A
成都芭蕉花信息技术服务有限公司,90,A
成都芮捷科技发展有限责任公司,85,B
成都芮松科技有限公司,90,A
成都芮驰科技有限公司,90,A
成都芯之南科技有限公司,90,A
成都芯之途科技有限责任公司,100,A
成都芯云微电子有限公司,90,A
成都芯仕成微电子有限公司,100,A
成都芯任科技有限公司,90,A
成都芯创智联科技股份有限公司,90,A
成都芯初科技有限公司,90,A
成都芯利和科技有限公司,100,A
成都芯动电子有限责任公司,90,A
成都芯域矩阵科技有限公司,100,A
成都芯奇科技有限公司,90,A
成都芯媒荟孵化器管理有限公司,90,A
成都芯宇科创电子科技有限公司,100,A
成都芯安尤里卡信息科技有限公司,90,A
成都芯巽科技有限公司,90,A
成都芯思源科技有限公司,90,A
成都芯时代科技有限公司,100,A
成都芯昊芯科技有限公司,100,A
成都芯曌科技有限公司,90,A
成都芯极客科技有限公司,90,A
成都芯正微电子科技有限公司,90,A
成都芯海盈科科技有限公司,90,A
成都芯源系统有限公司,75,C
成都芯火集成电路产业化基地有限公司,100,A
成都芯瑞科技股份有限公司,100,A
成都芯盟微科技有限公司,100,A
成都芯真成微电子科技有限公司,90,A
成都芯矩阵科技有限公司,90,A
成都芯程科技有限责任公司,90,A
成都芯维科技有限公司,90,A
成都芯翼科技有限公司,95,A
成都芯脉微电子有限责任公司,90,A
成都芯脑科技有限公司,90,A
成都芯蚁科技有限公司,90,A
成都芯豪拓科技有限公司,100,A
成都芯跳医疗科技有限责任公司,80,B
成都芯软标品科技有限公司,100,A
成都芯软科技股份公司,95,A
成都芯辰新能源科技有限公司,90,A
成都芯进电子股份有限公司,100,A
成都芯通科技股份有限公司,95,A
成都芯通软件有限公司,100,A
成都芯锐科技有限公司,100,A
成都芯飞环保智能设备有限公司,100,A
成都芯鸥科技有限公司,90,A
成都芯龙科技有限公司,90,A
成都花仙境网络科技有限公司,85,B
成都花吃科技有限公司,100,A
成都花和信息科技有限公司,90,A
成都花娃网络科技有限公司,100,A
成都花椒树科技有限公司,90,A
成都花海田园科技有限公司,90,A
成都花生数字新媒体有限公司,90,A
成都花花家网络科技有限公司,90,A
成都花都全球汽车科技有限公司,100,A
成都芳克思莫科技有限公司,90,A
成都芷麟文化传媒有限公司,85,B
成都芸朵科技有限公司,90,A
成都芽菜星星网络科技有限公司,90,A
成都苍墨信息科技有限公司,90,A
成都苏坤环保科技有限公司,100,A
成都苏试广博环境可靠性技术有限公司,100,A
成都苏锦复地生态科技有限公司,90,A
成都苑东生物制药股份有限公司,100,A
成都苔岑智能设备有限公司,100,A
成都苗夫现代苗木科技有限公司,95,A
成都若克石油技术开发有限公司,100,A
成都若克科技有限公司,100,A
成都若克精密机械制造有限公司,100,A
成都若克菲斯科技有限公司,90,A
成都若兮和她的伙伴们科技有限公司,90,A
成都若溪科技有限公司,90,A
成都苦瓜互动科技有限公司,90,A
成都英凯谱斯健康科技有限公司,100,A
成都英创信息技术有限公司,100,A
成都英力拓信息技术有限公司,100,A
成都英华科技有限公司,100,A
成都英华陆装智控科技有限公司,90,A
成都英博正能科技有限公司,100,A
成都英商电子科技有限公司,100,A
成都英士瑞科技有限公司,90,A
成都英夫美迪数字技术有限公司,90,A
成都英奥朗科技有限公司,90,A
成都英威腾科技有限公司,90,A
成都英威讯电子技术有限公司,100,A
成都英孚克斯科技有限公司,100,A
成都英微特微波技术有限公司,100,A
成都英德生物医药设备有限公司,90,A
成都英思嘉半导体技术有限公司,100,A
成都英昊生物科技有限公司,90,A
成都英明电子科技有限公司,100,A
成都英普博集生物科技有限公司,90,A
成都英普飞自动化设备有限公司,90,A
成都英智达科技有限公司,90,A
成都英权信息科技有限公司,100,A
成都英柏检测技术有限公司,90,A
成都英格利科技有限公司,90,A
成都英格思科技有限责任公司,90,A
成都英格瑞德电气有限公司,100,A
成都英格瑞德科技有限公司,90,A
成都英泰力节能技术有限公司,100,A
成都英泰奈特科技有限公司,100,A
成都英派尔新能源科技有限公司,90,A
成都英特信信息技术有限公司,100,A
成都英特格灵微电子技术有限公司,90,A
成都英航锐达科技有限公司,90,A
成都英萨传感技术研究有限公司,100,A
成都英蓝威科技有限公司,90,A
成都英视医学检验实验室有限公司,100,A
成都英诺厚德科技服务有限公司,90,A
成都英诺思科技有限公司,100,A
成都英诺新科技有限公司,100,A
成都英诺维测科技有限公司,90,A
成都英诺迅科技有限公司,90,A
成都英赛贝塔科技有限公司,90,A
成都英迈伟业科技有限公司,100,A
成都英迪特智能科技有限公司,90,A
成都英鑫光电科技有限公司,90,A
成都英钛科信息技术有限公司,100,A
成都英集电子高科技有限公司,90,A
成都英飞睿技术有限公司,100,A
成都英黎科技有限公司,100,A
成都茂晟滑动轴承有限公司,100,A
成都茂源瑞峰净化工程有限公司,90,A
成都茂源科技有限公司,100,A
成都茄嘉记科技有限公司,90,A
成都茉莉小青果教育科技有限公司,90,A
成都茗匠科技有限公司,90,A
成都茵创园医药科技有限公司,90,A
成都茵地乐电源科技有限公司,100,A
成都茵帕蒂义齿制造有限公司,75,C
成都茵普精密机械有限公司,100,A
成都茵联安科技有限公司,100,A
成都草堂书香科技有限责任公司,40,E
成都草字头文化传媒有限责任公司,90,A
成都草木金华科技有限公司,100,A
成都草泥互娱网络科技有限公司,90,A
成都草源康生物科技有限公司,90,A
成都草莓星球文化传播有限公司,100,A
成都荣为信息技术有限公司,95,A
成都荣乐激光技术有限公司,95,A
成都荣信通科技有限公司,100,A
成都荣创医疗科技股份有限公司,90,A
成都荣华财税服务有限公司,90,A
成都荣川模具有限公司,90,A
成都荣德机电设备有限公司,100,A
成都荣欣制管有限公司,100,A
成都荣泰物业管理有限公司,90,A
成都荣耀包装有限公司,65,D
成都荣耀科技有限公司,100,A
成都药康生物科技有限公司,100,A
成都药晟生物科技有限公司,100,A
成都药王科技股份有限公司,100,A
成都荷风智能科技有限公司,90,A
成都莒纳新材料科技有限公司,90,A
成都莓派软件有限公司,90,A
成都莘迪教育科技有限公司,90,A
成都莫声科技有限公司,90,A
成都莫瑞克生物技术有限公司,100,A
成都莱克冶金机械设备制造有限公司,95,A
成都莱孚科技有限责任公司,90,A
成都莱普科技股份有限公司,100,A
成都莱福士电力技术有限公司,100,A
成都莲叶科技有限公司,90,A
成都莲合创想科技股份有限公司,100,A
成都莲合金键科技有限责任公司,95,A
成都莲雾科技有限公司,70,C
成都获得感科技有限公司,90,A
成都菁商电子商务有限公司,90,A
成都菁汇科技有限公司,100,A
成都菁源科技有限公司,100,A
成都菁茂蓉创科技有限公司,90,A
成都菁荣加信息技术有限公司,90,A
成都菁荣顺科技有限公司,90,A
成都菁蓉加科技有限公司,90,A
成都菁蓉联创科技有限公司,100,A
成都菁诚创达科技有限公司,100,A
成都菊乐科技发展有限公司,100,A
成都菜板科技有限公司,90,A
成都菜鸟网络技术有限公司,100,A
成都菱重高投能源技术有限公司,90,A
成都菱钻科技发展有限公司,100,A
成都菲创时代科技有限公司,90,A
成都菲奥姆光学有限公司,100,A
成都菲奥特科技有限公司,100,A
成都菲宇文化科技集团有限公司,100,A
成都菲尼克斯互娱科技有限公司,100,A
成都菲尼科斯科技有限公司,100,A
成都菲德克过滤净化技术有限公司,100,A
成都菲斯洛克电子技术有限公司,100,A
成都菲斯特新材料有限公司,95,A
成都菲斯特科技有限公司,90,A
成都菲特优科技有限公司,90,A
成都菲锐斯纳米科技有限公司,100,A
成都萌想科技有限责任公司,95,A
成都萌林科技有限公司,90,A
成都萌氪科技有限公司,90,A
成都萌瓜科技有限公司,100,A
成都萌芯科技有限公司,90,A
成都萝卜派智能科技有限公司,90,A
成都萝恩科技有限公司,90,A
成都萤火虫信息技术有限公司,95,A
成都营养屋健康科技有限公司,95,A
成都营门电缆有限责任公司,100,A
成都萨博斯科技有限公司,90,A
成都萱蕊科技有限公司,90,A
成都葳乐电气公司,100,A
成都蒂格姆斯科技有限公司,90,A
成都蒂美尼汽车技术服务有限公司,100,A
成都蒙特斯科技有限公司,90,A
成都蒲昇光学仪器有限公司,100,A
成都蒲莱科技有限公司,100,A
成都蒸汽云教育科技有限责任公司,90,A
成都蒸汽巨人机器人科技有限公司,100,A
成都蓉东汽配模具有限公司,100,A
成都蓉为新酶生物科技有限公司,90,A
成都蓉众和智能科技有限公司,90,A
成都蓉信汇科技有限公司,90,A
成都蓉光炭素股份有限公司,85,B
成都蓉兴伟业科技有限公司,90,A
成都蓉兴城水务科技有限公司,90,A
成都蓉创智汇知识产权代理有限公司,100,A
成都蓉创智谷科技有限公司,90,A
成都蓉创电子科技有限公司,90,A
成都蓉博通信技术有限公司,100,A
成都蓉卡科技有限公司,100,A
成都蓉城巧手科技有限公司,90,A
成都蓉城易购供应链管理有限公司,100,A
成都蓉奥科技有限公司,100,A
成都蓉帮科技有限公司,90,A
成都蓉微微波电子科技有限公司,100,A
成都蓉思德科技有限公司,100,A
成都蓉悦科技有限公司,100,A
成都蓉意科技有限公司,100,A
成都蓉慧盛达科技有限公司,90,A
成都蓉成益镁科技有限公司,90,A
成都蓉易聘网络科技有限责任公司,90,A
成都蓉朔环保工程有限公司,90,A
成都蓉桑里现代农业发展有限公司,90,A
成都蓉正科技有限公司,90,A
成都蓉汇丰科技有限公司,90,A
成都蓉汇安歌科技有限公司,90,A
成都蓉生药业有限责任公司,95,A
成都蓉盛国创科技有限公司,100,A
成都蓉盛芳达塑料科技有限公司,90,A
成都蓉盛达系统工程技术有限公司,100,A
成都蓉矽半导体有限公司,90,A
成都蓉米信息科技有限公司,90,A
成都蓉翔科技有限公司,100,A
成都蓉联高科科技有限公司,100,A
成都蓉萃科技有限公司,100,A
成都蓉视通科技有限公司,100,A
成都蓉诚机械设备有限公司,100,A
成都蓉谱同益科技有限公司,90,A
成都蓉辉农业科技有限公司,100,A
成都蓉进生物医药科技有限公司,85,B
成都蓉通微链科技有限公司,90,A
成都蓉通达运业有限公司,90,A
成都蓓乐康生物科技有限公司,100,A
成都蓝之盾科技有限公司,85,B
成都蓝博纳生物科技有限公司,90,A
成都蓝地环保科技有限公司,90,A
成都蓝大科技有限公司,100,A
成都蓝宇智能科技有限公司,100,A
成都蓝宇科维科技有限公司,100,A
成都蓝晨环保工程有限公司,90,A
成都蓝景信息技术有限公司,90,A
成都蓝构工业产品设计有限公司,90,A
成都蓝格尔科技有限公司,100,A
成都蓝格时代科技有限公司,100,A
成都蓝橙互动科技有限公司,100,A
成都蓝海优途网络科技有限公司,100,A
成都蓝海卓越时代科技有限公司,90,A
成都蓝海精灵科技有限公司,90,A
成都蓝湖科技有限公司,100,A
成都蓝炬科技有限公司,100,A
成都蓝瑞腾科技有限公司,100,A
成都蓝瑟回音文化传媒有限公司,100,A
成都蓝盾网信科技有限公司,45,E
成都蓝码科技发展有限公司,95,A
成都蓝脑生物科技有限公司,90,A
成都蓝色之巅虚拟现实科技有限公司,90,A
成都蓝色代码科技有限公司,90,A
成都蓝色兄弟网络科技有限公司,100,A
成都蓝色空间工坊科技有限公司,90,A
成都蓝色空间投资管理有限公司,85,B
成都蓝色起源科技有限公司,100,A
成都蓝色风暴科技有限公司,80,B
成都蓝芊互动科技有限公司,100,A
成都蓝蜻蜓生物技术有限公司,100,A
成都蓝谷睿成信息技术有限公司,90,A
成都蓝迅网络科技有限公司,100,A
成都蓝通人力资源有限公司,90,A
成都蓝锦科技有限公司,90,A
成都蓝飞互娱科技有限公司,85,B
成都蓝马先生科技有限公司,90,A
成都蓬俫智能科技有限公司,90,A
成都蓬瑞科技有限公司,90,A
成都蓬诚实业发展有限公司,100,A
成都蔚农科技有限公司,90,A
成都蔚来空间科技有限公司,90,A
成都蔚洋科技有限公司,95,A
成都蔚然科技有限公司,100,A
成都蔚蓝星生物科技有限公司,90,A
成都蔚蓝盒子科技有限公司,100,A
成都蔺阳科技有限公司,90,A
成都蕙馨科技有限公司,90,A
成都蕴哲科技有限公司,90,A
成都蕴峰芯电科技有限公司,100,A
成都蕴意典生物技术有限公司,90,A
成都蕴达管业有限公司,100,A
成都薇合生物科技有限公司,90,A
成都薇小信息技术有限公司,80,B
成都薯片科技有限公司,85,B
成都藏鑫建设项目管理有限公司,90,A
成都藤达润鑫科技有限公司,90,A
成都虎爪科技有限公司,90,A
成都虎符科技有限公司,90,A
成都虎魄网络科技有限公司,95,A
成都虔新科技有限公司,90,A
成都虚实梦境科技有限责任公司,90,A
成都虚拟世界科技有限公司,100,A
成都虚拟互动科技有限公司,90,A
成都虚现科技有限公司,90,A
成都虚舟信息技术有限公司,90,A
成都虚谷伟业科技有限公司,100,A
成都虹威科技有限公司,100,A
成都虹岳科技有限公司,100,A
成都虹析科技有限公司,90,A
成都虹桥专利事务所（普通合伙）,100,A
成都虹波实业股份有限公司,100,A
成都虹润制漆有限公司,100,A
成都虹盛汇智信息技术有限公司,90,A
成都虹盛汇泉专利代理有限公司,90,A
成都虹盛科技有限公司,90,A
成都虹腾科技有限公司,90,A
成都虹跃科技有限公司,90,A
成都虹达工业产品设计有限公司,90,A
成都蚁力信息技术有限公司,90,A
成都蚂蚁物流有限公司,80,B
成都蚂蚁豆荚科技有限公司,90,A
成都蛇夫座科技有限公司,90,A
成都蛇鲨科技有限公司,100,A
成都蜀业达科技有限公司,100,A
成都蜀之源酒业有限公司,95,A
成都蜀云物连科技有限公司,95,A
成都蜀信信用服务有限公司,90,A
成都蜀光石油化学有限公司,95,A
成都蜀冶新材料有限责任公司,100,A
成都蜀天众赢科技有限公司,90,A
成都蜀奇易贸易有限公司,90,A
成都蜀奥电气设备有限公司,100,A
成都蜀工机械制造有限公司,80,B
成都蜀昆智能科技有限公司,100,A
成都蜀星饲料有限公司,100,A
成都蜀望印务有限公司,95,A
成都蜀毕方健康管理有限公司,90,A
成都蜀海新革科技开发有限公司,90,A
成都蜀润文化传播有限公司,90,A
成都蜀禹通途新材料科技有限公司,90,A
成都蜀竹非博生物科技有限公司,100,A
成都蜀舆科技有限责任公司,90,A
成都蜀航精测科技有限公司,100,A
成都蜀菱科技发展有限公司,95,A
成都蜀蓉顺成科技有限公司,100,A
成都蜀虹装备制造股份有限公司,90,A
成都蜀西爱君家政服务有限公司,90,A
成都蜀诚通信技术有限公司,100,A
成都蜀道易信科技有限公司,90,A
成都蜀郡微电子有限公司,100,A
成都蜀都电子信息产品检测技术有限公司,100,A
成都蜀鑫科技有限公司,100,A
成都蜀雅韵文化科技有限公司,85,B
成都蜂巢互娱科技有限公司,75,C
成都蜂巢展览有限公司,90,A
成都蜂巢金服信息技术有限公司,90,A
成都蜂鸟教育科技有限公司,90,A
成都蜂鸟未来科技有限公司,90,A
成都蜗牛创享信息科技股份有限公司,90,A
成都蜗牛创想科技有限公司,100,A
成都蜘蛛网仓物联科技有限公司,90,A
成都蜚声商贸有限公司,100,A
成都蜜柚科技有限公司,90,A
成都蜜翼科技有限责任公司,90,A
成都蜜蜂时代科技有限责任公司,90,A
成都蜜蜂陪学教育科技有限公司,90,A
成都蜻蜓慧眼科技有限公司,90,A
成都融亿达科技有限公司,90,A
成都融兴诚科技有限公司,100,A
成都融合芯创科技有限公司,90,A
成都融和通链科技有限公司,90,A
成都融岩网络科技有限公司,70,C
成都融微软件服务有限公司,100,A
成都融智汽车服务有限公司,95,A
成都融极环保技术有限公司,90,A
成都融畅易和科技有限公司,100,A
成都融硅新能源科技有限公司,90,A
成都融科能源环境工程有限公司,100,A
成都融科银商科技有限公司,85,B
成都融达昌腾信息技术有限公司,90,A
成都蟲鑫生物科技有限公司,100,A
成都行万理汽车科技有限公司,100,A
成都行之智信知识产权代理有限公司,90,A
成都行云旷视科技有限公司,100,A
成都行健智久科技有限公司,90,A
成都行创云网络科技有限公司,100,A
成都行必果光电科技有限公司,100,A
成都行止装饰设计有限公司,75,C
成都行泰生物科技有限公司,90,A
成都行源快递有限公司,90,A
成都行致数据服务有限公司,100,A
成都行芯科技有限公司,90,A
成都行远捷科技有限公司,100,A
成都行迹科技有限公司,90,A
成都衡信机械有限责任公司,100,A
成都衡宇创想科技有限公司,100,A
成都衡检检测有限公司,90,A
成都衡泰工程管理有限责任公司,95,A
成都衫客记忆科技有限责任公司,90,A
成都衫衫来辞未来环保科技有限公司,90,A
成都袋马科技有限公司,90,A
成都裔和众科技有限公司,90,A
成都裕睿数码科技有限公司,90,A
成都裕通钢铁有限公司,100,A
成都裕鸢航空智能制造股份有限公司,100,A
成都西之源房地产经纪有限责任公司,90,A
成都西井科技有限公司,100,A
成都西亚科技发展有限公司,80,B
成都西交华创科技有限公司,90,A
成都西交广正科技有限公司,100,A
成都西交扬华环保科技有限公司,100,A
成都西交智众科技有限公司,100,A
成都西交智汇大数据科技有限公司,90,A
成都西交测绘研究院有限公司,100,A
成都西交轨道交通技术服务有限公司,90,A
成都西交轨道交通装备科技有限公司,100,A
成都西交金测智能科技有限公司,90,A
成都西交领创科技有限公司,90,A
成都西亿达电子科技有限公司,100,A
成都西偌帕斯光电科技有限责任公司,100,A
成都西凯瑞机械设备有限公司,100,A
成都西加云杉科技有限公司,95,A
成都西华升腾科技有限公司,100,A
成都西华新源科技有限公司,100,A
成都西南交大万维高科技有限公司,90,A
成都西南交大机电设备有限公司,100,A
成都西南交大海德科技有限公司,100,A
成都西南交大研究院有限公司,100,A
成都西南交大高铁轨道设备有限责任公司,100,A
成都西南信息控制研究院有限公司,90,A
成都西南儿童医院有限公司,90,A
成都西南吉讯科技有限公司,90,A
成都西南民航通信网络有限公司,100,A
成都西南水泵厂,65,D
成都西南电工器材有限公司,95,A
成都西南电工有限公司,60,D
成都西南电工集团有限公司,100,A
成都西南石大石油工程技术有限公司,100,A
成都西南蜀华能源科技有限公司,90,A
成都西南锦云大数据有限公司,90,A
成都西可科技有限公司,100,A
成都西图科技有限公司,100,A
成都西夏科技发展有限公司,100,A
成都西外云天电子科技有限公司,90,A
成都西子云创科技有限公司,90,A
成都西子孚信科技有限公司,100,A
成都西屋科技发展有限公司,50,E
成都西山居世游科技有限公司,100,A
成都西山居互动娱乐科技有限公司,100,A
成都西岭源药业有限公司,100,A
成都西巨科技有限公司,100,A
成都西引力信息技术有限公司,90,A
成都西成科技有限责任公司,100,A
成都西承科技有限公司,90,A
成都西晋科技有限公司,90,A
成都西普达科技有限公司,100,A
成都西朗科技发展有限公司,90,A
成都西望数字技术有限公司,100,A
成都西极汇智科技有限公司,100,A
成都西核仪器有限公司,100,A
成都西橘空间设计有限公司,100,A
成都西沃克真空科技有限公司,100,A
成都西油华巍科技有限公司,100,A
成都西油智网科技有限公司,90,A
成都西油联合石油天然气工程技术有限公司,70,C
成都西测防务科技有限公司,100,A
成都西点云数据科技有限公司,100,A
成都西点农业科技有限责任公司,100,A
成都西烽科技有限公司,100,A
成都西物信安智能系统有限公司,95,A
成都西瑞科通信技术有限公司,90,A
成都西瓴科技有限公司,90,A
成都西电网达通信技术有限公司,100,A
成都西电蜀能电器有限责任公司,70,C
成都西科医联科技有限公司,90,A
成都西科微波通讯有限公司,100,A
成都西科通信有限公司,100,A
成都西竹科技有限公司,90,A
成都西筹科技有限公司,90,A
成都西纬科技有限公司,100,A
成都西维数码科技有限公司,100,A
成都西艺工业设计有限公司,90,A
成都西芹科技有限公司,90,A
成都西菱动力科技股份有限公司,95,A
成都西蒙电子技术有限公司,100,A
成都西蜀时代科技有限公司,100,A
成都西蜀繁星科技有限责任公司,90,A
成都西西智研文化传媒有限公司,90,A
成都西谌科技有限公司,100,A
成都西谷新域科技有限公司,100,A
成都西谷曙光数字技术有限公司,100,A
成都西贝特电子科技有限公司,100,A
成都西软互联软件有限公司,90,A
成都西辰软件有限公司,100,A
成都西达瑞电子科技有限公司,100,A
成都西部泰力智能设备股份有限公司,85,B
成都西部渔科技有限公司,90,A
成都西部石油装备股份有限公司,100,A
成都西部硅谷科技有限公司,90,A
成都西重三航科技有限公司,90,A
成都西顿硬质合金有限公司,100,A
成都西马测控技术有限公司,100,A
成都西马通节能技术有限公司,90,A
成都见海科技有限公司,90,A
成都见田科技有限公司,90,A
成都观岩科技有限公司,90,A
成都观智农业科技有限公司,90,A
成都观浩科技有限公司,100,A
成都观界创宇科技有限公司,70,C
成都觅瑞科技有限公司,100,A
成都视初文化科技有限公司,90,A
成都视平方智能科技有限公司,100,A
成都视开信息科技有限公司,90,A
成都视海芯图微电子有限公司,90,A
成都视界线科技有限公司,95,A
成都视聆文化传媒有限公司,100,A
成都视见医疗科技有限公司,90,A
成都视观天下科技有限公司,90,A
成都视证科技有限公司,90,A
成都视达康医疗科技有限公司,100,A
成都视达科信息技术有限公司,100,A
成都视道信息技术有限公司,90,A
成都视锐文化传播有限责任公司,90,A
成都角角科技有限公司,90,A
成都言味信息技术有限公司,100,A
成都言图灵成教育科技有限公司,90,A
成都言康健康管理有限公司,90,A
成都言康医疗技术有限公司,100,A
成都言理信息科技有限公司,90,A
成都誉唯科技有限公司,90,A
成都誉宁环保科技有限公司,90,A
成都誉晓科技有限公司,90,A
成都计算狗数据科技有限公司,90,A
成都让规权科技有限公司,90,A
成都讯为科技有限公司,100,A
成都讯华科技有限公司,100,A
成都讯天宏图互联网科技有限公司,90,A
成都讯维信息技术有限公司,100,A
成都讯腾自动化设备有限公司,100,A
成都讯速信远科技有限公司,100,A
成都讯领科技有限公司,100,A
成都记上学科技有限公司,90,A
成都设尔易科技有限公司,100,A
成都译世纪翻译服务有限公司,100,A
成都试家科技有限公司,90,A
成都试金石软件开发有限责任公司,100,A
成都诗方生物科技有限公司,90,A
成都诗翼广告装饰有限公司,90,A
成都诚利腾科技有限公司,100,A
成都诚卓数码科技有限公司,90,A
成都诚发热喷涂技术研发有限公司,90,A
成都诚呈信息技术有限公司,100,A
成都诚品优家智能科技有限公司,100,A
成都诚学信付科技有限公司,90,A
成都诚开电气设备有限公司,100,A
成都诚开科技有限公司,90,A
成都诚拓超硬材料有限公司,100,A
成都诚智信安科技有限公司,90,A
成都诚检检测有限公司,100,A
成都诚欣然科技有限公司,55,E
成都诚泰技术有限公司,90,A
成都诚行一企业管理有限公司,90,A
成都诚诺新技术有限公司,100,A
成都诚达智联科技有限公司,90,A
成都诚邑源兴机械设备制造有限责任公司,90,A
成都诚骏科技有限公司,95,A
成都该呀科技有限公司,85,B
成都语动未来科技有限公司,90,A
成都语格文化传播有限公司,100,A
成都语海盛达科技有限公司,90,A
成都语航电子科技有限公司,90,A
成都语言家多语信息技术有限公司,100,A
成都语鹭智能科技有限公司,90,A
成都说到做到科技有限公司,90,A
成都诸葛庐科技有限公司,100,A
成都诸递科技有限公司,80,B
成都诺丁机械工业有限公司,90,A
成都诺为光科科技有限公司,90,A
成都诺亚众成电子商务有限公司,100,A
成都诺信网安科技有限公司,90,A
成都诺医德医学检验实验室有限公司,90,A
成都诺和晟欣生物医药有限公司,90,A
成都诺和晟泰生物科技有限公司,100,A
成都诺和生物科技有限公司,90,A
成都诺嘉伟业科技有限公司,90,A
成都诺威利石油技术服务有限公司,100,A
成都诺德源环保科技有限公司,100,A
成都诺恩生物科技有限公司,90,A
成都诺恩生物科技有限公司,90,A
成都诺恩生物科技有限公司,90,A
成都诺朗科技有限公司,90,A
成都诺森医学检验有限公司,100,A
成都诺比亚科技有限公司,100,A
成都诺游科技有限公司,90,A
成都诺漫森建筑设计有限公司,90,A
成都诺米儿文化传播有限公司,90,A
成都诺维尔生物医药有限公司,100,A
成都诺识信息技术有限公司,90,A
成都诺赛信息技术有限公司,100,A
成都诺迪康生物制药有限公司,85,B
成都诺鑫石油科技有限公司,100,A
成都诺锐仰网络科技有限公司,90,A
成都谊诚科技有限公司,90,A
成都谍翼科技有限公司,90,A
成都谐盈科技有限公司,100,A
成都谛听科技股份有限公司,15,E
成都谦为知识产权服务有限公司,90,A
成都谨凡科技有限公司,90,A
成都谭德生物信息技术有限公司,90,A
成都谱信电子有限公司,90,A
成都谱信通科技有限公司,100,A
成都谱安科技有限公司,90,A
成都谱讯科技有限公司,90,A
成都谷农农业科技有限公司,95,A
成都谷帝科技有限公司,90,A
成都谷海科技有限公司,90,A
成都谷源科技有限公司,100,A
成都谷神电子科技有限责任公司,90,A
成都谷罗英科技有限公司,100,A
成都谷辘信息技术有限公司,90,A
成都谷道科技有限公司,100,A
成都谷问信息技术有限公司,90,A
成都谷香曲缘酒业有限公司,90,A
成都豆萁集成电路设计有限公司,85,B
成都豆蔓科技有限公司,90,A
成都象叁文化传播有限公司,80,B
成都象鼻虫科技有限公司,90,A
成都豪岗科技有限公司,85,B
成都豪德信息技术有限责任公司,100,A
成都豪拓电子科技有限公司,100,A
成都豪洁塑胶制品有限公司,100,A
成都豪秒数字科技有限公司,90,A
成都豪能科技股份有限公司,100,A
成都豪迪柏新材料科技有限公司,100,A
成都豫川祥瑞科技有限公司,90,A
成都贝一特科技有限公司,90,A
成都贝亚特科技有限公司,100,A
成都贝克思防雷科技有限公司,100,A
成都贝克森科技发展有限公司,95,A
成都贝发信息技术有限公司,100,A
成都贝可科技有限责任公司,90,A
成都贝图科技有限公司,100,A
成都贝塔果科技有限公司,90,A
成都贝塔网络科技有限公司,100,A
成都贝奇达信息科技有限公司,90,A
成都贝尔斯特科技有限公司,100,A
成都贝尔通讯实业有限公司,95,A
成都贝德铜业有限公司,100,A
成都贝思迪生物科技有限公司,90,A
成都贝恩云广告传媒有限公司,90,A
成都贝恩石油技术服务有限公司,100,A
成都贝斯特数码科技有限责任公司,100,A
成都贝施美医疗科技股份有限公司,100,A
成都贝施美生物科技有限公司,100,A
成都贝根管道有限责任公司,100,A
成都贝洱亨通软件科技有限公司,90,A
成都贝灵齐光科技有限公司,90,A
成都贝瑞光电科技股份有限公司,100,A
成都贝瑞生态农业开发有限公司,100,A
成都贝视安科技有限公司,100,A
成都贝诺科成生物科技有限公司,90,A
成都贝贝鑫科技有限公司,90,A
成都贝迪特信息技术有限公司,100,A
成都贝高贝实业有限责任公司,100,A
成都贡爵微电子有限公司,90,A
成都财富猫智慧城市科技有限公司,90,A
成都贤义模具有限公司,100,A
成都货安信息技术有限公司,90,A
成都货安计量技术中心有限公司,75,C
成都货车兄弟科技有限公司,90,A
成都质丰科技有限公司,100,A
成都质数斯达克科技有限公司,90,A
成都购商云汇信息技术股份有限公司,100,A
成都购房通科技有限公司,100,A
成都贯东电子商务有限公司,90,A
成都贯真汽车服务有限公司,90,A
成都贰五捌科技有限公司,90,A
成都贰重奏文化传播有限公司,90,A
成都费因诺达科技有限公司,90,A
成都费恩格尔微电子技术有限公司,95,A
成都费斯广告有限公司,90,A
成都费特瑞斯科技有限公司,90,A
成都贺氏灵脉健康科技有限公司,90,A
成都赋智健康科技有限公司,90,A
成都赋智文和生物技术有限公司,90,A
成都赏贤令科技有限公司,90,A
成都赐华科技有限公司,90,A
成都赐金供应链管理有限公司,100,A
成都赛乐化新机电有限公司,100,A
成都赛伦斯环保科技有限公司,90,A
成都赛伯安科技有限公司,90,A
成都赛兰特文化传媒有限公司,100,A
成都赛力康电气有限公司,85,B
成都赛博思安科技有限公司,100,A
成都赛因化工工程有限公司,100,A
成都赛基科技有限公司,90,A
成都赛康宇通科技有限公司,100,A
成都赛恩吉诺生物科技有限公司,90,A
成都赛恩斯机电有限责任公司,100,A
成都赛拉诺医疗科技股份有限公司,100,A
成都赛捷医药科技有限公司,90,A
成都赛新科技有限公司,90,A
成都赛普中为工程技术有限公司,100,A
成都赛普克生物科技股份有限公司,100,A
成都赛普瑞兴科技有限公司,100,A
成都赛曼科技有限公司,90,A
成都赛来机械有限公司,100,A
成都赛来科技有限公司,90,A
成都赛杰科技有限公司,100,A
成都赛林斯科技实业有限公司,100,A
成都赛果物联网技术有限公司,100,A
成都赛欧琳卡奥堤生物工程有限公司,90,A
成都赛特厨具有限公司,100,A
成都赛特新能科技有限公司,90,A
成都赛特防水材料有限责任公司,100,A
成都赛瑞克科技有限公司,100,A
成都赛璐石油科技有限公司,90,A
成都赛璟生物医药科技有限公司,90,A
成都赛纳赛德科技有限公司,100,A
成都赛维电子材料有限公司,100,A
成都赛美斯医疗技术有限公司,100,A
成都赛美特信息科技有限公司,90,A
成都赛翁科技有限公司,90,A
成都赛肯思创享生活景观设计股份有限公司,95,A
成都赛腾自动化工程有限公司,85,B
成都赛英科技有限公司,100,A
成都赛莫斯科技有限公司,100,A
成都赛诺希亚生物科技有限公司,90,A
成都赛诺菲电气有限公司,60,D
成都赛贝洱信息技术有限责任公司,85,B
成都赛迪科技有限公司,100,A
成都赛迪科生物科技有限公司,90,A
成都赛迪育宏检测技术有限公司,100,A
成都赛通科技有限公司,100,A
成都赛门斯自动化设备有限公司,90,A
成都赛零信息技术开发有限公司,100,A
成都赛飞斯金属科技有限公司,100,A
成都赜灵生物医药科技有限公司,90,A
成都赢合自动化工程有限公司,100,A
成都赢挣科技有限公司,100,A
成都赢焙网络科技有限公司,90,A
成都赢瑞科技有限公司,100,A
成都赢纳环保科技有限公司,100,A
成都赢锐科技有限公司,100,A
成都赤又科技有限责任公司,90,A
成都赤尾鹿蜀科技有限公司,90,A
成都赤晓彩钢房屋有限公司,100,A
成都赤橙数字娱乐有限公司,100,A
成都赤轮动画设计有限公司,100,A
成都赫尔墨斯科技股份有限公司,100,A
成都赫尔墨斯科技股份有限公司,100,A
成都赫尔墨斯科技股份有限公司,100,A
成都赫焱科技有限公司,90,A
成都走之科技有限公司,90,A
成都走吧文化传播有限公司,100,A
成都起业科技有限公司,100,A
成都起点信息技术有限公司,100,A
成都起瑞华川汽车配件有限公司,95,A
成都起能机电工程有限公司,90,A
成都起舞文化传播有限公司,90,A
成都起航高科科技有限公司,100,A
成都超可艾空间互动科技有限责任公司,90,A
成都超微科技有限公司,90,A
成都超德创机电设备有限公司,100,A
成都超德创科技有限公司,90,A
成都超意图信息科技有限公司,90,A
成都超扬芯电子科技有限公司,90,A
成都超有范儿科技有限公司,90,A
成都超游猫科技有限公司,100,A
成都超炫文化传媒有限公司,90,A
成都超然祥润科技有限公司,100,A
成都超爱学习科技有限公司,100,A
成都超玥智博教育科技有限公司,90,A
成都超算中心运营管理有限公司,90,A
成都超级梦网络技术股份有限公司,95,A
成都超级汇文化传播有限公司,90,A
成都超纯应用材料有限责任公司,100,A
成都超迈光电科技有限公司,90,A
成都越凡创新科技有限公司,100,A
成都越创时空信息技术有限公司,90,A
成都越熠智能检测服务有限公司,90,A
成都趋势电子有限责任公司,100,A
成都趣之团科技有限公司,90,A
成都趣乐多科技有限公司,95,A
成都趣乐柒科技有限公司,100,A
成都趣乐游网络科技有限公司,100,A
成都趣享体育科技有限公司,90,A
成都趣尤米网络科技有限公司,90,A
成都趣态科技有限公司,90,A
成都趣栈科技有限公司,90,A
成都趣油科技有限公司,90,A
成都趣点科技有限公司,100,A
成都趣物汇技术开发有限责任公司,90,A
成都趣生活网络科技有限公司,100,A
成都趣象科技有限公司,70,C
成都趣趣网络科技有限公司,90,A
成都跃光科技有限公司,90,A
成都跃动理蓝科技有限公司,90,A
成都跃层科技有限公司,90,A
成都跃恒科技有限公司,100,A
成都跃趣软件有限公司,100,A
成都跃顺富市农业科技有限公司,90,A
成都跨界思维教育科技有限公司,80,B
成都跨界融域科技有限公司,90,A
成都跨维科技有限公司,90,A
成都路为科技发展有限公司,100,A
成都路人王体育科技有限公司,90,A
成都路友通科技有限公司,90,A
成都路可易科技有限公司,90,A
成都路宸科技有限公司,90,A
成都路普科技有限公司,90,A
成都路维光电有限公司,100,A
成都路行通信息技术有限公司,90,A
成都路贤教育科技有限公司,90,A
成都路运通安全科技有限公司,90,A
成都跳跳灯科技有限公司,90,A
成都踏石文化传播有限公司,90,A
成都身边科技有限公司,100,A
成都车上码信息技术有限公司,90,A
成都车书信息技术有限责任公司,85,B
成都车云信科技有限公司,100,A
成都车务易科技有限公司,100,A
成都车如云网络科技有限公司,90,A
成都车娱星网络科技有限公司,90,A
成都车晓科技有限公司,100,A
成都车联展信息服务有限公司,90,A
成都车车网科技集团有限公司,100,A
成都车车网科技集团有限公司,100,A
成都车道道信息技术有限公司,100,A
成都车音智能科技有限公司,90,A
成都轨道交通产业技术研究院有限公司,90,A
成都轩和物流发展有限公司,100,A
成都轩芳喻科技有限公司,80,B
成都轩逸信息技术有限公司,90,A
成都软思同创科技有限公司,100,A
成都软易达信息技术有限公司,100,A
成都软服之家科技有限公司,100,A
成都软盛信息技术有限公司,100,A
成都软耳声学技术有限公司,90,A
成都软银科技有限公司,90,A
成都轶科文科技有限公司,100,A
成都轻云信息科技有限公司,80,B
成都轻备教育科技有限公司,80,B
成都轻娱网络科技有限公司,90,A
成都轻来科技有限公司,90,A
成都轻淘众云网络科技有限公司,90,A
成都轻点玩科技有限公司,90,A
成都轻照快联安全技术有限公司,90,A
成都轻舟数联科技有限公司,90,A
成都轻马天下科技有限公司,85,B
成都辉煌世纪广告有限责任公司,100,A
成都辉煌远景数字科技有限公司,90,A
成都辉程科技有限公司,90,A
成都辉软科技有限公司,100,A
成都辉鑫聚企科技有限公司,90,A
成都辛克普雷科技有限公司,100,A
成都辛格信息技术有限公司,90,A
成都辟思航空科技有限公司,100,A
成都辰交信息技术有限公司,90,A
成都辰以盈信息技术有限公司,90,A
成都辰启电子科技有限公司,90,A
成都辰坤智造科技有限公司,90,A
成都辰天信息科技有限公司,90,A
成都辰宇智航科技有限公司,100,A
成都辰志德科技有限公司,90,A
成都辰昕科技有限公司,90,A
成都辰木数智科技有限责任公司,90,A
成都辰来科技有限公司,90,A
成都辰汉网络科技有限公司,90,A
成都辰海信息技术有限公司,90,A
成都辰烨信息技术有限公司,90,A
成都辰熙科技有限公司,90,A
成都辰迅科技有限公司,100,A
成都辰迈科技有限公司,90,A
成都辰风文化传播有限公司,100,A
成都边界元科技有限公司,100,A
成都达众铃教育咨询有限公司,90,A
成都达信成科技有限公司,100,A
成都达士通科技有限公司,100,A
成都达奇科成科技有限公司,100,A
成都达奇科技股份有限公司,100,A
成都达奇能自科技有限公司,90,A
成都达思嘉生物科技有限公司,90,A
成都达拓智通科技有限公司,100,A
成都达智数据科技股份有限公司,100,A
成都达盛光学实业有限公司,100,A
成都达硕实验动物有限公司,100,A
成都达越科技有限公司,100,A
成都达闻商务服务有限公司,85,B
成都达飞家科技有限公司,100,A
成都迅博科技有限公司,100,A
成都迅宏汇电子科技有限公司,90,A
成都迅宏自控设备有限公司,100,A
成都迅强环境管理有限公司,100,A
成都迅控科技有限公司,90,A
成都迅生电子科技有限公司,100,A
成都迅网电信工程技术咨询有限公司,100,A
成都迅翼卫通科技有限公司,100,A
成都迅能达电源科技有限公司,90,A
成都迅达光电有限公司,100,A
成都迅霆科技有限公司,90,A
成都迅龙互动科技有限公司,95,A
成都过度创造科技有限公司,100,A
成都迈世科技有限公司,90,A
成都迈为核监测科技有限公司,100,A
成都迈乐科技有限公司,90,A
成都迈克维康生物科技有限公司,90,A
成都迈出去科技有限公司,90,A
成都迈动汽车零配件有限公司,100,A
成都迈可森流体控制设备有限公司,100,A
成都迈可维微波电子有限公司,100,A
成都迈威赛普科技有限公司,90,A
成都迈德克科技有限公司,90,A
成都迈思信息技术有限公司,95,A
成都迈恒科技有限公司,100,A
成都迈斯克医药科技有限公司,100,A
成都迈斯拓新能源润滑材料股份有限公司,95,A
成都迈斯机电数字设备有限责任公司,100,A
成都迈斯派尔半导体有限公司,100,A
成都迈林特科技有限公司,100,A
成都迈特利尔科技有限公司,90,A
成都迈特航空制造有限公司,100,A
成都迈瑞科科技有限公司,90,A
成都迈硕电气有限公司,100,A
成都迈科康生物科技有限公司,90,A
成都迈科微科技有限公司,90,A
成都迈科科技有限公司,100,A
成都迈科高分子材料股份有限公司,100,A
成都迈菱仪器仪表制造有限公司,100,A
成都迈越文化传播有限公司,90,A
成都迈迪特科技有限公司,100,A
成都迈迪科医疗器械有限公司,90,A
成都迈锐思科技有限公司,100,A
成都迈锐捷激光技术有限公司,100,A
成都迈频汇能科技有限公司,100,A
成都运为科技有限公司,100,A
成都运力科技有限公司,95,A
成都运动公会科技有限公司,100,A
成都运城制版有限公司,80,B
成都运时通管业有限公司,85,B
成都运泽机械租赁有限公司,90,A
成都运维数据有限公司,90,A
成都运荔枝科技有限公司,100,A
成都运达科技股份有限公司,90,A
成都运达软件技术有限公司,100,A
成都近然智慧科技有限公司,90,A
成都返空汇网络技术有限公司,100,A
成都这个新鲜电子商务有限公司,90,A
成都进化金服信息技术有限公司,90,A
成都进扬热缩新材料有限公司,100,A
成都远博安新能源科技有限公司,85,B
成都远塑科技有限公司,100,A
成都远峰科技发展有限公司,100,A
成都远控科技有限公司,100,A
成都远方蜗牛科技有限公司,35,E
成都远旺汽车电器有限公司,90,A
成都远景数控设备实业有限公司,95,A
成都远望信息技术有限公司,90,A
成都远望天空科技有限公司,100,A
成都远望探测技术有限公司,100,A
成都远望科技有限责任公司,100,A
成都远泓矿泉水有限公司,85,B
成都远洋蓝猫科技有限公司,90,A
成都远睿生物技术有限公司,100,A
成都远瞻光彩照明工程有限公司,90,A
成都远石信息技术有限公司,90,A
成都远策数码科技有限公司,100,A
成都远翥航空科技有限公司,100,A
成都远能科技有限公司,100,A
成都远致科技有限公司,90,A
成都远舢智能科技有限公司,90,A
成都远航伟业科技有限公司,100,A
成都远衎建筑咨询有限公司,90,A
成都远见复合材料有限公司,90,A
成都远鉴汽车科技有限公司,90,A
成都远锦环保工程有限公司,100,A
成都远阔科技有限公司,100,A
成都远雄科技有限公司,100,A
成都远鼎鸿环保科技有限公司,95,A
成都连丰农业科技有限公司,90,A
成都连信永益科技有限责任公司,100,A
成都连帽衫科技有限公司,90,A
成都连心医疗科技有限责任公司,90,A
成都连接流体分离科技有限公司,90,A
成都连科软件有限公司,100,A
成都连银信息技术有限公司,90,A
成都迪中海岸科技有限公司,80,B
成都迪亚飞科技有限公司,100,A
成都迪众数码科技有限公司,100,A
成都迪吉信息技术有限公司,100,A
成都迪威思拓科技有限公司,100,A
成都迪安医学检验所有限公司,80,B
成都迪尚传媒有限公司,90,A
成都迪帆科技有限公司,100,A
成都迪康中科生物医学材料有限公司,100,A
成都迪康药业股份有限公司,100,A
成都迪康药业股份有限公司,100,A
成都迪康药业股份有限公司,100,A
成都迪捷数原科技有限公司,90,A
成都迪普曼林信息技术有限公司,90,A
成都迪普金刚石钻头有限责任公司,100,A
成都迪格天河科技有限公司,90,A
成都迪泰化工有限公司,85,B
成都迪澳生物科技有限公司,100,A
成都迪盾生物技术有限公司,100,A
成都迪真计算机科技有限公司,100,A
成都迪睿汇金科技有限公司,95,A
成都迪立科技有限公司,90,A
成都迪米农业科技有限公司,90,A
成都迪谱光电科技有限公司,100,A
成都迪赛门窗有限公司,100,A
成都迪迈沃克光电科技有限公司,100,A
成都迪迪控科技有限责任公司,100,A
成都迭迦科技有限公司,90,A
成都迷妮科技有限公司,100,A
成都迷妮视讯传媒科技有限公司,100,A
成都适宇智能科技有限公司,90,A
成都逆控科技有限公司,90,A
成都逍遥科技有限公司,90,A
成都透客科技有限公司,100,A
成都透明世界科技有限公司,85,B
成都逐飞教学设备有限公司,90,A
成都逐飞智能设备有限公司,100,A
成都逐飞科技有限公司,90,A
成都途咪旅拍智能技术有限公司,85,B
成都途图乐科技有限公司,90,A
成都途子牛科技有限公司,90,A
成都途峰信息技术有限公司,90,A
成都途盛科技有限公司,100,A
成都途远全景科技有限公司,90,A
成都通乐机械有限公司,90,A
成都通亿鑫科技有限公司,90,A
成都通力集团股份有限公司,85,B
成都通和汽车零部件有限公司,90,A
成都通园科技有限公司,100,A
成都通威动物营养科技有限公司,100,A
成都通威文化传媒有限公司,100,A
成都通威水产科技有限公司,100,A
成都通威自动化设备有限公司,95,A
成都通宇航空设备制造有限公司,100,A
成都通广网联科技有限公司,90,A
成都通德药业有限公司,85,B
成都通灵中药饮片精选有限公司,100,A
成都通用整流电器研究所,100,A
成都通甲优博科技有限责任公司,100,A
成都通航科技有限公司,95,A
成都通视视觉智能技术有限公司,100,A
成都通软力拓科技有限责任公司,90,A
成都通达智行科技有限公司,100,A
成都通迪仪器研究所,95,A
成都通迪科技有限公司,90,A
成都通通印防伪票证标签有限公司,95,A
成都通量科技有限公司,100,A
成都通鑫旺航空设备制造有限公司,90,A
成都速优云信息技术有限公司,100,A
成都速充新能源科技有限公司,100,A
成都速尼克遥控科技有限公司,90,A
成都速展科技有限公司,90,A
成都速易联芯科技有限公司,90,A
成都速派光学技术有限公司,90,A
成都速漱网络科技有限公司,90,A
成都速研纺织科技有限公司,90,A
成都速赛思科技有限公司,90,A
成都速迫信息科技有限公司,90,A
成都速飞软件有限公司,70,C
成都造天时代网络科技有限公司,90,A
成都造易软件有限责任公司,100,A
成都造梦科技有限公司,100,A
成都逸动无限网络科技有限公司,90,A
成都逸桥科技有限公司,90,A
成都逸田生态农业科技有限公司,100,A
成都逸趣玩科技有限公司,90,A
成都逸重力网络科技有限公司,85,B
成都逸鑫达科技有限公司,100,A
成都逻辑蓝图信息技术有限公司,90,A
成都遇平科技有限公司,90,A
成都遇秋科技有限公司,90,A
成都道一得财税咨询有限公司,90,A
成都道仝金融科技有限公司,90,A
成都道克科技有限公司,75,C
成都道兴科技有限公司,90,A
成都道可道机械设备有限公司,90,A
成都道合云科技有限公司,90,A
成都道合尔医药技术有限公司,100,A
成都道天勤科技有限公司,90,A
成都道客数字科技有限公司,90,A
成都道已科技有限公司,90,A
成都道引科技有限公司,100,A
成都道弘实业有限公司,100,A
成都道恒车辆技术有限公司,90,A
成都道成设备工程有限责任公司,100,A
成都道森威尔广告有限公司,100,A
成都道森能源有限公司,100,A
成都道源众合广告传媒有限公司,90,A
成都道盟软件有限公司,90,A
成都道立福科技有限公司,90,A
成都道纬科技有限公司,90,A
成都道衍云算科技有限公司,90,A
成都遗策数据科技有限公司,90,A
成都邦为电子科技有限公司,100,A
成都邦呼科技有限公司,90,A
成都邦家乐君生物科技有限公司,90,A
成都邦家康盛生物科技有限公司,90,A
成都邦尼熊科技有限公司,90,A
成都邦得科技有限公司,95,A
成都邦普切削刀具股份有限公司,100,A
成都邦永科技有限公司,90,A
成都邦瑞创达科技有限公司,100,A
成都邦盛优加机械制造有限公司,90,A
成都邦研科技有限公司,100,A
成都邦誉达科技集团有限公司,90,A
成都邦道科技有限公司,100,A
成都邦飞科技有限公司,100,A
成都邻购网络科技有限公司,90,A
成都郎朗乾坤科技有限公司,80,B
成都郑源生化科技有限公司,100,A
成都郑程设备销售有限责任公司,100,A
成都郫都国卫云医诊所有限公司,90,A
成都都可以科技有限公司,90,A
成都都对科技有限公司,90,A
成都都市现代农业产业技术研究院有限公司,100,A
成都都成环保股份有限公司,100,A
成都都易电子科技有限公司,100,A
成都都江堰市嘉业铝塑有限公司,100,A
成都酉辰环境检测有限公司,100,A
成都酉辰科技有限公司,85,B
成都酷云科技有限公司,100,A
成都酷卓生命科技有限公司,90,A
成都酷可科技有限责任公司,90,A
成都酷咔数字科技有限公司,100,A
成都酷哆啦科技有限公司,100,A
成都酷客互娱科技有限公司,90,A
成都酷度科技有限公司,90,A
成都酷戈创意科技有限公司,100,A
成都酷标网络科技有限公司,90,A
成都酷睿特科技有限公司,100,A
成都酷睿科技有限公司,100,A
成都酷码视觉科技有限公司,100,A
成都酷飞网络科技有限公司,90,A
成都醉青春文化传播有限公司,90,A
成都釉姿润科技有限公司,65,D
成都里来佳诺生物科技有限公司,90,A
成都里来生物科技有限公司,90,A
成都里来科创生物科技有限公司,90,A
成都里森纳科技有限公司,90,A
成都重回汉唐文化传播有限公司,100,A
成都重锤科技有限公司,90,A
成都野兔计划科技有限公司,90,A
成都野猪骑士科技有限公司,90,A
成都量之星科技有限公司,100,A
成都量子之巅科技有限公司,100,A
成都量子工坊信息科技有限公司,90,A
成都量子捷云网络技术有限公司,90,A
成都量子数字科技有限公司,90,A
成都量子时代信息技术有限公司,90,A
成都量子时频科技有限公司,90,A
成都量子永华科技有限公司,100,A
成都量子矩阵科技有限公司,100,A
成都量子美生物科技有限公司,100,A
成都量子象云计算科技有限公司,90,A
成都量安区块链科技有限公司,90,A
成都量恒人工智能科技有限公司,90,A
成都量芯集成科技有限公司,100,A
成都金中机械设备制造有限公司,100,A
成都金之川电子有限公司,100,A
成都金仪科技有限公司,80,B
成都金佳诚数控科技有限公司,100,A
成都金信通通信科技有限公司,85,B
成都金兰信息技术有限公司,90,A
成都金兰甲科技有限公司,90,A
成都金典牙科技术开发有限公司,100,A
成都金冠同利系统集成有限公司,80,B
成都金凤来仪科技有限公司,90,A
成都金创立科技有限责任公司,100,A
成都金勇城金属制品有限公司,100,A
成都金十网络科技有限公司,100,A
成都金华川信息技术有限公司,100,A
成都金博天科技有限公司,100,A
成都金博汇康医药科技有限公司,100,A
成都金印文化传播有限公司,90,A
成都金发科技新材料有限公司,95,A
成都金品恒科技有限公司,90,A
成都金品花卉种苗有限责任公司,100,A
成都金唯科生物科技有限公司,90,A
成都金嘉洲建材有限公司,65,D
成都金士力科技有限公司,100,A
成都金多啦教育科技有限公司,90,A
成都金大立科技有限公司,100,A
成都金奥天农业科技有限公司,80,B
成都金宇防务科技有限公司,90,A
成都金安卓创科技有限公司,90,A
成都金安汇泰科技有限公司,100,A
成都金宏丰科技有限公司,90,A
成都金实高芯科技有限责任公司,100,A
成都金容电子工程有限公司,100,A
成都金山互动娱乐科技有限公司,100,A
成都金山化学试剂有限公司,85,B
成都金山数字娱乐科技有限公司,100,A
成都金嵘智能装备技术有限公司,100,A
成都金川田农机制造有限公司,100,A
成都金广通科技有限公司,95,A
成都金开生物工程有限公司,100,A
成都金强机电设备技术有限公司,100,A
成都金彩丽泰纺织科技有限责任公司,95,A
成都金彬包装有限公司,100,A
成都金微微科技有限公司,90,A
成都金德盛天科技有限公司,85,B
成都金德荣模具有限责任公司,90,A
成都金恒昌机械设备有限公司,100,A
成都金惠川数控科技有限公司,100,A
成都金意软件有限责任公司,90,A
成都金慧融智数据服务有限公司,100,A
成都金成标高强度紧固件制造有限公司,100,A
成都金控征信有限公司,100,A
成都金控数据服务有限公司,100,A
成都金支点科技有限公司,100,A
成都金斯特节能门窗有限公司,100,A
成都金时利科技有限公司,100,A
成都金时旺网络科技有限公司,90,A
成都金旺隆科技有限公司,100,A
成都金昆生物科技有限公司,90,A
成都金昊建工机械有限公司,100,A
成都金易数据湖信息技术有限责任公司,90,A
成都金星啤酒有限公司,60,D
成都金春科技有限公司,90,A
成都金晨数通科技有限公司,90,A
成都金本华电子有限公司,70,C
成都金本华科技有限公司,75,C
成都金杉玻璃工艺有限公司,100,A
成都金杰利警用器材有限公司,90,A
成都金杰家具有限公司,90,A
成都金档科技有限公司,100,A
成都金桨高新材料有限公司,100,A
成都金棕榈旅游发展有限公司,90,A
成都金欧泰科技有限公司,100,A
成都金武科技有限公司,100,A
成都金河诚信环保科技有限公司,100,A
成都金泰格科技有限责任公司,100,A
成都金泰耀信息技术有限公司,100,A
成都金洋高新技术开发有限公司,100,A
成都金洛克锶生物技术有限公司,100,A
成都金洪汽车零部件有限公司,90,A
成都金洹科科技有限公司,100,A
成都金海境科技有限公司,90,A
成都金海液压机具制造有限责任公司,100,A
成都金玖康科技有限公司,100,A
成都金瑞基业生物科技有限公司,90,A
成都金瑞建工机械有限公司,100,A
成都金瑞融科科技有限公司,100,A
成都金田种苗有限公司,100,A
成都金益罗信息技术有限公司,90,A
成都金益达科技有限公司,90,A
成都金盛源农业有限公司,90,A
成都金石源广告有限公司,90,A
成都金福来科技有限公司,90,A
成都金禾谷电子科技有限公司,100,A
成都金科利科技有限公司,90,A
成都金科建茂新材料科技有限公司,90,A
成都金科玉律科技有限公司,90,A
成都金税电子技术有限公司,100,A
成都金稷丰机械制造有限公司,100,A
成都金窗软件开发有限公司,70,C
成都金箭桥包装材料有限公司,100,A
成都金米吉生物科技有限公司,35,E
成都金纽扣科技有限公司,90,A
成都金翅膀网络科技有限责任公司,90,A
成都金翼致远科技有限公司,70,C
成都金自天正智能控制有限公司,100,A
成都金花永兴消防设备有限公司,100,A
成都金蛋果科技有限公司,90,A
成都金螺科技有限公司,90,A
成都金角网络科技有限公司,100,A
成都金诚科知识产权运营有限公司,90,A
成都金诺信高科技有限公司,100,A
成都金辉展机电设备有限公司,100,A
成都金达鑫宸机械设备有限公司,100,A
成都金迈微科技有限公司,90,A
成都金邦耐环保科技股份有限公司,100,A
成都金都超星天文设备有限公司,100,A
成都金鑫众泰环保科技有限公司,100,A
成都金鑫泰机电设备有限公司,100,A
成都金鑫鸿仪环保科技有限公司,100,A
成都金钢卫士科技有限公司,90,A
成都金钨硬质合金有限公司,100,A
成都金钩钓科技有限公司,90,A
成都金铠甲科技有限公司,95,A
成都金铭华烨科技咨询有限公司,90,A
成都金长城网络信息系统有限责任公司,100,A
成都金阵列科技发展有限公司,90,A
成都金陵能源装备有限公司,100,A
成都金隧自动化工程有限责任公司,95,A
成都金隼智安科技有限公司,90,A
成都金雅克电气有限公司,100,A
成都金雅图科技有限公司,100,A
成都金雨跃机械有限公司,100,A
成都金顶精密铸造有限公司,100,A
成都金顺达机器制造有限公司,100,A
成都金飞凌科技有限公司,100,A
成都金骐骥商贸有限公司,90,A
成都金麒麟电脑图像制作有限公司,90,A
成都金麦客科技有限公司,100,A
成都金鼎文化传媒有限公司,90,A
成都金鼎时代网络科技有限公司,100,A
成都鉴策企业管理咨询有限公司,90,A
成都鑫三合机电新技术开发有限公司,100,A
成都鑫丰达光电科技有限公司,100,A
成都鑫丹景生物科技有限公司,90,A
成都鑫久达机械设备有限公司,100,A
成都鑫云解码科技有限公司,90,A
成都鑫京栀科技有限公司,90,A
成都鑫众泰通用电气有限责任公司,100,A
成都鑫伟翼通讯设备有限公司,90,A
成都鑫佰亿线缆有限公司,100,A
成都鑫元帝科技有限公司,100,A
成都鑫光生物技术有限公司,80,B
成都鑫兴电子科技有限公司,90,A
成都鑫凌制冷设备有限公司,100,A
成都鑫划算电子商务有限公司,80,B
成都鑫原羿天科技有限责任公司,80,B
成都鑫合信建设工程有限公司,90,A
成都鑫合创汽车服务有限公司,100,A
成都鑫周文化传播有限公司,90,A
成都鑫四方电器有限公司,100,A
成都鑫奥莱包装有限公司,100,A
成都鑫威焊接技术有限公司,100,A
成都鑫威隆机电设备有限公司,85,B
成都鑫宏展电气有限公司,100,A
成都鑫岂昀食品有限公司,90,A
成都鑫川航工具有限公司,100,A
成都鑫建州液压机械有限公司,100,A
成都鑫弘福新创科技有限公司,100,A
成都鑫彭安全技术咨询有限公司,90,A
成都鑫思维驰微波技术有限公司,100,A
成都鑫意信达科技有限公司,100,A
成都鑫成鹏高分子科技股份有限公司,100,A
成都鑫方达包装材料有限公司,100,A
成都鑫昊塬科技有限公司,100,A
成都鑫昌达精密科技有限公司,90,A
成都鑫晟鸿金属制品有限公司,90,A
成都鑫晨光学电子仪器有限责任公司,100,A
成都鑫晨航空科技有限公司,100,A
成都鑫泽机械有限公司,100,A
成都鑫派科技有限公司,90,A
成都鑫浩祥装饰工程有限公司,90,A
成都鑫海晟科技有限责任公司,100,A
成都鑫澜科技有限公司,90,A
成都鑫璨文化传媒有限公司,90,A
成都鑫益科技开发有限责任公司,85,B
成都鑫盛方科技有限公司,90,A
成都鑫睿德科技有限公司,100,A
成都鑫研锐机电设备有限公司,100,A
成都鑫科精密模塑有限公司,100,A
成都鑫立盟电子科技有限公司,100,A
成都鑫美创网络科技有限公司,90,A
成都鑫美嘉辰科技有限公司,90,A
成都鑫美点包装有限公司,90,A
成都鑫联达汽车零部件有限公司,100,A
成都鑫艺高印务有限公司,100,A
成都鑫芯电子科技有限公司,90,A
成都鑫蓝峰电气有限公司,100,A
成都鑫豪斯电子探测技术有限公司,100,A
成都鑫辉伟业科技有限公司,100,A
成都鑫达世通包装材料有限公司,75,C
成都鑫达恒泰轨道交通设备有限公司,90,A
成都鑫都建设工程有限公司,100,A
成都鑫金臣节能环保科技有限公司,75,C
成都鑫钻纳米应用技术有限公司,90,A
成都鑫锋耐精密刀具有限公司,100,A
成都鑫锦程线缆有限公司,100,A
成都鑫香洲港信息技术有限公司,95,A
成都鑫鸿源科技有限公司,100,A
成都钉点培优教育科技有限公司,90,A
成都钛洋环保科技有限公司,90,A
成都钜环新科技有限公司,100,A
成都钜美自动化科技有限公司,90,A
成都钠新未来科技有限公司,85,B
成都钧兴生物科技有限公司,90,A
成都钧正科技有限公司,90,A
成都钧航科技有限公司,90,A
成都钧豪电子有限公司,100,A
成都钰冠科技有限公司,90,A
成都钰桓峰文化传播有限公司,100,A
成都钰玲园艺有限公司,95,A
成都铁信智控科技有限公司,90,A
成都铁军先锋野营装备制造有限公司,100,A
成都铁城精密铸造有限公司,95,A
成都铁城航空机械有限公司,100,A
成都铁妤科技有限公司,75,C
成都铁安科技有限责任公司,100,A
成都铁展科技有限公司,100,A
成都铁建电子有限公司,100,A
成都铁皮人科技有限公司,85,B
成都铁立士工程技术有限公司,90,A
成都铁诚劳务有限公司,95,A
成都铁路科创有限责任公司,100,A
成都铁路通信设备有限责任公司,95,A
成都铁达电子股份有限公司,100,A
成都铁达电子股份有限公司,100,A
成都铁达电子股份有限公司,100,A
成都铁马机车车辆实业有限公司,95,A
成都铂仪通科技有限公司,100,A
成都铂升科技有限公司,100,A
成都铂恩科技有限公司,100,A
成都铂润信息技术有限公司,100,A
成都铂贝科技有限公司,100,A
成都铂锐杰科技有限公司,100,A
成都铂雅哲科技有限公司,100,A
成都铅笔科技有限公司,95,A
成都铉石科技有限公司,100,A
成都铎昌建材有限公司,90,A
成都铜润新型材料有限公司,100,A
成都铜雀台科技有限公司,100,A
成都铝行家科技有限公司,100,A
成都铠甲耘智能科技有限公司,100,A
成都铬科高化工技术有限责任公司,100,A
成都铭励企业管理有限公司,90,A
成都铭商众创知识产权代理有限公司,90,A
成都铭峰新源科技有限公司,100,A
成都铭川新材料科技有限公司,90,A
成都铭日科技有限公司,90,A
成都铭森科技有限公司,90,A
成都铭欧特科技有限公司,100,A
成都铭瑞重工机械有限公司,100,A
成都铭盛升声信息科技有限公司,90,A
成都铭硅科技有限公司,90,A
成都铭科思微电子技术有限责任公司,90,A
成都铭艺视觉科技有限公司,90,A
成都铭诚优佳科技有限公司,90,A
成都铭诺科技有限公司,80,B
成都铭辉机电设备有限公司,100,A
成都铭鉴知源油田工程科技有限公司,100,A
成都铭鼎圣辉科技有限公司,90,A
成都铭鼎科技有限公司,90,A
成都铱通科技有限公司,100,A
成都铱鑫维动科技有限责任公司,100,A
成都铳梦之光影视文化传媒有限公司,90,A
成都银事达信息技术有限公司,90,A
成都银信金融科技有限公司,90,A
成都银光软件有限公司,85,B
成都银兴数泰科技有限公司,100,A
成都银创伟信电子商务有限公司,90,A
成都银剑文化传播有限公司,100,A
成都银吉自动化装备有限公司,100,A
成都银和时光教育咨询有限公司,75,C
成都银坤汽车美容服务有限公司,90,A
成都银基网络技术有限公司,100,A
成都银屏科技有限公司,100,A
成都银掌科技有限公司,90,A
成都银晟科技有限公司,90,A
成都银智软件有限公司,90,A
成都银榕园酒店管理有限公司,95,A
成都银汉易科技有限公司,90,A
成都银河动力有限公司,90,A
成都银河思亩特数字技术有限公司,90,A
成都银河磁体股份有限公司,95,A
成都银泰砾璟科技有限公司,90,A
成都银玺科技有限公司,90,A
成都银盛新材料有限公司,100,A
成都银米粒科技有限公司,90,A
成都银线电杆有限公司,100,A
成都银通金融服务外包有限公司,100,A
成都银鑫海科技有限公司,90,A
成都银钛信息科技有限公司,90,A
成都银霆科技有限公司,100,A
成都银顶科技有限公司,90,A
成都银领新科技有限公司,90,A
成都银鱼教育科技有限公司,90,A
成都银鸥智能科技股份有限公司,60,D
成都铸华汽车零部件有限公司,100,A
成都铸铖建筑工程有限公司,90,A
成都铸铖电气设备有限公司,90,A
成都铼看科技有限公司,85,B
成都链企企业服务有限公司,85,B
成都链和科技有限公司,90,A
成都链商科技有限公司,90,A
成都链安科技有限公司,100,A
成都链讯信息技术有限公司,100,A
成都锂能科技有限公司,90,A
成都锈钻游戏科技有限公司,90,A
成都锋克精密刀具有限公司,100,A
成都锋卫科技有限公司,100,A
成都锋宜精密工具制造有限公司,100,A
成都锋宜银虎数控刀具有限公司,90,A
成都锋帕斯科技有限公司,90,A
成都锋芒在即科技有限公司,100,A
成都锋行电子产品设计有限公司,90,A
成都锋韦恒瑞科技有限公司,90,A
成都锋驰数控刀具有限公司,100,A
成都锐丽元科技有限公司,90,A
成都锐之狮科技有限公司,90,A
成都锐佳科技股份有限公司,85,B
成都锐兴环保设备有限公司,90,A
成都锐凌环保科技有限公司,100,A
成都锐力先创核能科技有限公司,90,A
成都锐力锋工具有限公司,100,A
成都锐升科技有限责任公司,90,A
成都锐奕信息技术有限公司,90,A
成都锐帆网智信息技术有限公司,100,A
成都锐开云科技有限公司,90,A
成都锐志恒科技有限公司,100,A
成都锐思环保技术股份有限公司,90,A
成都锐成芯微科技股份有限公司,100,A
成都锐新科技有限公司,100,A
成都锐明合升科技有限责任公司,90,A
成都锐智信达信息技术有限公司,100,A
成都锐智杰科技有限公司,90,A
成都锐智格文化传播有限公司,90,A
成都锐来宝科技有限公司,95,A
成都锐柘科技有限公司,90,A
成都锐欧光学电子有限公司,90,A
成都锐海流体科技有限公司,100,A
成都锐点精密工具有限公司,100,A
成都锐理数据处理技术股份有限公司,100,A
成都锐申信息技术有限公司,100,A
成都锐科软控科技有限公司,100,A
成都锐美特新材料科技有限公司,90,A
成都锐翼互动企业营销策划有限公司,100,A
成都锐能科技有限公司,100,A
成都锐腾精密工具有限公司,100,A
成都锐芯盛通电子科技有限公司,100,A
成都锐菲网络科技有限公司,100,A
成都锐行慧创科技有限公司,90,A
成都锐视医学影像诊断中心有限公司,90,A
成都锐视机电设备有限公司,100,A
成都锐起环保科技有限公司,85,B
成都锐达自动控制有限公司,100,A
成都锐进伟业科技有限公司,100,A
成都锐钶特瑞科技有限公司,100,A
成都锐阳伟业科技有限公司,75,C
成都锐领客科技有限公司,90,A
成都锐龙机械制造有限公司,90,A
成都锢德科技有限公司,90,A
成都锦云时代科技有限公司,100,A
成都锦兴机电有限责任公司,90,A
成都锦创源软件有限公司,90,A
成都锦华药业有限责任公司,90,A
成都锦城青年科技有限公司,100,A
成都锦天联华科技有限责任公司,100,A
成都锦天芯微电子有限公司,90,A
成都锦安器材有限责任公司,100,A
成都锦安科技有限公司,90,A
成都锦尚世纪文化传播有限公司,90,A
成都锦德浩然环境技术有限公司,100,A
成都锦悦创信息技术有限公司,90,A
成都锦悦智造科技有限公司,100,A
成都锦春科技有限责任公司,90,A
成都锦杨科技有限公司,90,A
成都锦格电子科技有限公司,100,A
成都锦欣博悦生物科技有限公司,90,A
成都锦江电子系统工程有限公司,100,A
成都锦沅广智科技有限公司,90,A
成都锦沪新材料有限公司,90,A
成都锦泰和医药化学技术有限公司,100,A
成都锦泰宏威科技有限公司,95,A
成都锦泽源环保科技有限公司,100,A
成都锦涛光电有限公司,100,A
成都锦润达科技有限公司,90,A
成都锦潭峰生态环境科技有限公司,90,A
成都锦程佳鑫汽车服务有限公司,90,A
成都锦胜雾森环保科技有限公司,100,A
成都锦蓉华科技有限公司,90,A
成都锦融达科技有限公司,80,B
成都锦西数智科技有限公司,90,A
成都锦跃科技有限公司,100,A
成都锦途网络科技有限公司,100,A
成都锦通档案管理服务有限公司,100,A
成都锦逸恒信科技有限公司,90,A
成都锦钛精工科技有限公司,100,A
成都锦铄科技有限公司,90,A
成都镁克孵化器管理有限公司,90,A
成都镓矽微晟电子科技有限公司,90,A
成都镭远光电技术有限公司,90,A
成都长之琳航空制造有限公司,90,A
成都长信致远科技有限公司,90,A
成都长兴旺建筑工程有限公司,90,A
成都长兴物流有限公司,90,A
成都长力元生物科技有限公司,100,A
成都长城切削刀具有限责任公司,100,A
成都长城切削刀具有限责任公司,90,A
成都长城开发科技股份有限公司,80,B
成都长宜量科技有限公司,80,B
成都长客新筑轨道交通装备有限公司,100,A
成都长征电气科技有限公司,95,A
成都长歌科技有限公司,100,A
成都长江热缩材料有限公司,100,A
成都长波仪器有限公司,90,A
成都长益西联软件有限公司,100,A
成都长石环保科技有限公司,100,A
成都长空电子有限公司,90,A
成都长空飞宇航空科技有限公司,100,A
成都长虹网络科技有限责任公司,100,A
成都长迪传感技术有限公司,100,A
成都长陆智能科技有限责任公司,100,A
成都门前有树科技有限公司,90,A
成都门堂文化传播有限公司,100,A
成都闪亮大屏科技有限公司,85,B
成都闪应科技有限公司,90,A
成都闪玩科技有限公司,90,A
成都闪电猫科技有限公司,90,A
成都闪耀互动科技有限公司,90,A
成都闪银科技有限公司,100,A
成都闪飞科技有限公司,90,A
成都问道生涯企业管理咨询有限公司,90,A
成都问道生涯教育科技有限公司,90,A
成都闻一科技有限公司,100,A
成都闻博信息技术有限公司,90,A
成都闻图科技有限公司,90,A
成都闻得科技有限公司,95,A
成都闻通通信技术有限责任公司,95,A
成都阀智宝数字液压设备有限公司,100,A
成都阅听科技有限公司,90,A
成都阜特科技股份有限公司,100,A
成都阳光动力文化传播有限公司,100,A
成都阳光绿化有限责任公司,100,A
成都阳光铝制品有限公司,80,B
成都阳凡光电科技有限公司,100,A
成都阳帆网络科技有限公司,90,A
成都阳洋福行实业有限公司,75,C
成都阳辰物联天下科技有限公司,100,A
成都阿凯思信息技术有限公司,100,A
成都阿加犀智能科技有限公司,90,A
成都阿发狗网络有限公司,70,C
成都阿哇龙互动娱乐有限公司,90,A
成都阿哇龙科技有限公司,100,A
成都阿哇龙网络传媒有限公司,90,A
成都阿商信息技术有限公司,100,A
成都阿尔刚雷科技有限公司,90,A
成都阿尔刚雷绝电插座制造有限公司,100,A
成都阿尔刚雷绝电电工科技有限公司,100,A
成都阿尔匹纪科技有限公司,90,A
成都阿尔法云网络科技有限公司,80,B
成都阿尔法电子科技有限公司,95,A
成都阿尔码科技有限公司,90,A
成都阿帕克生物科技有限公司,100,A
成都阿思克码网络科技有限公司,100,A
成都阿托姆智能技术有限公司,90,A
成都阿斯特克国龙环保工程有限公司,85,B
成都阿斯贝瑞科技有限公司,100,A
成都阿普奇科技股份有限公司,100,A
成都阿朗科技有限责任公司,100,A
成都阿波波自动化设备有限公司,100,A
成都阿泰克特种石墨有限公司,100,A
成都阿牛网络科技有限公司,90,A
成都阿特万超声波设备有限公司,100,A
成都阿瓦隆数字娱乐科技有限公司,100,A
成都阿纳海姆电子科技有限公司,90,A
成都阿莱克利科技有限公司,90,A
成都阿莱夫信息技术有限公司,100,A
成都阿诺捷印刷设备有限公司,100,A
成都陆拓信息技术有限公司,90,A
成都陆格智绘科技有限公司,90,A
成都陆玖军通科技有限责任公司,95,A
成都陆盛智能装备有限公司,100,A
成都陆迪盛华科技有限公司,90,A
成都陆迪科技股份有限公司,100,A
成都陆面体科技有限公司,100,A
成都陈泷张科技有限责任公司,90,A
成都陌云科技有限公司,100,A
成都陵川常友汽车部件制造有限公司,100,A
成都陵川特种工业有限责任公司,100,A
成都陵川车用油箱有限公司,90,A
成都陶冶文化传播有限公司,90,A
成都隆华道信息科技有限公司,100,A
成都隆发机械有限公司,90,A
成都隆峰建材有限公司,100,A
成都隆纳生物科技有限公司,90,A
成都隆领科技有限公司,90,A
成都随喜科技有限公司,90,A
成都随如科技有限公司,90,A
成都随安保网络技术有限公司,100,A
成都随帆科技有限公司,90,A
成都随机森林科技有限公司,90,A
成都随锐云科技有限公司,100,A
成都雄关阻路机械制造有限公司,90,A
成都雄博科技发展有限公司,100,A
成都雄呈致友展示展览有限公司,90,A
成都雄毅科技有限公司,100,A
成都雄泰环保科技开发有限公司,100,A
成都雄鹿新能源汽车科技有限公司,100,A
成都雅乐鲜生物科技有限公司,100,A
成都雅信安科技服务有限公司,100,A
成都雅典那科技有限公司,95,A
成都雅利科技有限公司,90,A
成都雅印电子科技有限公司,90,A
成都雅威科技有限公司,90,A
成都雅志科技有限责任公司,100,A
成都雅思欧科技有限公司,90,A
成都雅斯特家私有限公司,100,A
成都雅橙科技有限公司,90,A
成都雅洁包装有限公司,100,A
成都雅源科技有限公司,100,A
成都雅熙科技有限公司,100,A
成都雅艺林科技有限公司,90,A
成都雅途生物技术有限公司,100,A
成都雅骏新能源汽车科技股份有限公司,80,B
成都雅骏新能源科技有限公司,90,A
成都雅鲁科技有限公司,80,B
成都集佳科技有限公司,100,A
成都集合工业技术有限公司,90,A
成都集善健康科技有限公司,100,A
成都集奇信息技术有限公司,100,A
成都集客创享企业管理有限公司,90,A
成都集志达科技有限公司,90,A
成都集思创科技有限公司,90,A
成都集思科技有限公司,45,E
成都集思鸣智科技有限公司,90,A
成都集惠科技有限公司,90,A
成都集数创新科技有限公司,90,A
成都集智堂文化传播有限公司,100,A
成都集智天成科技有限公司,90,A
成都集目科技有限公司,90,A
成都集致生活科技有限公司,100,A
成都集达典科技有限公司,90,A
成都雍熙聚材科技有限公司,90,A
成都雨云科技有限公司,100,A
成都雨墨科技有限公司,100,A
成都雨声网络科技有限公司,100,A
成都雨意信息技术有限公司,90,A
成都雨燕农业开发有限公司,90,A
成都雨瑞蓝果果农业科技有限公司,100,A
成都雨神电竞科技股份有限公司,95,A
成都雨航创科科技有限公司,100,A
成都雨诺信息技术有限公司,100,A
成都零一通途科技有限公司,90,A
成都零佳壹信息技术有限公司,90,A
成都零六生物科技有限公司,90,A
成都零动网络科技有限公司,100,A
成都零压之家信息技术有限公司,100,A
成都零启自动化控制技术有限公司,100,A
成都零壹众科技有限公司,100,A
成都零星科技有限公司,90,A
成都零机科技有限公司,90,A
成都零极界科技有限公司,90,A
成都零点信息技术有限公司,90,A
成都零点六一八科技有限公司,100,A
成都零点壹信息技术有限公司,90,A
成都零点科技有限公司,100,A
成都零益科技有限公司,90,A
成都零起点科技有限责任公司,100,A
成都零距互创科技有限责任公司,100,A
成都零零柒科技发展有限公司,100,A
成都雷之声科技有限公司,90,A
成都雷人科技有限公司,100,A
成都雷兽互动科技有限公司,100,A
成都雷创通信息科技有限公司,90,A
成都雷博仕智能科技有限公司,100,A
成都雷博防雷技术有限公司,100,A
成都雷古勒斯科技有限公司,90,A
成都雷奥风电传感器有限公司,100,A
成都雷尼尔科技有限公司,100,A
成都雷探科技有限公司,90,A
成都雷斯特科技有限公司,70,C
成都雷特尔卡电子信息技术有限责任公司,90,A
成都雷电微力科技股份有限公司,100,A
成都雷神时代科技有限公司,90,A
成都雷科智能科技有限公司,90,A
成都雷耳兔科技有限公司,90,A
成都雷通科技有限公司,100,A
成都雷隐科技有限公司,100,A
成都霁源科技有限公司,100,A
成都震元信息技术有限公司,90,A
成都震道科技有限公司,90,A
成都震风航空技术有限公司,85,B
成都霍姆赛福科技有限公司,90,A
成都霍睦斯电气有限公司,95,A
成都霖动科技有限公司,90,A
成都霖菡科技有限公司,90,A
成都露思特新材料科技有限公司,90,A
成都霸屏熊科技有限公司,90,A
成都青之欣生物科技有限公司,90,A
成都青云之上信息科技有限公司,100,A
成都青云优创科技有限公司,90,A
成都青云石智能科技有限公司,100,A
成都青冶正星金属制品有限公司,100,A
成都青山利康药业股份有限公司,100,A
成都青山实业有限责任公司,95,A
成都青岗科技有限公司,90,A
成都青岚科技有限公司,90,A
成都青年宏图信息技术有限公司,90,A
成都青恒实创科技有限公司,100,A
成都青木团膳餐饮管理有限公司,100,A
成都青杉汽车有限公司,100,A
成都青沐原网络科技有限公司,90,A
成都青沐广告设计有限公司,90,A
成都青洋电子材料有限公司,95,A
成都青源盛达环保科技有限公司,90,A
成都青瓷软件技术有限公司,90,A
成都青石万维科技有限公司,100,A
成都青石激光科技有限公司,90,A
成都青羊春语医疗美容门诊部有限公司,100,A
成都青翎科技有限公司,90,A
成都青舟特机环境技术有限公司,90,A
成都青色科技有限公司,90,A
成都青苔互动科技有限公司,90,A
成都青苗兴环保科技有限公司,90,A
成都青蓉鼎创科技有限公司,90,A
成都青软智控科技有限公司,90,A
成都青软青之软件有限公司,100,A
成都青迅科技有限公司,100,A
成都靖尧通信技术有限公司,100,A
成都静距离科技有限公司,90,A
成都非凡互动科技有限公司,90,A
成都非凡无限科技有限公司,90,A
成都非米文化传播集团有限公司,100,A
成都非络通达科技有限公司,80,B
成都非闻广告有限公司,90,A
成都韦科罗科技有限公司,90,A
成都韩尚科技有限公司,100,A
成都韩希云遇科技有限公司,90,A
成都韩希科技有限公司,100,A
成都韫晟网络科技有限公司,90,A
成都音像出版社有限公司,95,A
成都音悦创想科技有限公司,100,A
成都音旋生命动力科技有限公司,90,A
成都音泰思科技有限公司,100,A
成都音秀科技有限公司,90,A
成都音赛特科技有限公司,90,A
成都音非智能物流装备有限公司,100,A
成都韵弘科技有限公司,100,A
成都韵能科技有限公司,90,A
成都页游科技股份有限公司,100,A
成都顶新包装有限公司,90,A
成都顶智时代信息技术有限公司,100,A
成都顶逸商务服务有限公司,90,A
成都顺为超导科技股份有限公司,90,A
成都顺事成科技有限公司,90,A
成都顺佳美恒新材料有限公司,100,A
成都顺元农产品有限公司,100,A
成都顺利华自动化设备有限公司,90,A
成都顺动科技有限公司,100,A
成都顺势为科技有限公司,100,A
成都顺千和科技有限公司,90,A
成都顺发消洗科技有限公司,100,A
成都顺康三森电子有限责任公司,100,A
成都顺康电子有限责任公司,100,A
成都顺晟电气有限责任公司,100,A
成都顺泰焊接设备有限责任公司,100,A
成都顺泽智科技有限责任公司,100,A
成都顺洋科技发展有限公司,100,A
成都顺点科技有限公司,100,A
成都顺玻富威科技有限公司,100,A
成都顺益通信息技术有限公司,90,A
成都顺腾科技有限责任公司,100,A
成都顺达世纪机械设备有限公司,100,A
成都顺韵达物流科技集团股份有限公司,95,A
成都顺鹏达科技有限公司,90,A
成都顽皮猫网络科技有限公司,100,A
成都顾连锦宸康复医院有限公司,100,A
成都顿威新型金属材料有限公司,100,A
成都颂佳科技有限公司,100,A
成都颂扬科技有限公司,90,A
成都预见信息技术有限公司,90,A
成都领克汽车有限公司,90,A
成都领客教育咨询有限公司,80,B
成都领得科技有限公司,90,A
成都领御生物技术有限公司,90,A
成都领格文化传播有限公司,90,A
成都领氪科技有限公司,90,A
成都领沃网络技术有限公司,100,A
成都领沃网络技术有限公司,100,A
成都领派科技有限公司,100,A
成都领源教育科技有限公司,100,A
成都领燊木业有限公司,90,A
成都领益科技有限公司,100,A
成都领益通信技术有限公司,90,A
成都领目科技有限公司,90,A
成都领科绿色科技有限公司,90,A
成都领速文化传播有限公司,90,A
成都领鑫安科技有限公司,100,A
成都颉达科技有限公司,90,A
成都颌一正美科技有限公司,90,A
成都颐加壹格文化传媒有限公司,90,A
成都颐合恒瑞医疗科技有限公司,100,A
成都颐和电子科技有限责任公司,100,A
成都颐泰智能科技股份有限公司,100,A
成都颐玖信息技术有限公司,100,A
成都颐讯科技有限公司,100,A
成都频岢微电子有限公司,90,A
成都频泰医疗设备有限公司,90,A
成都颖创科技有限公司,90,A
成都颖辉企业管理服务有限公司,90,A
成都额滴神啊网络科技有限公司,90,A
成都颢瑞博智能科技有限公司,90,A
成都风之旅人科技有限公司,90,A
成都风之谷网络科技有限公司,100,A
成都风云万象信息科技有限公司,90,A
成都风吹曼山网络科技有限公司,90,A
成都风尚易狗科技有限公司,100,A
成都风悟科技有限公司,90,A
成都风暴智创信息技术有限责任公司,90,A
成都风灵网络科技有限公司,90,A
成都风腾伟业科技有限公司,100,A
成都风行科技有限公司,100,A
成都风行绿洲科技有限公司,80,B
成都风起科技有限公司,100,A
成都风际网络科技股份有限公司,100,A
成都风雷电迅科技有限公司,90,A
成都风驰互动科技有限公司,90,A
成都风驰电网络科技有限公司,90,A
成都飓风地带科技有限公司,100,A
成都飞云科技有限公司,90,A
成都飞亚航空设备应用研究所有限公司,90,A
成都飞企云网软件有限公司,90,A
成都飞凡微盾生物科技有限公司,90,A
成都飞创环保设备有限公司,100,A
成都飞创科技有限公司,100,A
成都飞勤科技有限公司,100,A
成都飞匠智能科技有限公司,90,A
成都飞图科技有限公司,90,A
成都飞天火翼科技有限公司,80,B
成都飞天科技有限责任公司,90,A
成都飞天联合网络技术有限公司,90,A
成都飞宇互娱网络科技有限公司,90,A
成都飞峻天达汽车服务有限公司,90,A
成都飞快科技有限公司,90,A
成都飞恩通信科技有限公司,100,A
成都飞戈医疗科技有限公司,100,A
成都飞擎航空科技有限公司,90,A
成都飞易达科技有限公司,90,A
成都飞机工业集团电子科技有限公司,100,A
成都飞机工业（集团）有限责任公司,100,A
成都飞派科技有限公司,90,A
成都飞瑶网络科技有限公司,90,A
成都飞美文化创意有限公司,90,A
成都飞翰信息技术有限公司,100,A
成都飞翼数字科技股份有限公司,60,D
成都飞翼通科技有限公司,100,A
成都飞航智云科技有限公司,100,A
成都飞英思特科技有限公司,90,A
成都飞蝠科技有限公司,80,B
成都飞视美视频技术有限公司,100,A
成都飞进网络科技有限公司,90,A
成都飞速互通网络技术有限公司,100,A
成都飞逸计算机服务有限公司,100,A
成都飞驰迅自动化设备有限公司,100,A
成都飞鱼星科技股份有限公司,100,A
成都飞鱼星空科技有限公司,90,A
成都飞龙航空科技有限公司,100,A
成都食为天科技有限公司,90,A
成都食特优特医电子商务有限公司,90,A
成都食铁兽科技有限公司,90,A
成都首位思路科技有限公司,100,A
成都首因科技有限公司,100,A
成都首尚简乐科技有限公司,100,A
成都首达科技有限公司,90,A
成都香榭时代科技有限公司,100,A
成都香江美达商贸有限公司,90,A
成都香贝儿食品有限公司,80,B
成都香香嘴豆制品有限公司,90,A
成都馥云源科技有限公司,90,A
成都馨秀文化传媒有限责任公司,90,A
成都马上到科技有限公司,95,A
成都马之家农业有限公司,90,A
成都马克西文化科技有限公司,80,B
成都马踏飞燕科技有限公司,90,A
成都马里千科技有限公司,90,A
成都马马优鲜科技有限公司,90,A
成都驭空智创航空科技有限公司,90,A
成都驭霖通用设备有限公司,100,A
成都驭风行空天科技有限公司,90,A
成都驰云科技有限公司,100,A
成都驰游网络科技有限公司,90,A
成都驰通数码系统有限公司,95,A
成都驷博生物科技有限公司,90,A
成都驻下科技文化有限公司,90,A
成都驾了么网络科技有限公司,90,A
成都驾仕科技有限公司,100,A
成都驿斯特新材料有限公司,100,A
成都驿风铃信息科技有限公司,100,A
成都骁博锐电子科技有限责任公司,85,B
成都骄桐科技有限公司,90,A
成都骏仕汽车维修有限公司,100,A
成都骏凯恒丰科技有限公司,100,A
成都骏创科技有限公司,100,A
成都骏加科技有限责任公司,80,B
成都骏瑞网络科技有限公司,90,A
成都骏盛科技有限责任公司,100,A
成都骏轩科技有限公司,100,A
成都骥子龙文信息技术有限公司,80,B
成都骧豆数据科技有限公司,90,A
成都高之发科技有限公司,90,A
成都高仕华章教育科技有限公司,90,A
成都高伟达信息技术有限公司,100,A
成都高分离心机有限公司,100,A
成都高博科技有限公司,90,A
成都高参品牌管理咨询有限公司,90,A
成都高建环境卫生服务有限公司,80,B
成都高御信息科技有限公司,100,A
成都高德唯斯科技股份有限公司,100,A
成都高斯智慧电子科技有限公司,100,A
成都高斯电子技术有限公司,100,A
成都高新加原机电设备安装有限公司,90,A
成都高新区华汇实业有限公司,90,A
成都高新区正通特种材料厂,95,A
成都高新圣乔其综合门诊有限公司,90,A
成都高新基预医学检验实验室有限公司,90,A
成都高新多奇互娱数字科技有限公司,90,A
成都高新宸西科技有限公司,90,A
成都高新愿景数字科技有限公司,90,A
成都高新物联网科技有限公司,100,A
成都高新科技创新投资发展集团有限公司,100,A
成都高新达安医学检验有限公司,95,A
成都高昕光学科技有限公司,90,A
成都高普石油工程技术有限公司,90,A
成都高智生物科技有限公司,90,A
成都高智高软件开发有限公司,90,A
成都高标电气有限公司,100,A
成都高清源信息技术有限公司,90,A
成都高界科技有限公司,90,A
成都高登西格玛科技有限公司,90,A
成都高翠银和生物科技有限公司,90,A
成都高迈微电子有限公司,90,A
成都高阳信息技术有限公司,100,A
成都高顺立建科技有限公司,90,A
成都高领里科技有限公司,90,A
成都鬼脸科技有限公司,100,A
成都魂动天下网络科技有限公司,100,A
成都魅力互链信息技术有限公司,90,A
成都魏锂新能源科技有限公司,100,A
成都魔力百聚科技有限公司,100,A
成都魔力石科技有限公司,100,A
成都魔匠数码科技有限公司,90,A
成都魔方映像文化传播有限公司,90,A
成都魔木科技有限公司,90,A
成都魔极科技有限公司,90,A
成都魔法天堂科技有限公司,100,A
成都魔狮网络科技有限公司,90,A
成都魔豆互动科技有限公司,85,B
成都魔鱼鱼科技有限公司,90,A
成都魔鲸科技有限公司,90,A
成都鱼住未来科技有限公司,100,A
成都鱼泡科技有限公司,100,A
成都鱼游濠上科技有限公司,90,A
成都鱼爪智云知识产权代理有限公司,80,B
成都鱼翔生物科技有限公司,90,A
成都鱼说科技有限公司,80,B
成都鲁易科技有限公司,90,A
成都鲁晨新材料科技有限公司,100,A
成都鲁班建业科技股份有限公司,100,A
成都鲁班旗号科技有限公司,75,C
成都鲜美诚食品有限公司,90,A
成都鲲游科技有限公司,100,A
成都鲵肽生物科技有限公司,90,A
成都鲸歌信息技术有限公司,90,A
成都鲸湛电子科技有限责任公司,90,A
成都鲸苇科技有限公司,90,A
成都鸣睿智化科技有限公司,90,A
成都鸣石峻致科技有限公司,90,A
成都鸣诺科技有限公司,100,A
成都鸯岚莺科技有限公司,90,A
成都鸽传文化科技有限公司,90,A
成都鸾翔凤集食品有限公司,90,A
成都鸿业远图科技有限公司,90,A
成都鸿信木业有限公司,100,A
成都鸿兴运达科技有限公司,100,A
成都鸿创机械有限公司,100,A
成都鸿合爱课堂科技有限公司,100,A
成都鸿启兴电子科技有限公司,90,A
成都鸿图超越科技有限公司,100,A
成都鸿堒电子机械有限公司,100,A
成都鸿学金信商务咨询有限公司,100,A
成都鸿宇微通电子科技有限责任公司,100,A
成都鸿宇成电之星科技有限公司,100,A
成都鸿宇智合科技有限公司,90,A
成都鸿安泰达科技发展有限公司,100,A
成都鸿尹生物科技有限公司,90,A
成都鸿展慧智科技有限公司,90,A
成都鸿思达科技有限公司,100,A
成都鸿昇电子科技有限公司,90,A
成都鸿沫飞天科技有限公司,70,C
成都鸿泰兴达科技有限公司,100,A
成都鸿泰机械有限公司,100,A
成都鸿泰科技有限公司,100,A
成都鸿润德川新材料科技有限公司,90,A
成都鸿源盛纪科技有限公司,90,A
成都鸿源航空动力制造有限公司,90,A
成都鸿源达电子有限公司,100,A
成都鸿源远科技有限公司,90,A
成都鸿源锦程机器人有限公司,85,B
成都鸿瑞韬科技有限公司,100,A
成都鸿睿光电科技有限公司,90,A
成都鸿睿博科技有限公司,90,A
成都鸿硕精密模具有限公司,100,A
成都鸿福安科技有限公司,90,A
成都鸿福莱汽车零部件有限公司,100,A
成都鸿程云科技有限公司,100,A
成都鸿立芯半导体有限公司,100,A
成都鸿翔环卫服务有限公司,100,A
成都鸿芯光电通信有限公司,100,A
成都鸿象科技有限公司,90,A
成都鸿远智信科技有限公司,100,A
成都鸿道科技有限公司,100,A
成都鸿钰网络科技有限公司,100,A
成都鸿雁星链科技有限公司,90,A
成都鸿鹤科技有限公司,90,A
成都鹅掌楸科技有限公司,90,A
成都鹊山科技有限公司,100,A
成都鹏业软件股份有限公司,95,A
成都鹏华科技有限公司,85,B
成都鹏德商贸有限公司,100,A
成都鹏程路桥机械有限公司,100,A
成都鹏翎胶管有限责任公司,100,A
成都鹏翔生物科技有限公司,90,A
成都鹏辉科技有限公司,90,A
成都鹏通科技有限公司,90,A
成都鹏钛防务科技有限公司,100,A
成都鹏顺汽车配件有限公司,100,A
成都鹤祥天药业有限公司,90,A
成都鹭升科技有限公司,100,A
成都鹭安科技有限公司,100,A
成都鹰击长空科技有限公司,90,A
成都鹰明智通科技股份有限公司,95,A
成都鹰皇科技有限公司,100,A
成都鹰视线广告有限公司,100,A
成都鹰誉科技有限公司,100,A
成都鹰谷米特科技有限公司,90,A
成都鹰鳐科技有限公司,90,A
成都鹿归网络科技有限公司,90,A
成都鹿鸣漫雅企业管理有限责任公司,90,A
成都鹿鼎科技有限公司,90,A
成都麒漫科技有限公司,100,A
成都麒麟金服科技有限公司,90,A
成都麒麟飞图数字科技有限公司,90,A
成都麓川环保科技有限公司,90,A
成都麟动科技有限公司,100,A
成都麟川科技有限公司,90,A
成都麟晨科技有限公司,90,A
成都麟江科技有限公司,90,A
成都麟洋生物科技有限公司,90,A
成都麟游互动科技有限公司,100,A
成都麟通科技有限公司,100,A
成都麟鑫泰来科技有限公司,100,A
成都麦克斯机械设备有限公司,90,A
成都麦克智造信息技术有限公司,90,A
成都麦克维斯节能新材料有限公司,100,A
成都麦克维斯高性能涂料有限公司,100,A
成都麦克诺威电子科技有限公司,90,A
成都麦克韦科技有限公司,90,A
成都麦加互动文化传播有限公司,90,A
成都麦子君科技有限公司,90,A
成都麦小兜网络科技有限责任公司,90,A
成都麦帮信息科技有限公司,90,A
成都麦思多维科技有限公司,90,A
成都麦斯威能源技术有限公司,90,A
成都麦斯科技有限公司,90,A
成都麦智克科技有限公司,90,A
成都麦杰康科技有限公司,100,A
成都麦果科技有限公司,100,A
成都麦柯系统集成有限公司,100,A
成都麦特斯科技有限公司,100,A
成都麦禾文化传播有限公司,100,A
成都麦西文化传播有限公司,90,A
成都麦赛科技有限公司,90,A
成都麦进斗科技有限公司,90,A
成都麦迪信医疗科技有限公司,100,A
成都麦隆电气有限公司,85,B
成都麦鱼科技有限公司,90,A
成都麻沸散医药科技有限公司,90,A
成都黄金地真空技术开发有限公司,95,A
成都黎声科技有限公司,90,A
成都黎派家具有限公司,100,A
成都黑启数码科技有限公司,90,A
成都黑奇装饰设计有限公司,90,A
成都黑帕云信息技术有限公司,90,A
成都黑弧网络科技有限公司,100,A
成都黑探科技有限公司,100,A
成都黑格子科技有限公司,100,A
成都黑狐科技有限公司,100,A
成都黑白互动科技有限公司,90,A
成都黑盒子科技有限公司,100,A
成都黑盒子科技有限公司,100,A
成都黑盒子科技有限公司,100,A
成都黑索软件有限公司,90,A
成都黑维够动漫设计有限公司,90,A
成都黑胡子科技有限公司,90,A
成都黑萤科技有限责任公司,90,A
成都黑蚁文化创意集团股份有限公司,100,A
成都黑豆信息技术有限责任公司,90,A
成都黑贝景观规划设计有限公司,100,A
成都黑领科技有限公司,90,A
成都黑马互娱科技有限公司,90,A
成都黑鸦数码科技有限公司,95,A
成都黑麦设计顾问有限公司,90,A
成都默立商务信息咨询有限公司,90,A
成都默能智能设备有限公司,80,B
成都默闻科技有限公司,90,A
成都黝影科技有限公司,100,A
成都鼎亨科技有限公司,100,A
成都鼎信精控科技有限公司,90,A
成都鼎元百纳信息技术有限公司,100,A
成都鼎冠机电设备工程有限公司,95,A
成都鼎创讯通信息技术有限公司,100,A
成都鼎力科技有限公司,90,A
成都鼎和泰达科技有限公司,90,A
成都鼎安共创企业管理有限公司,90,A
成都鼎安华智慧物联网股份有限公司,100,A
成都鼎安华智慧物联网股份有限公司,100,A
成都鼎安华智慧物联网股份有限公司,100,A
成都鼎尖展览展示有限公司,100,A
成都鼎尚特奈遮阳技术有限公司,100,A
成都鼎尚空间家居有限公司,100,A
成都鼎屹信息技术有限公司,100,A
成都鼎峰盛现代农业机械有限公司,90,A
成都鼎川商贸有限责任公司,90,A
成都鼎成测控系统有限公司,90,A
成都鼎成科技有限公司,100,A
成都鼎昊科技有限公司,100,A
成都鼎易精密模具有限公司,100,A
成都鼎桥通信技术有限公司,100,A
成都鼎毅维元科技有限公司,100,A
成都鼎洋家具有限公司,100,A
成都鼎洋构件有限责任公司,100,A
成都鼎派生物科技有限公司,90,A
成都鼎益汇科技有限公司,90,A
成都鼎盛天创科技有限公司,90,A
成都鼎盛泰科信息技术有限公司,90,A
成都鼎盛烽会务服务有限公司,90,A
成都鼎盛盈天科技有限公司,90,A
成都鼎盛联波科技有限公司,90,A
成都鼎耀智能科技有限公司,60,D
成都鼎胜科技有限公司,100,A
成都鼎融科技有限责任公司,100,A
成都鼎诚宇飞能源科技有限公司,100,A
成都鼎逸网络科技有限公司,90,A
成都鼎铸信息技术有限公司,90,A
成都鼎集文化传播有限公司,90,A
成都鼎霖通讯设备有限公司,100,A
成都鼓班科技有限公司,90,A
成都齐创友康环保科技有限公司,100,A
成都齐友科技有限公司,100,A
成都齐平科技有限公司,100,A
成都齐沃农业科技有限公司,90,A
成都齐济科技有限公司,80,B
成都齐盟复华环境科技有限公司,90,A
成都齐碳科技有限公司,90,A
成都齐立兴科技有限公司,100,A
成都齐美家网络科技有限公司,95,A
成都齐联微波科技有限公司,100,A
成都齐荣科技有限公司,100,A
成都齐达水处理工程股份有限公司,80,B
成都龙之力科技有限公司,90,A
成都龙之杰医疗设备有限公司,100,A
成都龙之泉科技股份有限公司,95,A
成都龙也数码科技有限公司,100,A
成都龙南汽车维修有限公司,100,A
成都龙奥弹簧制造有限公司,95,A
成都龙强科技有限责任公司,100,A
成都龙成高新材料有限公司,90,A
成都龙曜时代网络科技有限公司,90,A
成都龙棠汽车科技有限公司,85,B
成都龙欣印务有限公司,100,A
成都龙泰工业气体有限公司,100,A
成都龙渊奇迹网络科技有限公司,95,A
成都龙渊盛世科技有限公司,90,A
成都龙渊网络科技有限公司,70,C
成都龙源科能机械设备有限公司,100,A
成都龙瀛电力电子实业有限公司,100,A
成都龙珠净水设备有限公司,100,A
成都龙瑞汽车配件有限公司,100,A
成都龙璞电子科技有限公司,90,A
成都龙盛中天科技有限责任公司,100,A
成都龙科重型机械制造有限公司,95,A
成都龙翔达科技有限公司,100,A
成都龙腾信达科技有限公司,90,A
成都龙芙农业科技有限公司,85,B
成都龙芯高通信息技术有限公司,90,A
成都龙衔草生物科技有限公司,90,A
成都龙裕天凌电子科技有限公司,100,A
成都龙象科技股份有限公司,100,A
成都龙门鲤鱼文化传媒有限公司,90,A
成都龙麒堂科技有限公司,90,A
成长客成都科技有限公司,90,A
成颂信息科技有限公司,90,A
我和她品牌管理（成都）有限公司,90,A
打开账本（成都）供应链管理有限责任公司,100,A
扬子江药业集团四川海蓉药业有限公司,95,A
找门（成都）网络科技有限公司,85,B
拉萨大公建设工程管理咨询有限责任公司,100,A
拉货宝网络科技有限责任公司,100,A
拓米（成都）应用技术研究院有限公司,100,A
拜奥飞生物技术（成都）有限公司,90,A
拜欧迪赛尔（成都）生物科技有限公司,90,A
捷安特（成都）有限公司,100,A
捷昊电力工程（成都）有限公司,90,A
捷贝通石油技术集团股份有限公司,100,A
捷闻（成都）生物科技有限公司,90,A
掌如科技（成都）有限公司,90,A
掌寻天下成都网络技术有限公司,80,B
掌起（成都）智能科技有限公司,90,A
探哲智能科技有限公司,90,A
推敲互动（成都）科技有限公司,90,A
揽翠科技有限公司,100,A
攀钢集团成都钢钒有限公司,70,C
敏捷安全科技（徐州）有限公司,90,A
敦阳泰克科技（成都）有限公司,100,A
数字方阵（成都）科技有限公司,90,A
数智起源（成都）科技有限公司,90,A
数译（成都）信息技术有限公司,90,A
数链金科（成都）科技有限公司,90,A
文博安全科技有限公司,90,A
斗楞个（成都）科技有限公司,90,A
斯比泰电子（成都）有限公司,95,A
斯马特诊断技术（成都）有限公司,90,A
新交投（成都）大数据有限责任公司,90,A
新凯云杰科技有限公司,90,A
新千里装饰股份有限公司,100,A
新华三云计算技术有限公司,100,A
新华三半导体技术有限公司,90,A
新华网四川有限公司,95,A
新地中联工程设计有限公司,100,A
新比隆阀门股份有限公司,90,A
新沂中科宏信科技发展有限公司,90,A
新沂青上信息科技有限公司,85,B
新津三桥预应力有限公司,100,A
新津腾中筑路机械有限公司,65,D
新津邦得科技有限公司,95,A
新腾数致网络科技有限公司,90,A
新蛋科技（成都）有限公司,100,A
新路国际环境工程有限公司,90,A
新迎顺信息技术股份有限公司,90,A
新都区清流镇清泉家庭农场,90,A
方雷（成都）科技有限公司,90,A
无锡亦泰科技有限公司,90,A
无锡卓尧兴瑞科技有限公司,90,A
无锡卡尔斯曼科技有限公司,90,A
无锡汇网一三科技有限公司,90,A
无锡润方达人工智能科技有限公司,90,A
旭易通（成都）智能科技有限公司,90,A
旭普云智慧空间信息技术有限公司,100,A
时行网数（成都）科技有限公司,90,A
昊华化工科技集团股份有限公司,85,B
昊然系统集成有限公司,100,A
昌恩能源科技成都有限公司,90,A
明涛知识产权集团有限公司,100,A
明珠家具股份有限公司,95,A
明腾网络股份有限公司,100,A
易停车物联网科技（成都）有限公司,90,A
易创拓联成都科技有限公司,100,A
易创经云数字科技有限公司,95,A
易力安（成都）生物科技有限公司,90,A
易多销成都科技有限公司,100,A
易安信信息技术研发（成都）有限公司,100,A
易视飞科技成都有限公司,90,A
昕中和成都胶业有限公司,100,A
星云飞救（成都）医疗科技股份有限公司,100,A
星凡星启（成都）科技有限公司,90,A
星木未来科技（成都）有限公司,90,A
星杓（成都）信息科技有限公司,90,A
星潮信息技术（成都）有限公司,100,A
星火启程（成都）科技有限公司,90,A
星环视界智能科技（成都）有限公司,100,A
昱格电子科技有限公司,100,A
晓智未来（成都）科技有限公司,100,A
晓智未来（成都）科技有限公司,100,A
晖马中欧汽车科技成都有限公司,70,C
晟元先锋（成都）环保科技有限责任公司,90,A
晨越建设项目管理集团股份有限公司,75,C
晨越建设项目管理集团股份有限公司,75,C
普密特（成都）医疗科技有限公司,90,A
普文博泰生物科技（成都）有限公司,90,A
普益智慧云科技（成都）有限公司,90,A
普益达科信息技术有限公司,90,A
普诚创智（成都）科技有限公司,100,A
普达迪泰（成都）智造研究院有限公司,90,A
普露夫建材成都有限公司,90,A
晶晨芯半导体（成都）有限公司,90,A
晶艺半导体有限公司,90,A
智慧云律（成都）网络服务有限公司,90,A
智普测医疗科技（成都）有限公司,90,A
智杰英才教育科技（成都）有限公司,80,B
智科云鑫（成都）科技有限公司,100,A
智菲科技集团有限公司,95,A
智谷云创（成都）信息科技股份有限公司,100,A
智达远方（成都）科技有限公司,90,A
智远工创（成都）科技有限公司,100,A
智远微科技（成都）有限公司,90,A
智通税创（成都）科技服务有限公司,90,A
智邦高科（成都）信息技术有限公司,100,A
智鑫电力（四川）有限公司,90,A
有趣青联科技（成都）有限公司,90,A
朗动科技咨询（成都）有限公司,100,A
木原建筑设计有限公司,100,A
未来建造成都科技有限公司,90,A
本源科仪（成都）科技有限公司,90,A
朴尔白（成都）科技有限公司,90,A
来孚汇健康科技成都有限公司,100,A
杰优特科技成都有限公司,90,A
杰华特微电子（成都）有限公司,90,A
杰夫微电子（四川）有限公司,100,A
松翰科技（成都）有限公司,100,A
极原国际健康管理服务有限公司,90,A
极境本草（成都）文旅有限公司,90,A
极客信安（成都）科技有限公司,90,A
极弦科技有限公司,90,A
极米科技股份有限公司,100,A
析谱科技（成都）有限公司,100,A
林克斯智能系统（成都）有限公司,90,A
枫国宏利信息科技服务（成都）有限公司,100,A
枫树谷（成都）科技有限责任公司,90,A
柏瑞天宇成都科技有限公司,90,A
柒零叁信息科技有限公司,100,A
查理奈特石油工程（成都）有限公司,90,A
柯华盛城市建筑规划设计有限责任公司,95,A
标杆电气集团有限公司,100,A
核工业西南建设集团有限公司,55,E
格尔康德（成都）生物科技有限公司,90,A
格星微电子科技成都有限公司,100,A
格物智造科技（成都）有限公司,90,A
桂笛食品（成都）有限责任公司,90,A
桑瑞思医疗科技有限公司,100,A
桑莱特成都西航港电气制造有限公司,100,A
桑葛石信息技术咨询（成都）有限公司,85,B
梓宁建设集团有限公司,65,D
梦思特科技（成都）有限公司,100,A
检书科技（成都）有限公司,100,A
森泉环境科技集团有限公司,100,A
森泰英格（成都）数控刀具股份有限公司,95,A
森烁（成都）公关顾问有限责任公司,90,A
森默（成都）科技有限公司,90,A
楷德电子工程设计有限公司,100,A
欢乐互娱（成都）网络科技有限公司,90,A
欢鼎科技成都有限公司,90,A
欧拉（中国）科技发展有限公司,70,C
正升环境科技股份有限公司,95,A
正升环境科技股份有限公司,95,A
正升环境科技股份有限公司,95,A
正华智慧企业管理咨询成都有限公司,90,A
正成卫星网络集团有限公司,90,A
正成集团工程有限公司,75,C
正洲科技（成都）有限公司,100,A
正洲科技（成都）有限公司,100,A
正采股份有限公司,90,A
比昂精准数字科技（成都）有限公司,90,A
毕私特信息科技（成都）有限公司,100,A
民航成都信息技术有限公司,100,A
民航成都物流技术有限公司,100,A
民航成都电子技术有限责任公司,100,A
民航机场建设集团西南设计研究院有限公司,100,A
民航机场成都电子工程设计有限责任公司,100,A
水润天府新材料有限公司,90,A
永亨科技集团有限公司,100,A
永信嘉业建设咨询有限公司,100,A
永发印务（四川）有限公司,100,A
永意新科技成都有限公司,100,A
汇亿盛（成都）电力科技有限公司,90,A
汇睿信通成都科技有限公司,100,A
汇知信（成都）教育科技有限公司,90,A
汉林汇融（成都）科技服务有限公司,90,A
江苏九章世纪安全技术有限公司,90,A
江苏双利合谱科技有限公司,100,A
江苏奇点闪耀科技有限公司,100,A
江苏布鲁艾斯科技有限公司,90,A
江苏掌中悦动科技有限公司,90,A
江阴云中电子科技有限公司,90,A
沁华（成都）科技有限公司,90,A
沈阳岚飒信息科技有限公司,90,A
沈阳市完美私人云网络科技有限公司,90,A
沈阳市潢洋网络科技有限公司,90,A
沈阳市纳嘉达生物科技有限公司,90,A
沈阳莲舟网络科技有限公司,90,A
沈阳青舟科技有限公司,90,A
沛县三合汇力科技有限公司,90,A
沛县千忆达科技有限公司,90,A
沛县美达林科技有限公司,90,A
油冉科技（成都）有限公司,90,A
法赫光学科技（成都）有限公司,90,A
泗阳益寿源农业科技有限公司,90,A
泗阳逍遥谷科技有限公司,90,A
泛悦供应链科技（成都）有限公司,100,A
泰富特钢悬架（成都）有限公司,100,A
泽尼特泵业成都有限公司,100,A
洞天数链（成都）科技有限公司,90,A
洲际海峡环保工程（成都）有限公司,90,A
洲际海峡能源科技有限公司,100,A
活跃网络（成都）有限公司,100,A
流量海科技成都有限公司,85,B
济宁临友文化传播有限公司,90,A
济宁和匠文化科技有限公司,90,A
济宁波罗蜜信息科技有限公司,90,A
济宁浩淼教育咨询有限公司,90,A
济宁潜楠信息科技有限公司,90,A
济宁熹安科技信息有限公司,90,A
济宁茂顺信息技术有限公司,90,A
济宁黎子光科技信息有限公司,90,A
济通智能装备股份有限公司,100,A
浙江莱斯特真空装备有限公司,90,A
浙江铝拓科技有限公司,90,A
浦恩通信技术有限责任公司,100,A
浩泰智能（成都）科技有限公司,90,A
海伯利安（成都）航空科技有限公司,90,A
海信（成都）冰箱有限公司,100,A
海创云出海计算技术（成都）有限公司,90,A
海创药业股份有限公司,100,A
海南冰石科技有限公司,90,A
海南墨次元文化传播有限公司,90,A
海南炎昊信息技术有限公司,100,A
海南鑫锦城科技有限公司,90,A
海尔生物医疗科技（成都）有限公司,100,A
海尼肯智能技术成都有限公司,100,A
海检检测（四川）有限公司,90,A
海诺尔环保产业股份有限公司,80,B
海豚乐智科技（成都）有限责任公司,90,A
液空厚普氢能源装备有限公司,100,A
淄博唯之乐科技有限公司,90,A
淄博星浦晟科技有限公司,90,A
淄博格顿科技有限公司,90,A
淄博永信毅财税咨询有限公司,90,A
淄博绮安璐环保科技有限公司,90,A
淘花运科技（成都）有限公司,90,A
淮安零卡网络科技有限公司,90,A
深信产教融合（成都）科技有限公司,90,A
深图医疗科技（成都）有限公司,90,A
深圳市乐望崇智科技有限公司,90,A
深圳市甲士智能科技有限公司,100,A
深思慧聚（成都）科技有限公司,90,A
深海华科（成都）环保科技有限公司,90,A
清云智通（成都）科技有限公司,90,A
湖南弘毅天承知识产权有限公司,65,D
源单新材料科技（成都）有限责任公司,100,A
源电建设股份有限公司,60,D
溧阳京智惠科技有限公司,90,A
溧阳伟航众创科技有限公司,90,A
溧阳智擎脑云科技有限公司,90,A
溪流科技（成都）有限公司,90,A
滚水能源有限公司,85,B
滨州小朵朵网络科技有限公司,90,A
滨州市沾化区掌柜科技有限公司,90,A
滨州市锐文启程科技有限公司,90,A
滨州讯连教育科技有限公司,90,A
滨州金世梦智能科技有限公司,90,A
滨州鸿通杰信息技术服务有限公司,90,A
漫道青云（成都）国际贸易有限公司,90,A
潜行创新（成都）机器人科技有限公司,90,A
澜极云数（成都）科技有限公司,90,A
澜至电子科技（成都）有限公司,100,A
澜邦科技（成都）集团有限公司,90,A
澳新银行营运服务（成都）有限公司,100,A
澳湾信息技术（成都）有限公司,100,A
瀚力科技（成都）有限公司,90,A
瀚博创芯半导体（成都）有限公司,90,A
瀚广云视（成都）科技有限公司,75,C
炳森宏业集团有限公司,100,A
炽墨幻境（成都）科技有限公司,90,A
烟台科洛伊信息科技有限公司,90,A
烟台秒领克信息科技有限公司,90,A
烟台马克来信息科技有限公司,90,A
热核游戏（成都）有限公司,90,A
烯寿科技（成都）有限公司,90,A
煜林国际项目管理有限公司,90,A
熊猫行科技有限公司,80,B
熙睿健康管理（成都）有限公司,90,A
燧原智能科技（成都）有限公司,90,A
爱佩仪测量设备有限公司,100,A
爱发科东方真空（成都）有限公司,95,A
爱斯特（成都）生物制药股份有限公司,100,A
爱舍环境科技（成都）有限公司,90,A
物联云仓（成都）科技有限公司,90,A
特云数智（成都）网络技术有限公司,100,A
特科罗生物科技（成都）有限公司,90,A
特纳韦思（四川）环境科技有限公司,100,A
特锐德西明电力有限公司,90,A
特雷西（成都）信息技术有限公司,100,A
玄汉科技（成都）有限公司,90,A
玩购星选（成都）科技有限公司,90,A
环太生物科技股份有限公司,100,A
环太生物科技股份有限公司,100,A
环太生物科技股份有限公司,100,A
环太生物科技股份有限公司,100,A
环管家科技有限公司,100,A
环诚智能装备（成都）有限公司,90,A
现代金融控股（成都）有限公司,80,B
珍维利实业成都有限公司,100,A
珩畅贸易（成都）有限公司,90,A
瑞地玛医学科技有限公司,40,E
瑞奥华科技工程（成都）有限公司,85,B
瑞思埃克（成都）新材料科技有限责任公司,90,A
瑞星久宇燃气设备（成都）有限公司,100,A
瑞星久宇燃气设备（成都）有限公司,100,A
瑞星久宇燃气设备（成都）有限公司,100,A
瑞盎（成都）智能科技有限公司,90,A
瑞科同创电力工程设计有限公司,100,A
瑞能电力有限公司,100,A
瑞英仕达（成都）科技有限公司,90,A
瑞萨集成电路成都有限公司,100,A
瑞鹏医疗器械成都有限公司,90,A
瓴盛科技有限公司,85,B
甘御兰集团有限公司,100,A
申昱环保科技股份有限公司,75,C
电信科学技术第五研究所有限公司,100,A
电信科学技术第五研究所有限公司,100,A
电信科学技术第五研究所有限公司,100,A
电子科大科园股份有限公司,100,A
电管家能源管理四川有限公司,95,A
畅加科技有限公司,100,A
畅时间（成都）网络技术有限公司,90,A
畜科生物工程有限公司,100,A
畜科生物工程有限公司,100,A
疆域康健创新医疗科技成都有限公司,90,A
百年旭康医疗器械有限公司,95,A
百年旭康医疗器械有限公司,95,A
百年旭康医疗器械有限公司,95,A
百欧兴认证服务（成都）有限公司,90,A
百源智联（成都）新能源科技有限公司,100,A
百辐网（成都）数据科技有限公司,90,A
盈佳云创科技（成都）有限公司,90,A
盈佳信联科技集团有限公司,80,B
盈泰精密模具（成都）有限公司,90,A
益企云科技股份有限公司,95,A
益企云科技股份有限公司,95,A
益加生物科技成都有限公司,100,A
益美康医生集团管理成都有限公司,90,A
盐城佰开鼎科技有限公司,90,A
盐城博虎科技有限公司,90,A
盐城双亚能源科技有限公司,90,A
盐城巴蛇科技有限公司,90,A
盐城市茗谈科技有限公司,90,A
盐城市鼎才网络科技有限公司,90,A
盐城思博方科技集团有限公司,90,A
盐城悦尔达门业科技有限公司,90,A
盐城惠康云科技有限公司,90,A
盐城星桥科技有限公司,90,A
盐城晟远致和信息技术咨询有限公司,90,A
盐城浪鲸智能科技有限公司,90,A
盐城温斯特科技有限公司,90,A
盐城港之丰科技有限公司,90,A
盐城玄米科技有限公司,90,A
盐城玖昕科技有限公司,90,A
盐城盐都区信际鑫科技有限公司,90,A
盐城祺畅科技有限公司,90,A
盐城金佳信软件有限公司,90,A
盐城鑫尔瑞科技有限公司,90,A
盐城顺科享科技有限责任公司,90,A
盐城黑白壹捌陆玖科技有限公司,90,A
盐城龙德信科技有限公司,90,A
盖世互娱（成都）科技有限公司,100,A
盘它宠物用品成都有限公司,90,A
盛世创客（成都）科技有限公司,90,A
盛世华虹（成都）新能源科技有限公司,90,A
盛雨露科技（成都）有限公司,95,A
目库信息技术（成都）有限公司,90,A
直面科技（成都）有限公司,100,A
睿思易（成都）科技有限责任公司,90,A
知几未来（成都）临床医学检验有限公司,90,A
知几未来（成都）生物科技有限公司,100,A
知行良知实业股份有限公司,100,A
知行良知实业股份有限公司,100,A
知行良知实业股份有限公司,100,A
知行良知实业股份有限公司,100,A
矩能协同（成都）智能科技有限公司,90,A
石榴籽科技有限公司,100,A
矽瞻科技（成都）有限公司,90,A
硅科锐达信息技术成都有限公司,100,A
社治无忧（成都）智慧科技有限公司,100,A
神光光学集团有限公司,85,B
神州畅行（成都）科技有限公司,70,C
神州绿盟成都科技有限公司,100,A
祥昇建工有限公司,90,A
祺信科技（成都）有限公司,90,A
福德机器人（成都）有限责任公司,90,A
福瑞升（成都）科技有限公司,100,A
福记社水漆有限公司,100,A
禹勤工程设计咨询有限公司,100,A
禾田空间发展集团有限公司,100,A
科佳行科技（成都）有限公司,90,A
科创兴德信息技术（成都）有限公司,90,A
科创通成都股份有限公司,90,A
科图建筑规划设计股份有限公司,100,A
科学出版社成都有限责任公司,100,A
科来网络技术股份有限公司,100,A
科源互联成都网络科技有限公司,90,A
税嘟智库信息科技成都有限公司,90,A
空山科技有限公司,100,A
空间信息产业发展股份有限公司,70,C
空间信息产业发展股份有限公司,70,C
空间信息产业发展股份有限公司,60,D
竞技世界（成都）网络技术有限公司,100,A
童蒙雅正科技（成都）有限公司,90,A
竹蜻蜓智能科技有限公司,90,A
第六镜科技（成都）有限公司,100,A
筑梦远航（成都）企业管理咨询有限公司,100,A
简码数智（成都）科技有限公司,90,A
简阳市中原低温设备配套有限公司,95,A
简阳市兴业游艇贸易有限公司,100,A
简阳市合瑞毛叶山桐子种植专业合作社,90,A
简阳市大众养殖有限责任公司,100,A
简阳市大通九塑料制品有限公司,90,A
简阳市平息乡太安茂香种植专业合作社,90,A
简阳市晋氏农业专业合作社,90,A
简阳市江源面业有限公司,85,B
简阳市瑞东机械有限公司,100,A
简阳市飞驰汽车零部件有限责任公司,100,A
简阳市马厚德食品有限公司,90,A
简阳希望创美环保有限公司,85,B
简阳智蜂商务信息咨询有限公司,90,A
简阳绿杉新能源设备有限公司,100,A
简阳蜀新机车配件有限公司,90,A
米拍（成都）视觉科技有限公司,100,A
精创石溪科技（成都）有限公司,90,A
精华药业（成都）有限公司,90,A
精湛设备维保（成都）有限公司,90,A
索娱（成都）科技有限公司,90,A
索安赛数据（成都）有限公司,90,A
索尔思光电（成都）有限公司,70,C
索思航空设备（重庆）有限公司,80,B
索谱科技（成都）有限公司,100,A
紫荆花制漆（成都）有限公司,100,A
紫金诚征信有限公司,90,A
红塔塑胶（成都）有限公司,100,A
纳爱斯成都有限责任公司,95,A
纳米维景（成都）科技有限公司,90,A
纳能微电子（成都）股份有限公司,100,A
纵横壹旅游科技（成都）有限公司,90,A
纽奥维特（成都）生物科技有限公司,90,A
纽海智能科技（成都）有限公司,85,B
绎达咨询（成都）股份有限公司,100,A
经纬天下网络科技成都有限公司,90,A
维塔士电脑软件（成都）有限公司,100,A
维布络信息科技（成都）有限公司,100,A
维格斯（成都）智能流体设备有限公司,100,A
维欧教育科技（成都）有限公司,85,B
维正通（成都）信息科技有限责任公司,100,A
维谆科技（四川）有限公司,90,A
绽壳（成都）科技有限公司,90,A
绽妍生物科技股份有限公司,100,A
绿尾虹雉（成都）机电工程有限公司,100,A
绿港环境资源股份公司,100,A
绿膜流体技术（成都）有限责任公司,90,A
编程空间科技（成都）有限公司,90,A
网众验房（成都）科技有限公司,85,B
网众验房（成都）科技有限公司,95,A
网众验房（成都）科技有限公司,95,A
美华世纪（成都）科技有限公司,90,A
美华尚医（成都）生物科技有限公司,90,A
美华码医（成都）科技有限责任公司,90,A
美来愿景（成都）科技发展有限责任公司,90,A
美械宝医美平台科技成都有限公司,90,A
美视达科技有限公司,95,A
美讯慧云科技（成都）有限公司,90,A
美颅科技（成都）有限责任公司,90,A
翰东技术有限公司,90,A
翰克偲诺水务集团有限公司,100,A
翼畅行科技有限公司,100,A
老肯医疗科技股份有限公司,90,A
耍电科技（成都）有限公司,90,A
职评网（四川）科技有限公司,100,A
联创基业科技成都有限公司,100,A
联发芯软件设计（成都）有限公司,100,A
联合建业信息技术（成都）有限公司,90,A
联新瀚华医院管理（成都）有限公司,100,A
联联永创科技（成都）有限公司,80,B
联通高新大数据人工智能科技（成都）有限公司,90,A
联通（四川）产业互联网有限公司,100,A
聚合极致科技有限公司,90,A
聚祥和农业科技股份有限公司,90,A
聪猫实业有限公司,90,A
肯天科技集团有限公司,100,A
肯天（成都）信息技术有限公司,90,A
育乐软件（成都）有限公司,100,A
育美科技有限公司,90,A
能信创享（成都）科技有限公司,90,A
腾讯科技（成都）有限公司,100,A
腾跃建工集团有限公司,100,A
膳米科技（成都）有限公司,100,A
自由梦想（成都）信息技术有限公司,90,A
至源拓土科技集团有限公司,100,A
至源拓土科技集团有限公司,100,A
致孵（成都）教育科技有限公司,90,A
舒美奇成都生物科技有限公司,100,A
航天科工微电子系统研究院有限公司,100,A
航天科工通信技术研究院有限责任公司,100,A
航瑞科技股份有限公司,95,A
良昌库（成都）科技有限公司,90,A
良栖科技成都有限公司,100,A
艳阳天乐（成都）文化传播有限公司,90,A
艾小喜（四川省）食品有限公司,90,A
艾尔建（成都）医疗美容诊所有限公司,90,A
艾布朗智能科技成都有限公司,90,A
艾普瑞工程集团有限公司,100,A
艾杰加（成都）科技有限责任公司,100,A
艾格斯瑞（成都）仪器设备有限公司,90,A
艾瑞（成都）排放控制技术有限公司,100,A
艾蒙特成都新材料科技有限公司,90,A
艾视医疗科技成都有限公司,100,A
艾诺克（成都）机械制造有限公司,100,A
艾诺格成都科技有限责任公司,100,A
艾迪升（成都）科技服务有限公司,90,A
艾邦智汇（成都）科技有限公司,90,A
艾默生自动化流体控制（四川）有限公司,100,A
艾默生自动化流体控制（四川）有限公司,100,A
艾默生自动化流体控制（四川）有限公司,100,A
芯众享（成都）微电子有限公司,85,B
芯原微电子（成都）有限公司,100,A
芯火微测（成都）科技有限公司,90,A
芯翼成科技（成都）有限公司,90,A
芯聚威科技（成都）有限公司,90,A
芯蓉光科（成都）信息技术有限公司,90,A
花田夕下科技（成都）有限公司,90,A
芳华先进云应力检测控制技术（成都）有限公司,100,A
芸间互动（成都）科技有限公司,90,A
苏发建设投资有限公司,85,B
苏州一元万数科技有限公司,90,A
苏州乐数智捷科技有限公司,90,A
苏州云益德科技有限公司,90,A
苏州冠邦盛世科技有限公司,90,A
苏州利丰智联科技有限公司,90,A
苏州劦波仿真科技有限公司,80,B
苏州叱诧科技有限公司,90,A
苏州慧财智科技有限公司,90,A
苏州珠峰光圈电子科技有限公司,90,A
苏州瑞数创科技有限公司,90,A
苏州锐杰微科技集团有限公司,90,A
苏州顶想网络科技有限公司,90,A
苏打出行成都交通科技有限公司,100,A
英博智云（成都）科技有限公司,90,A
英斯特哈博成都科技有限公司,80,B
英柯杰智能设备（成都）有限公司,100,A
英泰创见（成都）科技有限公司,90,A
英特尔产品（成都）有限公司,100,A
英诺微（成都）电子有限公司,90,A
英飞睿（成都）微系统技术有限公司,90,A
茂烨厚德科技（成都）有限公司,70,C
茂维科技（成都）有限公司,90,A
茂芯半导体技术（成都）有限公司,90,A
荃豆数字科技有限公司,90,A
荣科信创（成都）科技有限公司,90,A
药凰生物医药科技（成都）有限公司,90,A
药小鹿（成都）数字营销策划有限公司,90,A
药融云数字科技（成都）有限公司,90,A
菲比斯微波技术成都有限公司,100,A
菲罗科技成都有限公司,90,A
菲诺氪斯（西安）科技有限公司,100,A
萃联（中国）消防设备制造有限公司,85,B
营养屋（成都）生物医药有限公司,80,B
葛洲坝易普力四川爆破工程有限公司,100,A
葛洲坝石油天然气工程有限公司,90,A
蒲江原乡现代农业有限公司,100,A
蒲迅技术有限公司,100,A
蓉漂荟（成都）科技有限公司,90,A
蓉艺（成都）文化创意有限公司,100,A
蓝星（成都）新材料有限公司,95,A
蓝析科技（成都）有限公司,100,A
蓝盔环境治理集团有限公司,80,B
蓝色火焰科技成都有限公司,90,A
薇信和他的小伙伴们成都信息技术有限公司,85,B
薪乐付科技集团有限公司,90,A
藤野（成都）科技有限公司,90,A
虹华科技股份有限公司,95,A
蚂蚁蓉信（成都）网络科技有限公司,100,A
蛋泵科技（成都）有限公司,90,A
蜀恒源实业成都有限公司,90,A
蜀都舱食品科技（简阳）有限公司,90,A
蜂鸟智造（成都）科技有限公司,100,A
蝌动科技（成都）有限公司,90,A
融汇项目管理有限公司,100,A
行愿环保科技有限公司,90,A
西南化工研究设计院有限公司,85,B
西南技术物理研究所,100,A
西南智慧时代（四川）有限公司,100,A
西南联合产权交易所有限责任公司,90,A
西南航空港建设有限公司,100,A
西悉思维（成都）工程设计咨询有限公司,95,A
西梅卡亚洲气体系统成都有限公司,100,A
西梅子科技（四川）有限公司,90,A
西点科创（成都）生物科技有限公司,100,A
西石大环保科技（成都）有限公司,90,A
西藏中轨科技有限责任公司,80,B
西藏成标合科技有限公司,90,A
西藏雷荆科技有限公司,90,A
见好物（成都）传媒科技有限公司,90,A
觅孕健康咨询成都有限公司,90,A
觅租（成都）科技有限公司,100,A
视可视科技集团有限公司,100,A
视途信息技术（成都）有限公司,100,A
誉农智汇（成都）农业科技发展集团有限公司,90,A
讯思科技有限公司,85,B
讯视云联信息技术成都有限公司,80,B
诚鹏电力科技有限公司,100,A
诺基亚通信（成都）有限公司,100,A
诺峰药业（成都）有限公司,90,A
诺比侃人工智能科技（成都）股份有限公司,100,A
诺辞科技成都有限公司,100,A
谱尼测试集团四川有限公司,100,A
谱慧生物科技成都有限公司,100,A
谱研技术服务邳州有限公司,90,A
谷多多（成都）科技有限公司,90,A
豆蕊米（成都）农业科技集团有限公司,95,A
豪符密码检测技术（成都）有限责任公司,100,A
豹赞（成都）科技发展有限公司,90,A
贝壳林（成都）信息科技有限公司,90,A
贝泰福医疗科技成都有限公司,100,A
质像（成都）科技有限公司,90,A
质数链网科技成都有限公司,80,B
质递易（成都）科技有限公司,90,A
资阳城艺汇美科技有限公司,90,A
资阳视腾信息技术有限公司,90,A
赋能信息科技（成都）有限公司,100,A
赛博飞鱼（成都）科技有限公司,100,A
赛尔托马斯生物科技（成都）有限公司,90,A
赛德特生物制药有限公司,90,A
赛斯太德（成都）科技有限公司,90,A
赛洛克流体设备成都有限公司,100,A
赛诺交科智能交通技术（成都）有限公司,100,A
赛诺哈勃药业（成都）有限公司,100,A
赛雷纳（中国）医疗科技有限公司,90,A
赤线科技（成都）有限公司,90,A
赫比（成都）精密塑胶制品有限公司,100,A
赶紧拍文化发展有限公司,90,A
超网实业（成都）股份有限公司,100,A
超视距（南京）科技有限责任公司,80,B
超讯数字科技有限公司,90,A
跑哪儿科技（成都）有限公司,90,A
跑步工厂科技（成都）有限公司,90,A
路图科技（成都）有限公司,100,A
车城智行信息技术（成都）有限公司,100,A
车路通科技（成都）有限公司,90,A
软安科技有限公司,90,A
软通动力信息技术集团成都科技有限公司,100,A
辅成微电子科技（成都）有限责任公司,90,A
辛辣天赛（成都）互联网科技有限公司,90,A
辰星仪表（成都）有限公司,90,A
辰木互动科技（成都）有限公司,90,A
边城机器人科技（成都）有限公司,90,A
达佰利科技（成都）有限公司,90,A
达实智能科技（成都）有限公司,90,A
达而观数据（成都）有限公司,90,A
达闼机器人（成都）有限公司,90,A
达闼科技成都有限公司,100,A
迅博建设工程有限公司,100,A
迅鳐成都科技有限公司,100,A
迈克医疗电子有限公司,100,A
迈克医疗电子有限公司,100,A
迈克医疗电子有限公司,100,A
迈克生物股份有限公司,95,A
迈克生物股份有限公司,95,A
迈克生物股份有限公司,95,A
迈威迩电子科技（成都）有限公司,100,A
迈德康维科技（成都）有限公司,90,A
迈普通信技术股份有限公司,100,A
迈格仪表（成都）有限公司,100,A
运鑫智能装备（成都）有限公司,100,A
连云港中科启达网络科技有限公司,90,A
迪威弗智能装备集团有限公司,100,A
通威太阳能（成都）有限公司,100,A
通威新能源工程设计四川有限公司,100,A
通威（成都）三文鱼有限公司,100,A
通威（成都）水产食品有限公司,95,A
通捷建设有限公司,95,A
通瑞生物制药（成都）有限公司,90,A
速努（成都）信息科技有限公司,90,A
速捷电梯有限公司,100,A
逸阳科技（成都）有限公司,90,A
道尔（成都）大数据科技有限公司,90,A
道臣物流集团有限公司,80,B
道赟有限公司,90,A
道达电动车制造成都有限公司,95,A
道隆和（四川）科技有限公司,90,A
邛崃市恒晰通讯器材有限公司,90,A
邛崃市欣凡尔阀业有限公司,100,A
邛崃市蟲鑫蜂业专业合作社,100,A
邛崃市鞍桥养殖有限公司,100,A
邛崃驰阳农牧科技有限公司,95,A
郫县光谷咖啡创业投资服务有限公司,100,A
郫县恒星调味品有限公司,95,A
郫县特凯思机器人科技有限公司,90,A
郫县鑫弈科技有限公司,90,A
都汇康健（成都）医疗科技有限公司,100,A
都江堰光明光电材料有限责任公司,100,A
都江堰大河科技有限公司,100,A
都江堰天赐猕源农业有限公司,95,A
都江堰宁江宗汇精密小型蜗杆有限责任公司,100,A
都江堰实强科技有限公司,80,B
都江堰市冷水鱼试验场,90,A
都江堰市创盈科技有限公司,100,A
都江堰市天兴硅业有限责任公司,100,A
都江堰市恒通磁电有限公司,100,A
都江堰市星原机械设备有限公司,90,A
都江堰市永兴机械有限责任公司,100,A
都江堰市江宁机械有限公司,100,A
都江堰市苏彭新材料科技有限公司,90,A
都江堰市超越机械制造有限公司,95,A
都江堰市金盾防护设备有限责任公司,100,A
都江堰市青城山大道实业有限公司,95,A
都江堰建业安防火门科技有限公司,80,B
都江堰新联水产养殖有限公司,100,A
都江堰清天新材料技术有限责任公司,100,A
都江堰煜洋广告有限公司,100,A
都江堰瑞泰科技有限公司,100,A
都江堰福润肉类加工有限公司,70,C
都江堰鑫鑫渔业农民专业合作社,80,B
酷儒（成都）网络科技有限公司,80,B
酷鲨（成都）科技有限公司,90,A
醍摩豆（成都）信息技术有限公司,100,A
重庆奎竣农业股份有限公司,90,A
重庆尚友森网络科技有限公司,90,A
重庆巨能建设集团四川有限公司,85,B
重庆捷裕维科技有限公司,90,A
重庆聚慧华科技有限公司,90,A
重庆良锦逸科技有限公司,90,A
重庆随翔互渔网络科技有限公司,90,A
重明鸟通用航空服务（成都）有限责任公司,90,A
量质源检测有限公司,100,A
金叶工程项目管理有限公司,80,B
金品冠科技集团有限公司,100,A
金堂海天水务有限公司,100,A
金宏达特种装备器材有限公司,90,A
金宸智造（成都）科技有限公司,100,A
金惠家信息技术有限公司,100,A
金惠家科技有限公司,100,A
金惠家科技有限公司,100,A
金杯电工（成都）有限公司,100,A
金杰融和成都电力有限公司,90,A
金橘子科技（成都）有限责任公司,90,A
金源鸿食品集团有限公司,90,A
金言实业集团有限公司,90,A
金镞峰能源装备（四川）有限公司,100,A
鑫易科技集团有限公司,75,C
鑫油科技有限公司,100,A
鑫辉智云集团有限公司,100,A
钢信数智科技（成都）有限责任公司,90,A
钢宝电子商务有限公司,90,A
钢研纳克成都检测认证有限公司,100,A
钦原科技有限公司,100,A
银升科技（四川）集团有限公司,100,A
银河共识（成都）科技有限公司,90,A
银高（成都）数据科技有限公司,90,A
链众科技（成都）有限公司,80,B
链博（成都）科技有限公司,90,A
锐度设计集团有限公司,100,A
锦华韦尔成都科技有限公司,90,A
长兴化学工业（成都）有限公司,100,A
长日科技成都有限公司,90,A
长瑞数智科技（四川）有限公司,100,A
长睿生物技术（成都）有限公司,90,A
长鹰恒容电磁科技（成都）有限公司,90,A
闲徕互娱（成都）网络科技有限公司,100,A
阔天科技有限公司,90,A
阜长检测技术有限公司,60,D
阳光岛科技成都有限公司,90,A
阳盾科技（成都）有限公司,90,A
阿奥艾斯能源科技成都有限公司,90,A
阿旺斯半导体成都有限公司,100,A
阿特菲斯（成都）信息技术有限公司,90,A
阿里巴巴（成都）软件技术有限公司,100,A
陕西康翊科技有限公司,90,A
陕西田品科技有限公司,90,A
隆生国际建设集团有限公司,90,A
隆盛穗安科技（四川）有限公司,90,A
雅天智新（成都）科技有限公司,90,A
集奥聚合（成都）人工智能科技有限公司,60,D
雨云智建（成都）科技有限公司,90,A
零区块（成都）科技有限公司,90,A
零壹核芯科技成都有限责任公司,90,A
零维度（成都）科技有限责任公司,90,A
青町发展有限公司,90,A
青紫蓝（成都）科技有限公司,90,A
青蜂侠（成都）科技有限公司,90,A
非同（成都）生物科技有限公司,100,A
面试小助手人工智能科技（成都）有限公司,90,A
音泰思计算机技术（成都）有限公司,100,A
顶石健康科技（成都）有限公司,90,A
项管云（成都）大数据科技有限公司,90,A
领保科技（成都）有限公司,100,A
领充创享（成都）新能源科技有限公司,90,A
领先接地数字技术（成都）有限公司,90,A
领创绿舍科技（成都）有限公司,90,A
领点科技（成都）有限公司,90,A
领视科技成都有限公司,100,A
风羽气象科技（成都）有限公司,90,A
风荞生物科技（成都）有限公司,90,A
风通动力环境科技（成都）有限公司,80,B
风都科技发展（苏州）有限公司,90,A
飒思（成都）科技有限公司,100,A
飞循智航（成都）科技有限公司,90,A
飞流九天成都科技有限公司,50,E
飞鱼智融科技（成都）有限公司,90,A
首辅工程设计有限公司,90,A
马士基信息处理（成都）有限公司,100,A
高原牧歌（成都）科技有限公司,90,A
高漠生态环境科技有限公司,90,A
高科农种子有限公司,100,A
高诗新材料股份有限公司,90,A
魔瞳科技（成都）有限公司,90,A
鱼鳞图信息技术股份有限公司,85,B
鸿冠星科技（成都）有限公司,100,A
鸿天创兴集团有限公司,85,B
鸿泰华瑞科技集团有限公司,90,A
鸿聚源科技（成都）有限公司,85,B
鸿诚智慧大数据服务成都有限公司,90,A
鹏博士电信传媒集团股份有限公司,65,D
鹞视科技（成都）有限公司,90,A
麦可思数据科技（成都）有限公司,100,A
麦可思数据（成都）有限公司,100,A
麦润智能科技成都有限公司,90,A
麦莫斯成都科技有限公司,90,A
黑芝麻智能科技（成都）有限公司,90,A
黑蜂网络技术有限公司,90,A
鼎立九州质检技术服务有限公司,100,A
龙口市像风一样电子科技有限公司,80,B
龙存（成都）科技有限公司,90,A
龙腾数科科技（成都）有限公司,90,A
龙芯中科（成都）技术有限公司,90,A
